qseqid	sseqid	pident	length	qlen	slen	qstart	qend	sstart	send	evalue	bitscore
158698	AFDB:AF-A0A828T520-F1	100.000	483	483	483	1	483	1	483	0.0	930
187809	AFDB:AF-Q5LRV1-F1	100.000	201	201	201	1	201	1	201	2.22e-145	411
187588	AFDB:AF-Q28MD6-F1	100.000	201	201	201	1	201	1	201	1.28e-147	417
206049	AFDB:AF-R7XM44-F1	100.000	63	63	63	1	63	1	63	5.91e-36	124
163226	AFDB:AF-I7GCH3-F1	100.000	183	183	183	1	183	1	183	1.33e-126	362
210239	AFDB:AF-P16050-F1	100.000	661	878	662	1	661	2	662	0.0	1362
170027	AFDB:AF-A0A4S2VG63-F1	100.000	500	500	500	1	500	1	500	0.0	972
217467	AFDB:AF-Q4V9J0-F1	100.000	338	338	338	1	338	1	338	0.0	707
152787	AFDB:AF-A2CDE6-F1	100.000	241	241	241	1	241	1	241	2.23e-174	488
205286	AFDB:AF-Q12GN0-F1	100.000	108	108	108	1	108	1	108	1.62e-74	225
225112	AFDB:AF-P27695-F1	100.000	287	287	318	1	287	32	318	0.0	596
227152	AFDB:AF-Q5G8B9-F1	100.000	626	626	847	1	626	195	820	0.0	1297
154441	AFDB:AF-B2HID9-F1	100.000	272	272	272	1	272	1	272	0.0	550
154530	AFDB:AF-C6VV42-F1	100.000	373	373	373	1	373	1	373	0.0	780
110838	AFDB:AF-A0A656SFS1-F1	99.375	160	160	262	1	160	103	262	5.48e-113	330
144546	AFDB:AF-A0A083ZR72-F1	100.000	396	396	396	1	396	1	396	0.0	799
12483	AFDB:AF-Q5V198-F1	100.000	143	143	143	1	143	1	143	3.59e-96	282
132669	AFDB:AF-A0A7R7YHU6-F1	100.000	370	370	370	1	370	1	370	0.0	694
158669	AFDB:AF-Q15XS7-F1	100.000	528	528	528	1	528	1	528	0.0	1073
53516	AFDB:AF-A0A496D140-F1	100.000	273	273	294	1	273	22	294	0.0	570
78437	AFDB:AF-F4VJ08-F1	100.000	375	375	375	1	375	1	375	0.0	778
249307	AFDB:AF-B2RRU7-F1	100.000	341	341	341	1	341	1	341	0.0	696
168841	AFDB:AF-A0A6A7JUQ4-F1	100.000	314	314	314	1	314	1	314	0.0	639
108263	AFDB:AF-Q5M6A9-F1	100.000	212	212	212	1	212	1	212	3.51e-153	432
155676	AFDB:AF-A0A0E0ULZ1-F1	100.000	398	398	398	1	398	1	398	0.0	796
287614	AFDB:AF-Q4Q7X6-F1	100.000	324	324	324	1	324	1	324	0.0	658
61569	AFDB:AF-R4UQK2-F1	100.000	187	187	283	1	187	20	206	4.25e-129	373
166456	AFDB:AF-A0A7I8GXE3-F1	99.725	363	363	363	1	363	1	363	0.0	745
12677	AFDB:AF-A4G0K2-F1	100.000	343	343	343	1	343	1	343	0.0	701
158745	AFDB:AF-Q8XXD7-F1	100.000	186	186	186	1	186	1	186	5.07e-132	376
188173	AFDB:AF-A0A0H3CA70-F1	100.000	278	278	278	1	278	1	278	0.0	564
108529	AFDB:AF-A0A6N4SQR1-F1	100.000	458	458	458	1	458	1	458	0.0	939
252263	AFDB:AF-Q80VC9-F1	99.920	1252	1252	1252	1	1252	1	1252	0.0	2509
22709	AFDB:AF-A0A6H9IDZ1-F1	100.000	729	729	729	1	729	1	729	0.0	1505
166365	AFDB:AF-Q9RYE0-F1	100.000	452	452	452	1	452	1	452	0.0	900
169596	AFDB:AF-Q6NAG8-F1	100.000	376	376	376	1	376	1	376	0.0	767
169056	AFDB:AF-Q829Q0-F1	100.000	269	269	269	1	269	1	269	0.0	547
180427	AFDB:AF-Q9CD57-F1	100.000	142	142	142	1	142	1	142	8.63e-97	284
12598	AFDB:AF-Q6LZ74-F1	100.000	604	604	604	1	604	1	604	0.0	1231
11715	AFDB:AF-A0A832T3X8-F1	100.000	506	506	506	1	506	1	506	0.0	1035
108282	AFDB:AF-A0A4Z2SS70-F1	100.000	230	230	230	1	230	1	230	1.19e-168	473
53979	AFDB:AF-A6LBN4-F1	100.000	307	307	334	1	307	28	334	0.0	640
166513	AFDB:AF-A0A2S8D4E4-F1	100.000	484	484	484	1	484	1	484	0.0	989
156696	AFDB:AF-Q92PU6-F1	100.000	129	129	129	1	129	1	129	1.33e-87	259
156569	AFDB:AF-Q92QJ4-F1	100.000	924	924	924	1	924	1	924	0.0	1861
29795	AFDB:AF-B7ZJB8-F1	100.000	469	469	469	1	469	1	469	0.0	952
115694	AFDB:AF-A0A831IXT9-F1	100.000	258	258	258	1	258	1	258	0.0	531
217375	AFDB:AF-E7FDS1-F1	100.000	232	232	236	1	232	5	236	3.99e-173	484
30709	AFDB:AF-Q8UK04-F1	100.000	179	179	179	1	179	1	179	5.04e-131	373
153871	AFDB:AF-Q1H0I0-F1	100.000	402	402	402	1	402	1	402	0.0	828
152330	AFDB:AF-A2C0K2-F1	100.000	280	280	280	1	280	1	280	0.0	558
289792	AFDB:AF-A0A4X2LB97-F1	80.597	201	201	318	1	201	34	232	7.72e-115	338
26726	AFDB:AF-A1JLG3-F1	100.000	118	118	118	1	118	1	118	9.38e-83	246
32350	AFDB:AF-Q5LLX8-F1	100.000	549	549	549	1	549	1	549	0.0	1139
201231	AFDB:AF-A0A6P1VIM8-F1	100.000	194	194	194	1	194	1	194	1.31e-139	396
169849	AFDB:AF-A0A085PQA0-F1	99.824	568	568	568	1	568	1	568	0.0	1176
158328	AFDB:AF-W8HTH0-F1	100.000	582	582	582	1	582	1	582	0.0	1160
144606	AFDB:AF-A0A174QR52-F1	100.000	368	368	368	1	368	1	368	0.0	757
26238	AFDB:AF-O67990-F1	100.000	628	628	628	1	628	1	628	0.0	1310
152077	AFDB:AF-A7IFK0-F1	100.000	732	732	732	1	732	1	732	0.0	1492
156763	AFDB:AF-Q92PJ2-F1	100.000	112	112	112	1	112	1	112	2.88e-75	227
155408	AFDB:AF-F7XBI4-F1	100.000	229	229	229	1	229	1	229	1.37e-171	480
58615	AFDB:AF-A0A380Z9B6-F1	100.000	346	346	356	1	346	11	356	0.0	717
217617	AFDB:AF-M2WWJ2-F1	92.969	256	303	241	1	256	1	238	3.99e-168	475
154453	AFDB:AF-B2HDM4-F1	100.000	288	288	288	1	288	1	288	0.0	578
149884	AFDB:AF-A0A222JWB5-F1	100.000	986	986	986	1	986	1	986	0.0	1972
109816	AFDB:AF-C6SFC9-F1	98.883	179	179	267	1	179	89	267	4.02e-129	372
11694	AFDB:AF-F2Z6E6-F1	100.000	566	566	566	1	566	1	566	0.0	1160
60151	AFDB:AF-A0A6A2GNX6-F1	100.000	337	337	355	1	337	19	355	0.0	703
78657	AFDB:AF-A1JSR8-F1	100.000	115	115	120	1	115	1	115	1.10e-76	231
182708	AFDB:AF-H6PV50-F1	100.000	420	420	420	1	420	1	420	0.0	867
160352	AFDB:AF-C8WMA7-F1	100.000	415	415	415	1	415	1	415	0.0	844
156533	AFDB:AF-A0A220MUW1-F1	100.000	191	191	191	1	191	1	191	5.74e-136	387
12791	AFDB:AF-Q9HL86-F1	100.000	323	323	328	1	323	6	328	0.0	651
87724	AFDB:AF-A0A0D5NCH2-F1	100.000	412	412	531	1	412	120	531	0.0	828
168523	AFDB:AF-A9CHM7-F1	99.878	818	818	818	1	818	1	818	0.0	1676
153843	AFDB:AF-Q2G7S4-F1	100.000	807	807	807	1	807	1	807	0.0	1652
153936	AFDB:AF-A0A6N4SPN2-F1	100.000	397	397	397	1	397	1	397	0.0	828
153101	AFDB:AF-Q9KD04-F1	100.000	923	923	923	1	923	1	923	0.0	1919
194236	AFDB:AF-A0A1V3SVH3-F1	100.000	140	140	140	1	140	1	140	3.73e-100	292
155670	AFDB:AF-A0A7X1YFL6-F1	100.000	172	172	172	1	172	1	172	1.14e-125	359
45652	AFDB:AF-Q97H19-F1	100.000	434	434	434	1	434	1	434	0.0	897
48553	AFDB:AF-A0A1X9TT27-F1	95.699	186	219	578	1	186	1	186	2.09e-116	352
152286	AFDB:AF-A9B9F0-F1	100.000	201	201	201	1	201	1	201	9.27e-143	405
155807	AFDB:AF-Q92Y82-F1	100.000	302	302	302	1	302	1	302	0.0	627
149405	AFDB:AF-E6MVC7-F1	100.000	162	162	162	1	162	1	162	6.02e-114	329
209702	AFDB:AF-A0A7L5MJC9-F1	100.000	308	308	308	1	308	1	308	0.0	624
154908	AFDB:AF-Q5NL25-F1	100.000	384	384	384	1	384	1	384	0.0	781
104574	AFDB:AF-Q82UA1-F1	100.000	230	230	481	1	230	235	464	1.62e-161	464
107933	AFDB:AF-R3I107-F1	100.000	183	183	183	1	183	1	183	2.43e-132	377
218334	AFDB:AF-N1PA22-F1	100.000	109	109	109	1	109	1	109	2.55e-71	217
209010	AFDB:AF-O51675-F1	100.000	261	261	261	1	261	1	261	0.0	519
249959	AFDB:AF-O60711-F1	100.000	386	386	386	1	386	1	386	0.0	804
166465	AFDB:AF-A4JV08-F1	99.576	236	236	236	1	236	1	236	1.01e-172	483
251141	AFDB:AF-A5E450-F1	100.000	432	432	432	1	432	1	432	0.0	889
23879	AFDB:AF-J0DRK3-F1	100.000	431	431	431	1	431	1	431	0.0	877
11639	AFDB:AF-Q97AD3-F1	100.000	377	377	377	1	377	1	377	0.0	768
219238	AFDB:AF-Q5CSB9-F1	100.000	313	313	313	1	313	1	313	0.0	640
30856	AFDB:AF-B1XB71-F1	100.000	489	489	489	1	489	1	489	0.0	1014
150114	AFDB:AF-Q92WX5-F1	100.000	188	188	188	1	188	1	188	8.67e-138	391
163086	AFDB:AF-A0A212GAJ1-F1	100.000	712	712	712	1	712	1	712	0.0	1474
152130	AFDB:AF-A7IIN0-F1	100.000	181	181	181	1	181	1	181	6.15e-124	355
50538	AFDB:AF-Q832Q3-F1	100.000	323	323	323	1	323	1	323	0.0	669
46922	AFDB:AF-Q3KCU9-F1	100.000	488	488	488	1	488	1	488	0.0	1005
47644	AFDB:AF-Q2RWL2-F1	100.000	207	207	207	1	207	1	207	7.22e-140	398
6483	AFDB:AF-A5UMG9-F1	100.000	398	398	398	1	398	1	398	0.0	813
151487	AFDB:AF-Q3J4D0-F1	100.000	591	591	591	1	591	1	591	0.0	1219
163452	AFDB:AF-Q1R0S1-F1	100.000	118	118	118	1	118	1	118	6.69e-82	244
206872	AFDB:AF-Q98MU4-F1	100.000	73	73	73	1	73	1	73	6.61e-45	147
152432	AFDB:AF-A2CCX6-F1	100.000	103	103	103	1	103	1	103	1.58e-66	204
223888	AFDB:AF-A0A286YDH1-F1	100.000	125	125	143	1	125	1	125	7.88e-84	250
32962	AFDB:AF-Q9KEP7-F1	100.000	252	252	252	1	252	1	252	0.0	511
206958	AFDB:AF-A0A735NLI3-F1	100.000	225	225	341	1	225	117	341	4.93e-167	473
205711	AFDB:AF-B8HHP9-F1	100.000	346	346	346	1	346	1	346	0.0	699
219374	AFDB:AF-Q4SK00-F1	100.000	373	373	373	1	373	1	373	0.0	770
80077	AFDB:AF-A0A0C6EUS3-F1	100.000	340	340	1176	1	340	496	835	0.0	678
210225	AFDB:AF-Q7TQD5-F1	100.000	608	608	773	1	608	166	773	0.0	1283
11591	AFDB:AF-M1PZW7-F1	100.000	246	246	246	1	246	1	246	0.0	506
154839	AFDB:AF-A0A8B3N075-F1	100.000	213	213	213	1	213	1	213	2.85e-153	432
144393	AFDB:AF-Q04H28-F1	100.000	228	228	228	1	228	1	228	2.23e-164	462
185729	AFDB:AF-A5ZQJ9-F1	100.000	623	623	623	1	623	1	623	0.0	1293
160157	AFDB:AF-A4X6E5-F1	100.000	381	381	381	1	381	1	381	0.0	789
166721	AFDB:AF-A0A0H2VZH5-F1	99.719	356	356	356	1	356	1	356	0.0	741
51141	AFDB:AF-J7M7N1-F1	100.000	325	325	325	1	325	1	325	0.0	658
232226	AFDB:AF-B4NUX9-F1	99.237	131	131	255	1	131	84	214	2.79e-92	276
46940	AFDB:AF-Q2W1L3-F1	100.000	253	253	253	1	253	1	253	0.0	515
250710	AFDB:AF-Q9P382-F1	100.000	803	803	803	1	803	1	803	0.0	1653
164929	AFDB:AF-A0A059FLS1-F1	100.000	467	467	467	1	467	1	467	0.0	951
152874	AFDB:AF-A0A318R0N2-F1	38.371	847	2178	1213	1	792	1	830	8.07e-108	387
169798	AFDB:AF-A0A0H2V802-F1	100.000	342	342	342	1	342	1	342	0.0	704
205239	AFDB:AF-A0A7M4BKW2-F1	100.000	115	115	115	1	115	1	115	1.92e-76	230
160319	AFDB:AF-C7PJV3-F1	100.000	341	341	341	1	341	1	341	0.0	716
166108	AFDB:AF-Q6N361-F1	99.752	404	404	404	1	404	1	404	0.0	816
151908	AFDB:AF-Q7MAN8-F1	100.000	687	687	687	1	687	1	687	0.0	1430
155745	AFDB:AF-Q926A3-F1	100.000	304	304	304	1	304	1	304	0.0	612
32070	AFDB:AF-A4XAR9-F1	100.000	447	447	447	1	447	1	447	0.0	912
252137	AFDB:AF-A0A2I0C0Y6-F1	100.000	930	930	930	1	930	1	930	0.0	1886
35967	AFDB:AF-A0A0H3JKR3-F1	100.000	237	237	237	1	237	1	237	7.90e-178	496
154457	AFDB:AF-A0PV73-F1	100.000	233	233	237	1	233	5	237	4.69e-169	474
61609	AFDB:AF-Q832I0-F1	100.000	979	979	1004	1	979	26	1004	0.0	1994
205444	AFDB:AF-Q120Y8-F1	100.000	686	686	686	1	686	1	686	0.0	1425
156228	AFDB:AF-Q92S31-F1	100.000	230	230	230	1	230	1	230	2.98e-169	474
156602	AFDB:AF-A0A222I2J6-F1	100.000	331	331	331	1	331	1	331	0.0	663
30037	AFDB:AF-A0A6V7A980-F1	100.000	298	298	298	1	298	1	298	0.0	598
12434	AFDB:AF-A0A075WI20-F1	100.000	100	100	117	1	100	18	117	6.58e-68	208
189414	AFDB:AF-A0AWJ8-F1	100.000	337	337	337	1	337	1	337	0.0	694
167779	AFDB:AF-A0A829M8X1-F1	100.000	778	778	778	1	778	1	778	0.0	1589
288516	AFDB:AF-A0A2V2WCU4-F1	100.000	245	245	245	1	245	1	245	2.50e-180	503
156738	AFDB:AF-F7X8P6-F1	100.000	146	146	146	1	146	1	146	1.23e-100	294
72829	AFDB:AF-Q9KLG0-F1	100.000	393	393	402	1	393	1	393	0.0	820
217569	AFDB:AF-M2XJ27-F1	99.425	174	174	207	1	174	34	207	3.31e-126	362
25007	AFDB:AF-A0A0H2URK6-F1	100.000	188	188	188	1	188	1	188	9.08e-137	389
165191	AFDB:AF-Q484T1-F1	100.000	125	125	125	1	125	1	125	4.66e-88	260
159128	AFDB:AF-D0MH23-F1	100.000	518	518	518	1	518	1	518	0.0	1028
156165	AFDB:AF-A0A8B3MGX8-F1	99.433	706	1291	706	586	1291	1	706	0.0	1373
11693	AFDB:AF-Q4JAE4-F1	100.000	355	355	355	1	355	1	355	0.0	715
153574	AFDB:AF-Q8VM08-F1	100.000	149	149	149	1	149	1	149	1.61e-106	309
151981	AFDB:AF-Q7MRG3-F1	100.000	82	82	82	1	82	1	82	6.98e-52	166
75669	AFDB:AF-Q74A63-F1	100.000	433	433	433	1	433	1	433	0.0	863
287551	AFDB:AF-E9BJ94-F1	100.000	339	339	339	1	339	1	339	0.0	703
169946	AFDB:AF-A0A0C1PVS1-F1	100.000	321	321	321	1	321	1	321	0.0	664
217492	AFDB:AF-B2GTE8-F1	100.000	381	381	423	1	381	1	381	0.0	794
194594	AFDB:AF-Q189H9-F1	100.000	269	269	270	1	269	1	269	0.0	561
110476	AFDB:AF-Q87SR8-F1	100.000	286	286	626	1	286	27	312	0.0	590
144574	AFDB:AF-A0A4Y7X254-F1	100.000	212	212	212	1	212	1	212	1.60e-157	443
168212	AFDB:AF-Q2IT00-F1	100.000	253	253	253	1	253	1	253	0.0	509
187244	AFDB:AF-Q6D9E3-F1	100.000	124	124	124	1	124	1	124	1.14e-86	257
32291	AFDB:AF-Q15NQ3-F1	100.000	631	631	631	1	631	1	631	0.0	1302
185271	AFDB:AF-A1SEH0-F1	100.000	387	387	387	1	387	1	387	0.0	769
113339	AFDB:AF-D1JVG7-F1	100.000	820	820	820	1	820	1	820	0.0	1709
190756	AFDB:AF-B0ML44-F1	100.000	178	178	214	1	178	37	214	3.47e-127	365
252465	AFDB:AF-Q9UMZ3-F1	94.392	945	921	2332	1	921	1388	2332	0.0	1856
154001	AFDB:AF-A0A7Z1GHJ9-F1	100.000	307	307	307	1	307	1	307	0.0	600
149635	AFDB:AF-Q930Q4-F1	100.000	334	334	334	1	334	1	334	0.0	650
153518	AFDB:AF-Q726V2-F1	100.000	624	624	624	1	624	1	624	0.0	1282
30326	AFDB:AF-C1DMI4-F1	100.000	259	259	259	1	259	1	259	0.0	526
170271	AFDB:AF-Q88F53-F1	99.624	266	266	266	1	266	1	266	0.0	544
186856	AFDB:AF-Q1GHH3-F1	100.000	104	104	104	1	104	1	104	5.88e-69	210
57794	AFDB:AF-A0A414X7Y3-F1	100.000	587	587	614	1	587	28	614	0.0	1203
152943	AFDB:AF-A2C668-F1	100.000	577	577	577	1	577	1	577	0.0	1161
219395	AFDB:AF-Q15KI9-F1	98.795	664	656	1715	1	656	1052	1715	0.0	1343
236680	AFDB:AF-A0A2J8VRY9-F1	100.000	139	139	260	1	139	122	260	7.78e-99	293
61550	AFDB:AF-C7H408-F1	100.000	393	393	899	1	393	28	420	0.0	816
245573	AFDB:AF-H0GQA9-F1	100.000	545	545	545	1	545	1	545	0.0	1120
163005	AFDB:AF-P18791-F1	100.000	659	659	659	1	659	1	659	0.0	1336
152125	AFDB:AF-A7IIH0-F1	100.000	319	319	319	1	319	1	319	0.0	640
78546	AFDB:AF-Q9KZK2-F1	100.000	472	472	472	1	472	1	472	0.0	952
219496	AFDB:AF-A3LTI6-F1	100.000	728	728	728	1	728	1	728	0.0	1525
165454	AFDB:AF-A0A765T5N3-F1	100.000	113	113	114	1	113	1	113	1.68e-78	235
155537	AFDB:AF-P03028-F1	100.000	541	541	541	1	541	1	541	0.0	1117
155061	AFDB:AF-Q6N8X2-F1	100.000	196	196	196	1	196	1	196	6.12e-142	402
288213	AFDB:AF-A0A086M9P0-F1	100.000	351	351	351	1	351	1	351	0.0	710
81009	AFDB:AF-A0A8B3MLL2-F1	100.000	117	117	537	1	117	230	346	4.54e-72	233
251419	AFDB:AF-Q05D32-F1	100.000	466	466	466	1	466	1	466	0.0	961
169292	AFDB:AF-A0A6M9XEI9-F1	100.000	502	502	502	1	502	1	502	0.0	990
167811	AFDB:AF-Q7NKS7-F1	99.561	228	228	228	1	228	1	228	1.97e-165	464
219381	AFDB:AF-M7UNM5-F1	100.000	309	309	309	1	309	1	309	0.0	638
163435	AFDB:AF-Q3SII9-F1	100.000	464	464	464	1	464	1	464	0.0	917
205704	AFDB:AF-Q125S2-F1	100.000	310	310	310	1	310	1	310	0.0	621
32472	AFDB:AF-A3DI69-F1	100.000	372	372	372	1	372	1	372	0.0	760
170128	AFDB:AF-A6V5W4-F1	100.000	256	256	256	1	256	1	256	0.0	507
156455	AFDB:AF-Q92KH7-F1	100.000	104	104	104	1	104	1	104	2.19e-69	211
185716	AFDB:AF-A5ZM79-F1	100.000	211	211	211	1	211	1	211	1.22e-154	436
155897	AFDB:AF-F7XCB8-F1	100.000	107	107	107	1	107	1	107	3.70e-74	224
167980	AFDB:AF-Q08YB8-F1	100.000	150	150	150	1	150	1	150	3.40e-105	306
155989	AFDB:AF-F7X2J5-F1	100.000	216	216	216	1	216	1	216	2.74e-157	443
250679	AFDB:AF-A5DA79-F1	98.522	812	812	812	1	812	1	812	0.0	1623
51752	AFDB:AF-Q74G64-F1	100.000	158	158	158	1	158	1	158	2.53e-111	322
144668	AFDB:AF-Q8XNB1-F1	100.000	192	192	192	1	192	1	192	1.24e-134	384
153594	AFDB:AF-A0A7U7VWU6-F1	100.000	579	579	602	1	579	18	596	0.0	1173
22411	AFDB:AF-A0A5P8YBY3-F1	100.000	656	656	656	1	656	1	656	0.0	1351
156794	AFDB:AF-Q92PC9-F1	100.000	375	375	375	1	375	1	375	0.0	757
157087	AFDB:AF-F7X196-F1	100.000	729	729	729	1	729	1	729	0.0	1491
240710	AFDB:AF-F6R2Q6-F1	100.000	245	245	245	1	245	1	245	0.0	506
29734	AFDB:AF-A0A0N0WKT2-F1	100.000	248	248	248	1	248	1	248	4.80e-178	498
288161	AFDB:AF-A0A086Q8J8-F1	100.000	394	394	394	1	394	1	394	0.0	824
206921	AFDB:AF-A0A345R1L3-F1	100.000	555	555	555	1	555	1	555	0.0	1130
151961	AFDB:AF-Q7MRP8-F1	100.000	198	198	198	1	198	1	198	8.46e-139	394
93285	AFDB:AF-A0A0H2X431-F1	100.000	345	345	345	1	345	1	345	0.0	689
156545	AFDB:AF-F7X303-F1	100.000	214	214	214	1	214	1	214	6.90e-148	419
170237	AFDB:AF-Q2GBE0-F1	100.000	325	325	325	1	325	1	325	0.0	631
217349	AFDB:AF-A0A2J8LL04-F1	97.512	201	201	201	1	201	1	201	1.27e-142	404
12764	AFDB:AF-Q9YEM0-F1	99.768	431	431	431	1	431	1	431	0.0	854
296194	AFDB:AF-Q977N7-F1	100.000	385	385	385	1	385	1	385	0.0	788
155645	AFDB:AF-Q92Z41-F1	100.000	126	126	126	1	126	1	126	9.49e-84	249
251	AFDB:AF-D4GP40-F1	100.000	412	412	412	1	412	1	412	0.0	842
133235	AFDB:AF-A0A3E1IBB5-F1	100.000	149	149	311	1	149	3	151	1.05e-106	315
249846	AFDB:AF-Q9VQQ9-F1	100.000	894	894	894	1	894	1	894	0.0	1846
97260	AFDB:AF-Q92ZE7-F1	100.000	399	467	399	69	467	1	399	0.0	809
12385	AFDB:AF-Q9HLR6-F1	99.805	514	514	514	1	514	1	514	0.0	1046
876	AFDB:AF-Q58462-F1	100.000	484	484	484	1	484	1	484	0.0	973
162693	AFDB:AF-Q7W9I6-F1	100.000	478	478	478	1	478	1	478	0.0	936
155550	AFDB:AF-Q52940-F1	100.000	110	110	110	1	110	1	110	9.92e-75	225
165916	AFDB:AF-A0A0F3MUI8-F1	100.000	326	326	326	1	326	1	326	0.0	663
216278	AFDB:AF-Q6DCB0-F1	100.000	132	132	132	1	132	1	132	3.18e-94	276
97369	AFDB:AF-A0A4D4MTG8-F1	100.000	181	181	181	1	181	1	181	6.63e-125	358
167818	AFDB:AF-A0A7H5FAG3-F1	100.000	288	288	288	1	288	1	288	0.0	597
164372	AFDB:AF-A9KM36-F1	100.000	175	175	175	1	175	1	175	1.24e-126	362
168679	AFDB:AF-Q3J3H2-F1	100.000	279	279	279	1	279	1	279	0.0	546
286808	AFDB:AF-A0A0S4TCA9-F1	99.785	466	466	466	1	466	1	466	0.0	959
190671	AFDB:AF-F7JVV4-F1	100.000	416	416	459	1	416	44	459	0.0	846
144632	AFDB:AF-A0A0H2YNJ2-F1	100.000	258	258	258	1	258	1	258	9.03e-176	493
170301	AFDB:AF-A0A6M9Y0L0-F1	100.000	422	422	422	1	422	1	422	0.0	855
215248	AFDB:AF-A0A0C4DH16-F1	100.000	102	102	102	1	102	1	102	7.59e-70	213
67477	AFDB:AF-Q8XBV0-F1	100.000	295	295	308	1	295	14	308	0.0	608
153931	AFDB:AF-A0A6N4SPH3-F1	100.000	365	365	365	1	365	1	365	0.0	751
58118	AFDB:AF-A0A373GMB0-F1	100.000	398	398	420	1	398	23	420	0.0	816
155595	AFDB:AF-Q92ZE8-F1	100.000	189	189	189	1	189	1	189	6.43e-134	381
119310	AFDB:AF-Q748T7-F1	100.000	898	898	898	1	898	1	898	0.0	1769
52382	AFDB:AF-Q311Y3-F1	100.000	151	151	151	1	151	1	151	1.71e-108	314
245495	AFDB:AF-B3LNI9-F1	100.000	141	141	832	1	141	92	232	3.00e-92	293
79828	AFDB:AF-Q4ZYH0-F1	100.000	165	165	228	1	165	46	210	1.88e-117	340
286617	AFDB:AF-A7ANL8-F1	100.000	374	374	374	1	374	1	374	0.0	777
57299	AFDB:AF-Q6NBZ5-F1	100.000	311	311	344	1	311	34	344	0.0	612
60345	AFDB:AF-C6S5X4-F1	100.000	249	249	267	1	249	19	267	0.0	516
289821	AFDB:AF-Q6FPU8-F1	100.000	866	866	866	1	866	1	866	0.0	1661
52031	AFDB:AF-A0A140EX91-F1	100.000	122	129	129	8	129	8	129	5.40e-83	248
165898	AFDB:AF-Q63CH6-F1	100.000	610	610	610	1	610	1	610	0.0	1270
23807	AFDB:AF-A0A823I3D9-F1	100.000	277	277	277	1	277	1	277	0.0	547
217785	AFDB:AF-M1VCB4-F1	100.000	278	278	278	1	278	1	278	0.0	564
251844	AFDB:AF-Q9BYQ4-F1	100.000	173	173	174	1	173	2	174	1.98e-96	285
156398	AFDB:AF-A0A222JP67-F1	100.000	599	599	599	1	599	1	599	0.0	1217
218708	AFDB:AF-A0A096N322-F1	100.000	443	443	547	1	443	105	547	0.0	895
249180	AFDB:AF-Q3UKK2-F1	100.000	947	947	947	1	947	1	947	0.0	1957
170196	AFDB:AF-Q5HLA6-F1	99.683	315	315	315	1	315	1	315	0.0	643
251794	AFDB:AF-G1QUQ6-F1	100.000	722	722	722	1	722	1	722	0.0	1486
60678	AFDB:AF-A0A3R5YZR9-F1	100.000	460	460	483	1	460	24	483	0.0	958
206935	AFDB:AF-A3TT24-F1	100.000	295	295	295	1	295	1	295	0.0	616
153488	AFDB:AF-Q72QH1-F1	100.000	381	381	381	1	381	1	381	0.0	772
31474	AFDB:AF-A0A1X6PY02-F1	100.000	321	321	321	1	321	1	321	0.0	663
59607	AFDB:AF-A0A2S6FA83-F1	100.000	373	373	392	1	373	20	392	0.0	769
108654	AFDB:AF-F9UTL7-F1	100.000	286	286	286	1	286	1	286	0.0	592
242159	AFDB:AF-P59046-F1	100.000	457	457	1061	1	457	605	1061	0.0	921
131984	AFDB:AF-V5V650-F1	100.000	206	206	863	1	206	263	468	5.03e-143	429
172494	AFDB:AF-A0A853XQR5-F1	99.623	265	265	265	1	265	1	265	0.0	543
205468	AFDB:AF-Q12CC8-F1	100.000	255	255	255	1	255	1	255	0.0	516
156099	AFDB:AF-Q7B8Q9-F1	100.000	353	353	353	1	353	1	353	0.0	704
217576	AFDB:AF-M2XQG6-F1	98.477	197	197	197	1	197	1	197	1.42e-141	401
252072	AFDB:AF-Q84W56-F1	99.613	517	528	911	1	515	1	517	0.0	1063
170112	AFDB:AF-Q8AB47-F1	100.000	582	582	582	1	582	1	582	0.0	1209
156030	AFDB:AF-A0A0E0UHG6-F1	100.000	355	355	355	1	355	1	355	0.0	722
206033	AFDB:AF-Q676G2-F1	100.000	344	344	344	1	344	1	344	0.0	707
238749	AFDB:AF-A0A2J8LFD9-F1	99.138	116	116	209	1	116	38	153	6.84e-80	242
250010	AFDB:AF-A0A6P5Q089-F1	100.000	953	953	966	1	953	14	966	0.0	1964
150773	AFDB:AF-Q726X4-F1	100.000	419	419	419	1	419	1	419	0.0	848
32134	AFDB:AF-A0A3M1W4A7-F1	100.000	465	465	465	1	465	1	465	0.0	950
112180	AFDB:AF-A9CG02-F1	100.000	314	314	314	1	314	1	314	0.0	650
49733	AFDB:AF-A0A412M8P7-F1	100.000	305	305	329	1	305	25	329	0.0	616
152739	AFDB:AF-A9BAS3-F1	100.000	720	720	720	1	720	1	720	0.0	1450
116234	AFDB:AF-Q8NS96-F1	100.000	313	313	350	1	313	31	343	0.0	624
156373	AFDB:AF-F7XAH1-F1	100.000	409	409	409	1	409	1	409	0.0	822
245544	AFDB:AF-B5VGF0-F1	100.000	639	639	639	1	639	1	639	0.0	1330
54331	AFDB:AF-A0A826GMB2-F1	100.000	417	417	417	1	417	1	417	0.0	863
11669	AFDB:AF-Q8PWE8-F1	100.000	361	361	361	1	361	1	361	0.0	729
58055	AFDB:AF-A7M314-F1	100.000	628	628	650	1	628	23	650	0.0	1301
170628	AFDB:AF-A0A0X1KW93-F1	100.000	453	453	453	1	453	1	453	0.0	942
252567	AFDB:AF-Q8BK84-F1	100.000	215	215	215	1	215	1	215	1.94e-160	451
155882	AFDB:AF-Q92XU8-F1	100.000	344	344	344	1	344	1	344	0.0	695
98717	AFDB:AF-Q7MVV4-F1	100.000	393	393	518	1	393	126	518	0.0	816
238777	AFDB:AF-A0A3P4KBM5-F1	55.823	498	603	498	1	454	21	498	2.05e-144	437
157520	AFDB:AF-Q92KW5-F1	100.000	296	296	296	1	296	1	296	0.0	595
152696	AFDB:AF-A2C7X9-F1	100.000	186	186	186	1	186	1	186	7.07e-131	374
181748	AFDB:AF-A0A501P293-F1	100.000	209	209	209	1	209	1	209	7.07e-147	416
165819	AFDB:AF-Q8VVI2-F1	100.000	278	278	278	1	278	1	278	0.0	574
144692	AFDB:AF-A0A0H2YSJ0-F1	100.000	348	348	348	1	348	1	348	0.0	656
152349	AFDB:AF-A2BZ44-F1	100.000	595	595	595	1	595	1	595	0.0	1199
170308	AFDB:AF-A0A7K2US50-F1	100.000	451	451	451	1	451	1	451	0.0	918
32836	AFDB:AF-A0A6I5EBG4-F1	100.000	349	349	349	1	349	1	349	0.0	710
46153	AFDB:AF-D3L6R4-F1	100.000	181	181	181	1	181	1	181	6.39e-127	363
159010	AFDB:AF-A0A4D4MXU9-F1	100.000	594	594	594	1	594	1	594	0.0	1229
175159	AFDB:AF-A0A654L259-F1	100.000	371	371	371	1	371	1	371	0.0	755
207132	AFDB:AF-Q0HZV4-F1	100.000	304	304	304	1	304	1	304	0.0	624
155625	AFDB:AF-Q92Z79-F1	100.000	208	208	208	1	208	1	208	2.05e-147	417
167646	AFDB:AF-Q2RV22-F1	100.000	811	811	811	1	811	1	811	0.0	1583
168323	AFDB:AF-Q2IRP0-F1	100.000	378	378	378	1	378	1	378	0.0	766
12618	AFDB:AF-O29563-F1	100.000	376	376	376	1	376	1	376	0.0	769
65642	AFDB:AF-A3DH95-F1	100.000	342	342	342	1	342	1	342	0.0	709
249348	AFDB:AF-Q8HW98-F1	100.000	336	336	336	1	336	1	336	0.0	685
21547	AFDB:AF-A0A5T0YWH9-F1	100.000	199	199	199	1	199	1	199	2.88e-145	411
152863	AFDB:AF-A2BND7-F1	100.000	447	447	447	1	447	1	447	0.0	915
158588	AFDB:AF-A4FDW1-F1	100.000	223	223	223	1	223	1	223	3.51e-161	453
166795	AFDB:AF-A0A7X7IFU8-F1	100.000	138	138	138	1	138	1	138	4.12e-97	284
115218	AFDB:AF-Q8AAW3-F1	100.000	802	802	802	1	802	1	802	0.0	1681
102272	AFDB:AF-Q882R7-F1	100.000	148	148	239	1	148	92	239	8.88e-100	295
153241	AFDB:AF-F9UTZ8-F1	100.000	399	399	399	1	399	1	399	0.0	816
167479	AFDB:AF-A0A150CC37-F1	53.800	1171	1496	1258	4	1153	5	1134	0.0	1165
29268	AFDB:AF-B4D3Y9-F1	100.000	418	418	418	1	418	1	418	0.0	845
163020	AFDB:AF-A0A0H2UPR0-F1	100.000	839	839	839	1	839	1	839	0.0	1719
150692	AFDB:AF-A0A4Y3TIM2-F1	100.000	523	523	523	1	523	1	523	0.0	1062
168695	AFDB:AF-A0A174V0K6-F1	100.000	510	510	510	1	510	1	510	0.0	1048
74637	AFDB:AF-E0HH81-F1	100.000	98	98	737	1	98	461	558	3.54e-60	205
242410	AFDB:AF-A0A024RBE5-F1	100.000	660	660	660	1	660	1	660	0.0	1363
200882	AFDB:AF-A7VT91-F1	100.000	475	475	475	1	475	1	475	0.0	986
35540	AFDB:AF-A7LZA2-F1	100.000	335	335	335	1	335	1	335	0.0	699
122054	AFDB:AF-Q604I1-F1	100.000	957	957	957	1	957	1	957	0.0	1988
54683	AFDB:AF-Q47QZ6-F1	99.672	305	305	305	1	305	1	305	0.0	623
153052	AFDB:AF-A0A3G9MDJ2-F1	100.000	170	170	170	1	170	1	170	1.62e-119	343
21624	AFDB:AF-A0A5H6AQ76-F1	100.000	151	151	151	1	151	1	151	1.33e-106	309
109668	AFDB:AF-A0A0A8FA74-F1	100.000	411	411	706	1	411	296	706	0.0	846
169591	AFDB:AF-A0KJE2-F1	100.000	415	415	415	1	415	1	415	0.0	853
190567	AFDB:AF-A6NQ07-F1	100.000	189	189	221	1	189	33	221	4.77e-135	385
217551	AFDB:AF-M2W2F5-F1	100.000	121	121	121	1	121	1	121	2.37e-82	246
249982	AFDB:AF-Q5XHX3-F1	100.000	526	526	526	1	526	1	526	0.0	1053
155661	AFDB:AF-Q92Z09-F1	100.000	325	325	325	1	325	1	325	0.0	661
158363	AFDB:AF-A0A149ZMK4-F1	100.000	147	147	147	1	147	1	147	2.26e-99	291
252208	AFDB:AF-Q8IWY4-F1	100.000	988	988	988	1	988	1	988	0.0	2032
156003	AFDB:AF-F7X338-F1	100.000	320	320	320	1	320	1	320	0.0	655
128662	AFDB:AF-Q8XXB3-F1	100.000	306	306	306	1	306	1	306	0.0	632
178323	AFDB:AF-Q3JSZ3-F1	100.000	456	456	456	1	456	1	456	0.0	888
160128	AFDB:AF-S2RY67-F1	100.000	283	283	283	1	283	1	283	0.0	592
153481	AFDB:AF-M3HE07-F1	99.574	235	235	282	1	235	48	282	7.56e-173	486
27230	AFDB:AF-A0A806M5Y7-F1	100.000	729	729	729	1	729	1	729	0.0	1498
119041	AFDB:AF-Q39WG5-F1	100.000	563	563	563	1	563	1	563	0.0	1144
223652	AFDB:AF-A0A2H6N9S1-F1	100.000	76	76	338	1	76	126	201	1.25e-48	165
170418	AFDB:AF-A0A069SDX5-F1	100.000	142	142	142	1	142	1	142	2.18e-99	290
184981	AFDB:AF-A3SW47-F1	100.000	154	154	154	1	154	1	154	4.27e-109	316
252269	AFDB:AF-Q86UU1-F1	100.000	1377	1377	1377	1	1377	1	1377	0.0	2774
152074	AFDB:AF-A7IFH1-F1	100.000	139	139	139	1	139	1	139	9.04e-93	273
166757	AFDB:AF-Q1GQB4-F1	100.000	326	326	326	1	326	1	326	0.0	679
159542	AFDB:AF-D6Y1H6-F1	100.000	594	594	594	1	594	1	594	0.0	1230
117244	AFDB:AF-Q487U0-F1	100.000	442	442	442	1	442	1	442	0.0	907
108047	AFDB:AF-D4FL59-F1	100.000	148	148	148	1	148	1	148	1.71e-104	304
109051	AFDB:AF-A0A139KKJ2-F1	100.000	407	407	427	1	407	3	409	0.0	847
252650	AFDB:AF-A0A182HZR6-F1	99.451	182	183	377	1	182	143	324	3.82e-132	384
156538	AFDB:AF-Q92QQ6-F1	100.000	347	347	347	1	347	1	347	0.0	713
152936	AFDB:AF-Q7VC93-F1	100.000	205	205	205	1	205	1	205	1.62e-144	409
249767	AFDB:AF-Q7PLI0-F1	100.000	767	767	781	1	767	15	781	0.0	1605
201380	AFDB:AF-Q55865-F1	100.000	342	342	342	1	342	1	342	0.0	709
193638	AFDB:AF-Q7VN73-F1	100.000	139	139	459	1	139	315	453	7.53e-93	285
252173	AFDB:AF-A0A2I3RJ47-F1	99.511	409	409	409	1	409	1	409	0.0	828
156961	AFDB:AF-A0A222JSW0-F1	100.000	80	80	80	1	80	1	80	4.82e-51	163
43854	AFDB:AF-Q03CF2-F1	100.000	246	246	246	1	246	1	246	3.16e-178	498
107349	AFDB:AF-Q5L7P8-F1	100.000	319	319	327	1	319	8	326	0.0	656
132226	AFDB:AF-Q8DJ20-F1	100.000	113	113	113	1	113	1	113	7.11e-77	231
152825	AFDB:AF-A9BBE6-F1	100.000	320	320	320	1	320	1	320	0.0	657
168570	AFDB:AF-Q1GXK5-F1	100.000	734	734	734	1	734	1	734	0.0	1524
44974	AFDB:AF-A4Y712-F1	100.000	91	91	91	1	91	1	91	9.94e-61	189
252684	AFDB:AF-S8GEE0-F1	100.000	768	1024	852	257	1024	85	852	0.0	1539
150554	AFDB:AF-A0A3M1WAP4-F1	100.000	300	300	300	1	300	1	300	0.0	614
25403	AFDB:AF-A0A2U0QTW6-F1	100.000	280	280	280	1	280	1	280	0.0	573
178392	AFDB:AF-A0A0E1VSR4-F1	100.000	153	153	153	1	153	1	153	1.72e-109	317
87396	AFDB:AF-Q8NQD1-F1	100.000	292	292	1221	1	292	363	654	0.0	600
153041	AFDB:AF-W8GYJ1-F1	100.000	679	679	679	1	679	1	679	0.0	1375
287539	AFDB:AF-A0A3S7WQS5-F1	100.000	595	595	595	1	595	1	595	0.0	1210
245534	AFDB:AF-Q99220-F1	100.000	401	401	542	1	401	20	420	0.0	838
11813	AFDB:AF-A6UPX7-F1	100.000	384	384	384	1	384	1	384	0.0	781
202528	AFDB:AF-A0A829NUM9-F1	100.000	179	179	179	1	179	1	179	3.43e-126	361
29838	AFDB:AF-A0A219D674-F1	100.000	352	352	352	1	352	1	352	0.0	728
122030	AFDB:AF-Q608J6-F1	100.000	455	455	455	1	455	1	455	0.0	934
150637	AFDB:AF-A9WJL8-F1	100.000	354	354	354	1	354	1	354	0.0	715
207170	AFDB:AF-A0A0H3C0U4-F1	99.848	660	660	660	1	660	1	660	0.0	1323
31482	AFDB:AF-A0A5J6G885-F1	100.000	361	361	361	1	361	1	361	0.0	744
156737	AFDB:AF-A0A222ITI4-F1	100.000	68	68	68	1	68	1	68	2.84e-42	140
167891	AFDB:AF-Q6MQD9-F1	99.677	310	310	310	1	310	1	310	0.0	626
21626	AFDB:AF-A0A806QUF2-F1	100.000	501	501	501	1	501	1	501	0.0	1028
99112	AFDB:AF-Q8AAS3-F1	100.000	383	383	383	1	383	1	383	0.0	790
190352	AFDB:AF-A0A346UIC4-F1	100.000	161	161	186	1	161	26	186	2.02e-110	321
124220	AFDB:AF-A0A367MA78-F1	100.000	121	121	217	1	121	42	162	8.77e-83	250
158313	AFDB:AF-A0A3G9MCM3-F1	100.000	244	244	244	1	244	1	244	1.62e-175	491
31120	AFDB:AF-A1US88-F1	100.000	286	286	286	1	286	1	286	0.0	590
35634	AFDB:AF-A6BKA1-F1	100.000	508	508	508	1	508	1	508	0.0	1063
80145	AFDB:AF-A0A330JX62-F1	100.000	215	215	247	1	215	33	247	3.20e-160	451
169206	AFDB:AF-Q04HM0-F1	100.000	319	319	319	1	319	1	319	0.0	659
155509	AFDB:AF-Q92ZR2-F1	100.000	66	66	66	1	66	1	66	1.52e-40	135
60663	AFDB:AF-A7AG12-F1	100.000	387	387	402	1	387	16	402	0.0	798
17145	AFDB:AF-A0A832SWH4-F1	100.000	123	123	123	1	123	1	123	5.22e-84	250
166085	AFDB:AF-A0A0E1LW66-F1	100.000	1148	1148	1164	1	1148	17	1164	0.0	2358
170883	AFDB:AF-A0A222QL21-F1	100.000	208	208	208	1	208	1	208	2.42e-151	427
160064	AFDB:AF-Q2WB55-F1	100.000	237	237	237	1	237	1	237	5.48e-174	487
155853	AFDB:AF-Q92Y04-F1	100.000	238	238	238	1	238	1	238	2.68e-175	490
109506	AFDB:AF-Q7MWZ6-F1	100.000	173	173	468	1	173	296	468	1.03e-123	365
46913	AFDB:AF-Q65KF3-F1	100.000	508	508	508	1	508	1	508	0.0	1040
197152	AFDB:AF-A0A7G2S9W1-F1	100.000	177	177	177	1	177	1	177	3.28e-127	363
28587	AFDB:AF-A9CEQ8-F1	100.000	378	378	378	1	378	1	378	0.0	773
205966	AFDB:AF-A8F780-F1	100.000	537	537	537	1	537	1	537	0.0	1092
166480	AFDB:AF-A4A212-F1	100.000	707	707	707	1	707	1	707	0.0	1461
149823	AFDB:AF-Q92SS7-F1	100.000	252	252	252	1	252	1	252	0.0	507
167201	AFDB:AF-O31209-F1	100.000	448	448	448	1	448	1	448	0.0	905
168418	AFDB:AF-A0A6N4SR57-F1	100.000	430	430	430	1	430	1	430	0.0	893
252665	AFDB:AF-A0A182VCS9-F1	100.000	300	300	375	1	300	42	341	0.0	628
45554	AFDB:AF-Q1H4W9-F1	100.000	229	229	229	1	229	1	229	4.62e-168	471
43368	AFDB:AF-Q92E79-F1	100.000	343	343	343	1	343	1	343	0.0	694
1796	AFDB:AF-Q97WL6-F1	100.000	537	537	537	1	537	1	537	0.0	1083
11748	AFDB:AF-A0A5C0XXV3-F1	100.000	413	413	413	1	413	1	413	0.0	822
116928	AFDB:AF-A0A336QS73-F1	100.000	55	55	1049	1	55	726	780	4.33e-26	108
165098	AFDB:AF-A0A059FSR2-F1	100.000	142	142	142	1	142	1	142	3.79e-101	295
251893	AFDB:AF-O60763-F1	99.896	962	961	962	1	961	1	962	0.0	1954
153310	AFDB:AF-A0A5C1FLP6-F1	100.000	246	246	246	1	246	1	246	0.0	512
205314	AFDB:AF-Q12ER2-F1	100.000	384	384	384	1	384	1	384	0.0	771
215190	AFDB:AF-A0A2J8UJ11-F1	99.286	140	140	140	1	140	1	140	3.57e-96	282
169748	AFDB:AF-A0A7K3FTD8-F1	100.000	346	346	346	1	346	1	346	0.0	707
53558	AFDB:AF-A6LFD5-F1	100.000	342	342	368	1	342	27	368	0.0	702
150970	AFDB:AF-Q74C33-F1	100.000	781	781	917	1	781	137	917	0.0	1571
152765	AFDB:AF-A2C4I5-F1	100.000	135	135	135	1	135	1	135	2.45e-92	272
156369	AFDB:AF-Q92RI4-F1	100.000	498	498	498	1	498	1	498	0.0	989
177558	AFDB:AF-B4E7L3-F1	100.000	310	310	310	1	310	1	310	0.0	617
155966	AFDB:AF-A0A0E0UH73-F1	100.000	286	286	286	1	286	1	286	0.0	584
200494	AFDB:AF-Q8YLX8-F1	100.000	319	319	319	1	319	1	319	0.0	642
40287	AFDB:AF-A0A0H2UNZ6-F1	100.000	267	267	267	1	267	1	267	0.0	551
207405	AFDB:AF-Q8KED4-F1	100.000	651	651	651	1	651	1	651	0.0	1354
199517	AFDB:AF-Q989P8-F1	100.000	512	512	634	1	512	5	516	0.0	1064
152602	AFDB:AF-A2C9A1-F1	100.000	201	201	201	1	201	1	201	3.34e-148	419
30722	AFDB:AF-A0A2P8MDY2-F1	100.000	555	555	555	1	555	1	555	0.0	1106
286568	AFDB:AF-A7AMN2-F1	100.000	537	537	537	1	537	1	537	0.0	1110
58848	AFDB:AF-A0A7Y5JD40-F1	100.000	235	235	258	1	235	24	258	3.61e-170	478
151070	AFDB:AF-B5Y1C5-F1	100.000	512	512	512	1	512	1	512	0.0	1068
155638	AFDB:AF-Q92Z52-F1	100.000	172	172	172	1	172	1	172	4.87e-123	352
103765	AFDB:AF-Q5ZV28-F1	100.000	318	318	318	1	318	1	318	0.0	668
187440	AFDB:AF-A3QDK8-F1	100.000	273	423	273	151	423	1	273	0.0	575
251867	AFDB:AF-O95231-F1	100.000	258	258	258	1	258	1	258	0.0	514
165490	AFDB:AF-Q9KRJ0-F1	99.878	818	818	818	1	818	1	818	0.0	1698
32994	AFDB:AF-C6Y0I7-F1	100.000	388	388	388	1	388	1	388	0.0	798
152323	AFDB:AF-A3PBI9-F1	100.000	566	566	566	1	566	1	566	0.0	1146
169673	AFDB:AF-Q2S6C1-F1	100.000	237	237	237	1	237	1	237	2.08e-174	488
150540	AFDB:AF-A0A7C2PM36-F1	100.000	320	320	320	1	320	1	320	0.0	639
288378	AFDB:AF-Q4D6P5-F1	100.000	341	341	341	1	341	1	341	0.0	707
153207	AFDB:AF-Q8EHJ6-F1	100.000	792	792	792	1	792	1	792	0.0	1642
81908	AFDB:AF-Q8DW96-F1	100.000	81	81	81	1	81	1	81	9.47e-51	162
156073	AFDB:AF-H0G7L0-F1	100.000	129	129	129	1	129	1	129	1.02e-80	242
158575	AFDB:AF-D1A759-F1	100.000	180	180	180	1	180	1	180	1.04e-126	362
87154	AFDB:AF-A0A2N1HI94-F1	100.000	220	220	220	1	220	1	220	1.71e-157	444
51962	AFDB:AF-A2C2T1-F1	100.000	130	130	130	1	130	1	130	2.59e-90	266
188031	AFDB:AF-Q28MS9-F1	100.000	285	285	285	1	285	1	285	0.0	580
167872	AFDB:AF-Q4K3D7-F1	100.000	262	262	262	1	262	1	262	0.0	528
28696	AFDB:AF-B8IYG2-F1	100.000	809	809	809	1	809	1	809	0.0	1658
217910	AFDB:AF-B3LGB5-F1	100.000	513	513	513	1	513	1	513	0.0	1046
30778	AFDB:AF-A0A7W8R1E3-F1	100.000	432	432	432	1	432	1	432	0.0	884
160186	AFDB:AF-A6LI43-F1	100.000	432	432	432	1	432	1	432	0.0	883
150714	AFDB:AF-Q72CU3-F1	100.000	926	926	926	1	926	1	926	0.0	1860
149648	AFDB:AF-Q930F7-F1	100.000	613	613	613	1	613	1	613	0.0	1251
241622	AFDB:AF-A0A0D9QVM8-F1	99.429	175	175	637	1	175	396	570	7.41e-120	361
31899	AFDB:AF-Q16BX4-F1	100.000	340	340	340	1	340	1	340	0.0	691
250743	AFDB:AF-N1P2B8-F1	100.000	959	959	959	1	959	1	959	0.0	1848
157932	AFDB:AF-Q92VE3-F1	100.000	326	326	326	1	326	1	326	0.0	676
154695	AFDB:AF-Q92RW9-F1	100.000	1134	1134	1134	1	1134	1	1134	0.0	2258
117200	AFDB:AF-Q47UZ5-F1	100.000	467	467	467	1	467	1	467	0.0	955
6171	AFDB:AF-Q97C11-F1	100.000	312	312	312	1	312	1	312	0.0	624
156140	AFDB:AF-Q9KII1-F1	100.000	218	218	218	1	218	1	218	2.84e-148	420
153033	AFDB:AF-J2JJW8-F1	99.371	159	159	159	1	159	1	159	6.55e-112	323
144635	AFDB:AF-A0A2Z3U1Q0-F1	100.000	214	214	214	1	214	1	214	2.03e-145	412
210292	AFDB:AF-A0A024RC55-F1	100.000	364	364	387	1	364	24	387	0.0	761
144025	AFDB:AF-N9J531-F1	100.000	409	409	482	1	409	74	482	0.0	852
168768	AFDB:AF-A0A7U9K1P7-F1	100.000	339	339	340	1	339	2	340	0.0	689
155928	AFDB:AF-A0A843ZPA9-F1	100.000	121	121	121	1	121	1	121	1.57e-83	248
161240	AFDB:AF-Q2GB08-F1	100.000	280	280	280	1	280	1	280	0.0	571
28233	AFDB:AF-Q888R4-F1	100.000	232	232	232	1	232	1	232	5.07e-172	481
165839	AFDB:AF-P29432-F1	100.000	85	85	85	1	85	1	85	8.38e-55	173
157133	AFDB:AF-Q92MV9-F1	100.000	359	359	359	1	359	1	359	0.0	741
98345	AFDB:AF-A0A806D6L5-F1	100.000	262	262	262	1	262	1	262	0.0	527
2080	AFDB:AF-A0A7J9NKF7-F1	100.000	173	173	173	1	173	1	173	5.28e-126	360
150234	AFDB:AF-A0A8B3N5U8-F1	100.000	380	380	382	1	380	3	382	0.0	772
32180	AFDB:AF-C6Y127-F1	100.000	410	410	410	1	410	1	410	0.0	851
149708	AFDB:AF-Q92Z32-F1	100.000	147	147	147	1	147	1	147	3.90e-100	293
126869	AFDB:AF-B9JR57-F1	100.000	134	134	134	1	134	1	134	7.39e-94	276
155308	AFDB:AF-Q931C8-F1	100.000	551	551	551	1	551	1	551	0.0	1105
252184	AFDB:AF-Q86TP1-F1	100.000	453	453	453	1	453	1	453	0.0	922
207327	AFDB:AF-W9D5Q0-F1	100.000	181	181	181	1	181	1	181	6.33e-120	345
43271	AFDB:AF-A0A0H3K4F7-F1	100.000	445	445	445	1	445	1	445	0.0	916
4237	AFDB:AF-A0A0E3LTG5-F1	100.000	377	377	377	1	377	1	377	0.0	779
227608	AFDB:AF-Q99797-F1	99.860	713	713	713	1	713	1	713	0.0	1481
188851	AFDB:AF-A0A381KJF3-F1	100.000	376	376	376	1	376	1	376	0.0	758
75867	AFDB:AF-B8XVS4-F1	100.000	343	343	343	1	343	1	343	0.0	699
159516	AFDB:AF-B8J4W1-F1	100.000	475	475	475	1	475	1	475	0.0	942
109939	AFDB:AF-A0A854NGR2-F1	100.000	496	496	1186	1	496	1	496	0.0	988
168492	AFDB:AF-A0A4Z2SRM4-F1	100.000	248	248	248	1	248	1	248	0.0	518
151604	AFDB:AF-A3PQP1-F1	100.000	399	399	399	1	399	1	399	0.0	805
158316	AFDB:AF-W8H848-F1	100.000	157	157	157	1	157	1	157	5.90e-111	321
152819	AFDB:AF-A2C6A2-F1	100.000	558	558	558	1	558	1	558	0.0	1117
167511	AFDB:AF-A0A223DQ51-F1	100.000	815	815	815	1	815	1	815	0.0	1700
162984	AFDB:AF-A4FR59-F1	100.000	182	182	182	1	182	1	182	2.73e-124	357
218895	AFDB:AF-A0A139XYS7-F1	100.000	637	637	637	1	637	1	637	0.0	1327
162150	AFDB:AF-D1B2R8-F1	100.000	234	234	234	1	234	1	234	9.58e-173	483
170343	AFDB:AF-A0A380YYU7-F1	100.000	1221	1221	1221	1	1221	1	1221	0.0	2516
156784	AFDB:AF-A0A222H6X9-F1	100.000	55	55	55	1	55	1	55	1.02e-32	115
175229	AFDB:AF-A0A0E1PTM4-F1	99.890	907	907	917	1	907	11	917	0.0	1876
205913	AFDB:AF-A0A7T4FYQ9-F1	100.000	689	689	711	1	689	23	711	0.0	1425
158641	AFDB:AF-D5HBI5-F1	100.000	223	223	223	1	223	1	223	3.10e-156	441
154727	AFDB:AF-A0A222HJ16-F1	100.000	341	341	341	1	341	1	341	0.0	700
55081	AFDB:AF-A0A829Z630-F1	100.000	211	211	211	1	211	1	211	1.11e-153	433
152671	AFDB:AF-A8G4H4-F1	100.000	538	538	538	1	538	1	538	0.0	1065
159966	AFDB:AF-Q8XR94-F1	100.000	246	246	246	1	246	1	246	2.41e-176	493
160732	AFDB:AF-Q39VN4-F1	100.000	406	406	406	1	406	1	406	0.0	818
161643	AFDB:AF-A0A0U0X239-F1	100.000	221	221	221	1	221	1	221	4.32e-160	450
238651	AFDB:AF-Q9Y6D9-F1	100.000	377	377	718	1	377	100	476	0.0	729
167390	AFDB:AF-Q21RK2-F1	100.000	237	237	237	1	237	1	237	2.03e-177	495
25789	AFDB:AF-A0A7U9J4A7-F1	100.000	324	324	326	1	324	3	326	0.0	679
165794	AFDB:AF-Q7UPP5-F1	99.852	675	675	675	1	675	1	675	0.0	1402
156858	AFDB:AF-A0A220MX68-F1	100.000	332	332	332	1	332	1	332	0.0	686
201380	AFDB:AF-Q55865-F1	100.000	342	342	342	1	342	1	342	0.0	709
61522	AFDB:AF-A0A641GZ93-F1	100.000	130	130	280	1	130	1	130	1.26e-82	253
242266	AFDB:AF-Q6P2E9-F1	100.000	331	331	1401	1	331	69	399	0.0	712
154328	AFDB:AF-A0A7C2PGP4-F1	100.000	320	320	320	1	320	1	320	0.0	648
102965	AFDB:AF-Q8DZA5-F1	100.000	226	226	226	1	226	1	226	6.61e-163	458
204817	AFDB:AF-A1R755-F1	100.000	305	305	305	1	305	1	305	0.0	624
197665	AFDB:AF-Q6FEF8-F1	100.000	490	490	490	1	490	1	490	0.0	1030
53359	AFDB:AF-Q8DPI3-F1	100.000	340	340	346	1	340	7	346	0.0	712
163158	AFDB:AF-A0A7Z1GI44-F1	100.000	236	236	236	1	236	1	236	1.66e-165	465
34536	AFDB:AF-A0A2X3FR47-F1	100.000	338	338	338	1	338	1	338	0.0	701
217359	AFDB:AF-Q9D0V8-F1	100.000	212	212	212	1	212	1	212	1.70e-152	430
163089	AFDB:AF-A0A0E8UD61-F1	100.000	812	812	817	1	812	6	817	0.0	1679
159717	AFDB:AF-Q3SJ10-F1	100.000	532	532	532	1	532	1	532	0.0	1070
158782	AFDB:AF-A0A1S6L5A2-F1	100.000	137	137	137	1	137	1	137	1.54e-95	280
27712	AFDB:AF-E0IWU6-F1	100.000	502	502	502	1	502	1	502	0.0	1019
227443	AFDB:AF-A0A663D9B8-F1	100.000	210	210	210	1	210	1	210	1.45e-155	438
152335	AFDB:AF-A2C0A4-F1	100.000	376	376	376	1	376	1	376	0.0	788
182473	AFDB:AF-Q92JQ5-F1	100.000	307	307	307	1	307	1	307	0.0	618
150955	AFDB:AF-Q74D69-F1	100.000	209	209	218	1	209	10	218	9.55e-155	436
152021	AFDB:AF-Q7M7P9-F1	100.000	316	316	316	1	316	1	316	0.0	654
152944	AFDB:AF-Q7V433-F1	100.000	665	665	665	1	665	1	665	0.0	1376
382	AFDB:AF-M0H6A9-F1	36.623	841	1852	948	1036	1851	156	944	1.40e-119	413
45379	AFDB:AF-A0A0E1W0X0-F1	100.000	238	238	238	1	238	1	238	2.56e-176	493
113691	AFDB:AF-A0A7G7UNK2-F1	100.000	204	204	204	1	204	1	204	5.57e-145	410
159689	AFDB:AF-Q9RZT0-F1	100.000	833	833	833	1	833	1	833	0.0	1708
152356	AFDB:AF-Q7V2G6-F1	100.000	417	417	417	1	417	1	417	0.0	817
162998	AFDB:AF-A0A0H2UPL8-F1	100.000	296	296	296	1	296	1	296	0.0	598
18314	AFDB:AF-A0A8A5HIR6-F1	100.000	500	500	500	1	500	1	500	0.0	1046
69427	AFDB:AF-A5Z3N0-F1	100.000	140	140	478	1	140	313	452	4.59e-92	283
155298	AFDB:AF-Q931D6-F1	100.000	290	290	290	1	290	1	290	0.0	581
59822	AFDB:AF-A0A373GFY9-F1	100.000	337	337	358	1	337	22	358	0.0	699
224665	AFDB:AF-Q3ZCS4-F1	100.000	177	177	631	1	177	1	177	2.74e-127	380
224665	AFDB:AF-Q3ZCS4-F1	32.967	182	177	631	2	176	90	269	1.87e-21	100
224665	AFDB:AF-Q3ZCS4-F1	29.714	175	177	631	13	171	193	366	2.32e-17	89.4
224665	AFDB:AF-Q3ZCS4-F1	26.000	100	177	631	8	106	291	386	1.1	40.8
158615	AFDB:AF-Q8XSG7-F1	100.000	585	585	585	1	585	1	585	0.0	1169
179438	AFDB:AF-A0A807YL43-F1	100.000	321	321	321	1	321	1	321	0.0	663
29578	AFDB:AF-A0A806GTY4-F1	100.000	314	314	314	1	314	1	314	0.0	630
252675	AFDB:AF-Q583D6-F1	100.000	1471	1471	1471	1	1471	1	1471	0.0	3033
22763	AFDB:AF-Q81MI9-F1	100.000	170	170	170	1	170	1	170	1.11e-121	349
45554	AFDB:AF-Q1H4W9-F1	100.000	229	229	229	1	229	1	229	4.62e-168	471
215248	AFDB:AF-A0A0C4DH16-F1	100.000	102	102	102	1	102	1	102	7.59e-70	213
166065	AFDB:AF-Q5XD89-F1	99.153	118	118	118	1	118	1	118	7.27e-80	239
155719	AFDB:AF-Q92YP5-F1	100.000	288	288	288	1	288	1	288	0.0	595
152406	AFDB:AF-A8G5U0-F1	100.000	89	89	89	1	89	1	89	6.80e-59	184
150538	AFDB:AF-A0A7C2KS16-F1	100.000	147	147	147	1	147	1	147	2.21e-104	303
8262	AFDB:AF-A2SQK8-F1	100.000	202	202	202	1	202	1	202	1.78e-146	414
168652	AFDB:AF-G4EUH3-F1	99.070	215	215	223	1	215	9	223	1.94e-156	441
144026	AFDB:AF-A0A7U4Z2G0-F1	99.801	502	502	524	1	502	23	524	0.0	1025
166105	AFDB:AF-A0A0A8UYP9-F1	100.000	299	299	299	1	299	1	299	0.0	624
178473	AFDB:AF-A0A0H3HLP7-F1	100.000	427	427	427	1	427	1	427	0.0	873
45644	AFDB:AF-Q731F0-F1	100.000	372	372	372	1	372	1	372	0.0	749
151213	AFDB:AF-Q60AF0-F1	100.000	548	548	548	1	548	1	548	0.0	1120
224296	AFDB:AF-Q5RA71-F1	100.000	176	176	482	1	176	266	441	1.60e-129	381
215363	AFDB:AF-Q6P5W2-F1	100.000	102	102	102	1	102	1	102	7.86e-66	202
59139	AFDB:AF-A0A380YIL9-F1	100.000	149	149	162	1	149	14	162	8.02e-105	305
205368	AFDB:AF-Q128T1-F1	100.000	737	737	737	1	737	1	737	0.0	1507
151356	AFDB:AF-Q2K682-F1	100.000	455	455	455	1	455	1	455	0.0	948
234648	AFDB:AF-A0A6Q8PH75-F1	100.000	242	242	351	1	242	80	321	4.50e-174	492
156730	AFDB:AF-A0A222H7J3-F1	100.000	348	348	348	1	348	1	348	0.0	712
222840	AFDB:AF-A0A6D2X7A8-F1	100.000	189	189	189	1	189	1	189	8.09e-140	396
43860	AFDB:AF-Q726J6-F1	100.000	244	244	244	1	244	1	244	1.95e-176	493
249847	AFDB:AF-Q22706-F1	100.000	884	884	884	1	884	1	884	0.0	1830
238695	AFDB:AF-A0A2D4G5N5-F1	96.711	152	152	202	1	152	11	162	7.39e-106	309
223620	AFDB:AF-A0A6D2WT99-F1	100.000	709	709	709	1	709	1	709	0.0	1462
12384	AFDB:AF-Q97WY7-F1	99.371	159	159	159	1	159	1	159	4.40e-108	313
170698	AFDB:AF-Q47688-F1	99.729	369	369	381	1	369	1	369	0.0	758
170858	AFDB:AF-A0A0H2V6S4-F1	100.000	228	228	228	1	228	1	228	6.40e-170	476
111255	AFDB:AF-Q87QT5-F1	100.000	250	250	347	1	250	98	347	0.0	524
250189	AFDB:AF-A0A2K5C8I4-F1	87.062	1113	1113	1107	1	1113	1	1107	0.0	1974
152990	AFDB:AF-A8G383-F1	100.000	1170	1170	1170	1	1170	1	1170	0.0	2395
12619	AFDB:AF-Q9YDN5-F1	99.813	534	534	534	1	534	1	534	0.0	1069
167547	AFDB:AF-O87614-F1	100.000	388	388	388	1	388	1	388	0.0	785
154828	AFDB:AF-Q92VU9-F1	100.000	45	45	45	1	45	1	45	2.58e-21	85.9
16896	AFDB:AF-O27210-F1	100.000	85	85	383	1	85	1	85	1.50e-50	172
32002	AFDB:AF-A0A1F0IYF8-F1	100.000	248	248	248	1	248	1	248	7.06e-177	495
30605	AFDB:AF-A9KME0-F1	100.000	171	171	171	1	171	1	171	1.60e-120	346
53393	AFDB:AF-Q98E46-F1	100.000	243	243	243	1	243	1	243	6.23e-178	497
152154	AFDB:AF-A7IKY0-F1	100.000	401	401	401	1	401	1	401	0.0	819
132457	AFDB:AF-Q0BDM5-F1	100.000	101	101	1222	1	101	465	565	1.77e-61	212
160542	AFDB:AF-A4FDU9-F1	100.000	143	143	143	1	143	1	143	3.19e-95	280
227153	AFDB:AF-Q7XA07-F1	100.000	311	311	427	1	311	15	325	0.0	650
158511	AFDB:AF-C5CCK8-F1	100.000	471	471	471	1	471	1	471	0.0	894
242190	AFDB:AF-H9F0Z6-F1	100.000	117	117	229	1	117	91	207	9.74e-75	230
242190	AFDB:AF-H9F0Z6-F1	37.647	85	117	229	4	88	3	87	2.33e-11	68.2
227152	AFDB:AF-Q5G8B9-F1	100.000	626	626	847	1	626	195	820	0.0	1297
160334	AFDB:AF-C7R4J3-F1	100.000	310	310	310	1	310	1	310	0.0	639
156609	AFDB:AF-A0A0E0UBC6-F1	100.000	201	201	201	1	201	1	201	2.58e-140	399
160311	AFDB:AF-C6BZN2-F1	100.000	349	349	349	1	349	1	349	0.0	727
103245	AFDB:AF-A0A0H3K0Y6-F1	100.000	306	306	306	1	306	1	306	0.0	632
80359	AFDB:AF-A9KDB0-F1	99.221	385	385	530	1	385	131	515	0.0	796
155729	AFDB:AF-Q92YM5-F1	100.000	708	708	708	1	708	1	708	0.0	1406
252784	AFDB:AF-A2E1I6-F1	100.000	474	474	474	1	474	1	474	0.0	983
156673	AFDB:AF-A0A8B6SBB8-F1	100.000	502	502	502	1	502	1	502	0.0	1011
156911	AFDB:AF-A0A222LD68-F1	100.000	147	147	147	1	147	1	147	7.67e-102	297
289812	AFDB:AF-P40477-F1	37.279	735	1501	1460	1	707	1	657	1.10e-112	400
153428	AFDB:AF-A0A7L5MNS3-F1	100.000	628	628	628	1	628	1	628	0.0	1297
245450	AFDB:AF-A0A6C1DW97-F1	100.000	84	84	256	1	84	147	230	4.94e-53	174
10840	AFDB:AF-Q9YCC0-F1	100.000	549	549	549	1	549	1	549	0.0	1058
45906	AFDB:AF-Q3M5E0-F1	100.000	342	342	342	1	342	1	342	0.0	695
157691	AFDB:AF-Q92WJ9-F1	100.000	639	639	639	1	639	1	639	0.0	1294
199871	AFDB:AF-A1U0K3-F1	100.000	850	850	850	1	850	1	850	0.0	1761
150550	AFDB:AF-A0A3M1WI04-F1	100.000	203	203	203	1	203	1	203	6.56e-146	413
205867	AFDB:AF-A5EF80-F1	100.000	782	782	782	1	782	1	782	0.0	1615
17172	AFDB:AF-Q59075-F1	99.737	380	380	380	1	380	1	380	0.0	762
171105	AFDB:AF-A0A4D4LND1-F1	99.735	378	378	378	1	378	1	378	0.0	755
144411	AFDB:AF-Q03EJ6-F1	100.000	332	332	332	1	332	1	332	0.0	687
191179	AFDB:AF-D5SRH0-F1	100.000	410	410	410	1	410	1	410	0.0	857
168258	AFDB:AF-A0LET0-F1	100.000	836	836	836	1	836	1	836	0.0	1722
156593	AFDB:AF-Q92QC4-F1	100.000	144	144	144	1	144	1	144	1.82e-99	291
165768	AFDB:AF-X5ENB1-F1	100.000	226	226	226	1	226	1	226	4.66e-168	471
187394	AFDB:AF-A3QEW9-F1	100.000	125	125	125	1	125	1	125	1.08e-86	257
166486	AFDB:AF-Q5WWE2-F1	100.000	243	243	243	1	243	1	243	0.0	506
202201	AFDB:AF-A0A3S4LQB9-F1	100.000	246	246	388	1	246	16	261	3.36e-178	504
12383	AFDB:AF-Q9YC63-F1	100.000	295	301	295	7	301	1	295	0.0	593
155840	AFDB:AF-Q92Y28-F1	100.000	213	213	213	1	213	1	213	1.97e-143	407
227769	AFDB:AF-A0A2J8W5P3-F1	100.000	64	64	266	1	64	88	151	5.99e-38	135
51141	AFDB:AF-J7M7N1-F1	100.000	325	325	325	1	325	1	325	0.0	658
68736	AFDB:AF-A0A174W7H9-F1	99.644	281	281	281	1	281	1	281	0.0	577
163452	AFDB:AF-Q1R0S1-F1	100.000	118	118	118	1	118	1	118	6.69e-82	244
98463	AFDB:AF-A0A0H2US35-F1	100.000	694	694	694	1	694	1	694	0.0	1449
64148	AFDB:AF-Q9KFY8-F1	100.000	604	604	604	1	604	1	604	0.0	1252
56813	AFDB:AF-Q92XY4-F1	100.000	173	173	173	1	173	1	173	5.85e-119	342
2660	AFDB:AF-Q8U2J1-F1	100.000	265	265	265	1	265	1	265	0.0	538
172472	AFDB:AF-Q7CU39-F1	100.000	249	249	372	1	249	124	372	0.0	512
250108	AFDB:AF-Q62523-F1	100.000	564	564	564	1	564	1	564	0.0	1118
152378	AFDB:AF-Q7VE22-F1	100.000	385	385	385	1	385	1	385	0.0	776
144352	AFDB:AF-Q7WWP8-F1	100.000	480	480	480	1	480	1	480	0.0	987
249913	AFDB:AF-Q9Y446-F1	100.000	797	797	797	1	797	1	797	0.0	1617
223755	AFDB:AF-G3SIH3-F1	98.851	87	87	864	1	87	236	322	3.07e-50	178
223755	AFDB:AF-G3SIH3-F1	37.500	80	87	864	5	84	785	864	2.22e-09	62.8
159691	AFDB:AF-Q1QCP6-F1	100.000	511	511	511	1	511	1	511	0.0	1057
224060	AFDB:AF-F5H5R8-F1	100.000	289	289	352	1	289	64	352	0.0	604
156035	AFDB:AF-Q92KU1-F1	100.000	122	122	122	1	122	1	122	4.54e-80	240
13000	AFDB:AF-A0A075WDM3-F1	99.583	240	240	240	1	240	1	240	4.03e-174	487
11813	AFDB:AF-A6UPX7-F1	100.000	384	384	384	1	384	1	384	0.0	781
58562	AFDB:AF-A0A7T9YYQ7-F1	100.000	134	134	154	1	134	21	154	1.20e-92	273
152942	AFDB:AF-Q7V6X1-F1	100.000	249	249	249	1	249	1	249	0.0	510
150595	AFDB:AF-A9WAZ2-F1	100.000	587	587	587	1	587	1	587	0.0	1174
218636	AFDB:AF-A0A125YSM6-F1	100.000	1155	1155	1155	1	1155	1	1155	0.0	2313
166330	AFDB:AF-A0A7G2JVN2-F1	100.000	342	342	342	1	342	1	342	0.0	681
159688	AFDB:AF-Q1QDY1-F1	100.000	411	411	411	1	411	1	411	0.0	838
46640	AFDB:AF-Q8NM90-F1	100.000	231	231	231	1	231	1	231	2.38e-166	467
158311	AFDB:AF-A0A3G9M6W0-F1	100.000	235	235	235	1	235	1	235	1.40e-168	473
205995	AFDB:AF-A0A1Z4KRP8-F1	100.000	270	270	270	1	270	1	270	0.0	554
64432	AFDB:AF-Q3BQL2-F1	100.000	660	660	660	1	660	1	660	0.0	1324
53806	AFDB:AF-Q2RUI3-F1	100.000	200	200	223	1	200	24	223	8.94e-138	393
152152	AFDB:AF-A7IKH1-F1	100.000	438	438	438	1	438	1	438	0.0	833
32214	AFDB:AF-D1A2I2-F1	100.000	447	447	447	1	447	1	447	0.0	905
32258	AFDB:AF-A0A0F2DXE7-F1	100.000	521	521	521	1	521	1	521	0.0	1068
168721	AFDB:AF-A0A7U9AUG6-F1	100.000	256	256	256	1	256	1	256	0.0	528
110696	AFDB:AF-Q87S34-F1	100.000	393	393	618	1	393	30	422	0.0	797
187653	AFDB:AF-A0A850LCF6-F1	100.000	316	316	316	1	316	1	316	0.0	657
288323	AFDB:AF-A0A1G4I551-F1	100.000	627	627	627	1	627	1	627	0.0	1308
194308	AFDB:AF-U4QVA1-F1	100.000	195	195	195	1	195	1	195	9.14e-139	394
156272	AFDB:AF-A0A7X1YQT5-F1	100.000	472	472	472	1	472	1	472	0.0	934
170183	AFDB:AF-Q3IXG3-F1	100.000	550	550	550	1	550	1	550	0.0	1075
165940	AFDB:AF-A4WZW1-F1	100.000	501	501	501	1	501	1	501	0.0	961
165993	AFDB:AF-Q7MBR5-F1	100.000	343	343	343	1	343	1	343	0.0	709
156428	AFDB:AF-A0A0E0UAU8-F1	100.000	51	51	51	1	51	1	51	8.22e-26	97.8
55568	AFDB:AF-Q7NQI0-F1	100.000	265	265	265	1	265	1	265	0.0	546
225967	AFDB:AF-Q23280-F1	100.000	175	175	175	1	175	1	175	1.44e-123	354
54530	AFDB:AF-A0A8A8C0A1-F1	100.000	341	341	349	1	341	9	349	0.0	698
10834	AFDB:AF-Q9YFT7-F1	100.000	442	442	442	1	442	1	442	0.0	873
219487	AFDB:AF-F2PIL7-F1	100.000	379	379	379	1	379	1	379	0.0	784
217808	AFDB:AF-M1UTE6-F1	100.000	190	190	190	1	190	1	190	1.09e-136	389
156639	AFDB:AF-Q92Q35-F1	100.000	263	263	263	1	263	1	263	0.0	546
156972	AFDB:AF-A0A222J555-F1	100.000	611	611	611	1	611	1	611	0.0	1234
103805	AFDB:AF-Q5ZZ78-F1	100.000	230	230	230	1	230	1	230	1.95e-166	467
252031	AFDB:AF-C4IZH9-F1	99.234	261	261	443	1	261	183	443	0.0	534
226869	AFDB:AF-U4PF47-F1	100.000	140	145	156	6	145	17	156	1.21e-95	281
150419	AFDB:AF-N1NGY1-F1	100.000	234	234	234	1	234	1	234	2.11e-172	483
251834	AFDB:AF-P59991-F1	100.000	146	146	146	1	146	1	146	4.16e-82	247
80368	AFDB:AF-Q83EM2-F1	100.000	441	441	489	1	441	1	441	0.0	906
251890	AFDB:AF-A0A2J8R063-F1	100.000	262	262	262	1	262	1	262	0.0	511
166379	AFDB:AF-Q8E4Z9-F1	100.000	318	318	318	1	318	1	318	0.0	650
240782	AFDB:AF-Q9UIG0-F1	100.000	175	175	1483	1	175	1297	1471	5.90e-118	374
201616	AFDB:AF-A0A850LBG4-F1	100.000	285	285	285	1	285	1	285	0.0	569
241156	AFDB:AF-A0A2J8URK6-F1	100.000	63	63	170	1	63	16	78	1.17e-36	129
12396	AFDB:AF-Q9YAS5-F1	100.000	202	202	251	1	202	50	251	7.06e-141	402
159438	AFDB:AF-C7PRI0-F1	100.000	395	395	395	1	395	1	395	0.0	814
231250	AFDB:AF-G0SBK7-F1	100.000	130	130	130	1	130	1	130	1.17e-89	265
153462	AFDB:AF-Q73MS0-F1	100.000	324	324	324	1	324	1	324	0.0	653
34390	AFDB:AF-X5NVT5-F1	100.000	328	328	333	1	328	6	333	0.0	671
252587	AFDB:AF-A0A086QJG6-F1	100.000	125	203	172	42	166	13	137	2.04e-85	259
162650	AFDB:AF-I3UNJ2-F1	100.000	420	420	420	1	420	1	420	0.0	872
172457	AFDB:AF-Q3HKK3-F1	100.000	346	346	346	1	346	1	346	0.0	706
156464	AFDB:AF-F7X0P9-F1	100.000	283	283	283	1	283	1	283	0.0	571
102868	AFDB:AF-A0A837Q4A0-F1	100.000	81	81	97	1	81	15	95	1.42e-51	165
152856	AFDB:AF-A3PBE8-F1	100.000	438	438	438	1	438	1	438	0.0	881
162437	AFDB:AF-Q07XM1-F1	100.000	424	424	424	1	424	1	424	0.0	862
238970	AFDB:AF-Q92484-F1	100.000	453	453	453	1	453	1	453	0.0	942
182015	AFDB:AF-A0A7U2VH52-F1	100.000	334	334	334	1	334	1	334	0.0	696
239578	AFDB:AF-A0A6D2W4W8-F1	100.000	323	323	728	1	323	1	323	0.0	629
194288	AFDB:AF-U4QUE0-F1	99.644	281	281	281	1	281	1	281	0.0	566
194223	AFDB:AF-A0A730N8J5-F1	100.000	238	238	373	1	238	108	345	2.05e-176	498
156009	AFDB:AF-A0A0E0UHB5-F1	100.000	346	346	346	1	346	1	346	0.0	721
151233	AFDB:AF-Q60B81-F1	100.000	232	232	232	1	232	1	232	3.11e-163	459
164018	AFDB:AF-B7J4V7-F1	100.000	434	434	434	1	434	1	434	0.0	899
60541	AFDB:AF-R7EMV7-F1	100.000	623	623	647	1	623	25	647	0.0	1296
150053	AFDB:AF-A0A222K601-F1	100.000	410	410	410	1	410	1	410	0.0	850
56882	AFDB:AF-Q92WI6-F1	100.000	230	230	230	1	230	1	230	1.28e-168	473
252029	AFDB:AF-A0A0E0FG06-F1	99.572	467	467	487	1	467	21	487	0.0	939
98161	AFDB:AF-A0A0H2UPS2-F1	100.000	143	143	143	1	143	1	143	1.22e-101	296
55038	AFDB:AF-A6LIK5-F1	100.000	225	225	225	1	225	1	225	3.78e-169	473
168783	AFDB:AF-Q603A7-F1	99.623	265	265	265	1	265	1	265	0.0	552
170265	AFDB:AF-A0A6N4SW14-F1	100.000	396	396	396	1	396	1	396	0.0	827
251066	AFDB:AF-A0A5F9D176-F1	100.000	551	551	696	1	551	146	696	0.0	1087
155580	AFDB:AF-Q92ZG6-F1	100.000	570	570	570	1	570	1	570	0.0	1154
50000	AFDB:AF-R7KZH9-F1	100.000	461	461	486	1	461	26	486	0.0	960
170548	AFDB:AF-A0A823GED8-F1	100.000	562	562	562	1	562	1	562	0.0	1150
241195	AFDB:AF-U6DMX1-F1	100.000	127	127	431	1	127	140	266	4.73e-88	271
223465	AFDB:AF-O88428-F1	100.000	621	621	621	1	621	1	621	0.0	1296
63483	AFDB:AF-C7QIH8-F1	100.000	384	384	384	1	384	1	384	0.0	769
57804	AFDB:AF-I9HX98-F1	100.000	486	486	504	1	486	19	504	0.0	992
60538	AFDB:AF-A0A642PMB7-F1	100.000	620	620	638	1	620	19	638	0.0	1253
150891	AFDB:AF-Q39S36-F1	100.000	460	460	460	1	460	1	460	0.0	919
9299	AFDB:AF-Q9HIM8-F1	100.000	252	252	515	1	252	81	332	0.0	535
160054	AFDB:AF-Q30U62-F1	100.000	279	279	279	1	279	1	279	0.0	574
166747	AFDB:AF-A0A0H7SW84-F1	99.663	297	297	297	1	297	1	297	0.0	614
11337	AFDB:AF-Q97B17-F1	100.000	115	115	115	1	115	1	115	2.89e-75	227
153869	AFDB:AF-Q1H1I0-F1	100.000	700	700	700	1	700	1	700	0.0	1431
204861	AFDB:AF-A1U378-F1	100.000	370	370	370	1	370	1	370	0.0	763
152705	AFDB:AF-Q7V9X3-F1	100.000	118	118	118	1	118	1	118	7.05e-79	236
51860	AFDB:AF-Q2G5Y7-F1	99.138	116	116	116	1	116	1	116	3.61e-81	242
5396	AFDB:AF-A0A0F8NK94-F1	100.000	74	74	86	1	74	1	74	1.86e-45	149
80145	AFDB:AF-A0A330JX62-F1	100.000	215	215	247	1	215	33	247	3.20e-160	451
149604	AFDB:AF-A0A5C6LCN6-F1	100.000	396	396	396	1	396	1	396	0.0	816
252135	AFDB:AF-O01700-F1	100.000	928	928	928	1	928	1	928	0.0	1946
160353	AFDB:AF-C8WMI5-F1	100.000	240	240	240	1	240	1	240	7.63e-173	484
191966	AFDB:AF-D0VX24-F1	100.000	222	222	225	1	222	4	225	1.19e-159	449
250713	AFDB:AF-O42869-F1	100.000	659	659	659	1	659	1	659	0.0	1349
156168	AFDB:AF-H0G3M6-F1	100.000	104	104	104	1	104	1	104	2.28e-70	214
21734	AFDB:AF-P96747-F1	100.000	249	249	249	1	249	1	249	9.54e-173	484
155653	AFDB:AF-Q92Z25-F1	100.000	103	103	103	1	103	1	103	1.58e-69	212
111312	AFDB:AF-A0A227JB13-F1	100.000	304	304	500	1	304	31	334	0.0	620
206010	AFDB:AF-A1TWY4-F1	100.000	307	307	307	1	307	1	307	0.0	641
144584	AFDB:AF-A0A0M0KFU8-F1	100.000	399	399	399	1	399	1	399	0.0	797
151966	AFDB:AF-Q7M937-F1	100.000	363	363	363	1	363	1	363	0.0	740
170239	AFDB:AF-A0A0H2UMY6-F1	100.000	422	422	422	1	422	1	422	0.0	855
165528	AFDB:AF-Q67R32-F1	100.000	129	129	129	1	129	1	129	3.03e-90	266
149740	AFDB:AF-Q92YK8-F1	100.000	376	376	376	1	376	1	376	0.0	774
251288	AFDB:AF-A5E5V0-F1	100.000	388	388	388	1	388	1	388	0.0	801
158679	AFDB:AF-S5SJ67-F1	100.000	275	275	275	1	275	1	275	0.0	566
107139	AFDB:AF-W8U8C2-F1	100.000	150	150	150	1	150	1	150	9.32e-106	307
223321	AFDB:AF-Q02338-F1	100.000	343	343	343	1	343	1	343	0.0	712
29808	AFDB:AF-A0A0H2VGU3-F1	100.000	333	333	333	1	333	1	333	0.0	689
160134	AFDB:AF-A2C5V1-F1	100.000	387	387	387	1	387	1	387	0.0	810
29287	AFDB:AF-D0R530-F1	100.000	432	432	432	1	432	1	432	0.0	888
111558	AFDB:AF-L7N5R0-F1	100.000	318	318	318	1	318	1	318	0.0	664
217427	AFDB:AF-Q6DHM7-F1	100.000	299	299	299	1	299	1	299	0.0	620
187235	AFDB:AF-Q470Y2-F1	100.000	152	152	152	1	152	1	152	8.12e-108	312
161625	AFDB:AF-B1M8T5-F1	100.000	337	337	337	1	337	1	337	0.0	681
46399	AFDB:AF-A1S1R3-F1	100.000	527	527	527	1	527	1	527	0.0	1089
216332	AFDB:AF-P38983-F1	100.000	295	295	295	1	295	1	295	0.0	608
23378	AFDB:AF-A0A6H3AA95-F1	100.000	360	360	360	1	360	1	360	0.0	748
60295	AFDB:AF-A0A174MMD2-F1	100.000	138	138	160	1	138	23	160	1.15e-96	284
252645	AFDB:AF-Q9UB34-F1	100.000	547	547	570	1	547	24	570	0.0	1141
152310	AFDB:AF-A2C0Z2-F1	100.000	329	329	329	1	329	1	329	0.0	672
169971	AFDB:AF-B4RM95-F1	100.000	273	273	279	1	273	7	279	0.0	566
168008	AFDB:AF-A9AVS1-F1	99.600	250	250	250	1	250	1	250	0.0	509
251946	AFDB:AF-P51116-F1	100.000	673	673	673	1	673	1	673	0.0	1366
149785	AFDB:AF-Q92XJ9-F1	100.000	677	677	677	1	677	1	677	0.0	1379
214951	AFDB:AF-A0A6J2MKB2-F1	100.000	456	456	480	1	456	25	480	0.0	930
151357	AFDB:AF-S5SKV9-F1	100.000	353	353	353	1	353	1	353	0.0	735
177651	AFDB:AF-A0A0H3KBY8-F1	100.000	568	568	568	1	568	1	568	0.0	1155
169954	AFDB:AF-A0KMF9-F1	99.837	614	614	614	1	614	1	614	0.0	1254
163236	AFDB:AF-Q480F5-F1	100.000	253	253	253	1	253	1	253	0.0	526
185041	AFDB:AF-A0A3R9W8N7-F1	98.366	306	306	465	1	306	160	465	0.0	638
32294	AFDB:AF-Q161D6-F1	100.000	406	406	406	1	406	1	406	0.0	824
158756	AFDB:AF-C6VV04-F1	100.000	180	180	180	1	180	1	180	9.15e-129	368
252246	AFDB:AF-A0A2K6P7I9-F1	100.000	725	725	725	1	725	1	725	0.0	1521
119089	AFDB:AF-Q39YF0-F1	100.000	405	405	405	1	405	1	405	0.0	822
198454	AFDB:AF-Q58AM9-F1	100.000	103	103	495	1	103	167	269	1.90e-64	211
50407	AFDB:AF-A6L7B9-F1	100.000	280	280	280	1	280	1	280	0.0	586
207446	AFDB:AF-A3DG71-F1	100.000	411	411	411	1	411	1	411	0.0	849
252113	AFDB:AF-A0A7G2EYC5-F1	99.351	154	306	266	1	154	113	266	4.86e-102	309
252113	AFDB:AF-A0A7G2EYC5-F1	96.552	58	306	266	222	279	43	100	2.71e-30	125
144063	AFDB:AF-A0A083ZSC0-F1	100.000	314	314	314	1	314	1	314	0.0	642
207950	AFDB:AF-Q11C85-F1	100.000	470	470	470	1	470	1	470	0.0	949
234505	AFDB:AF-B7Z1C3-F1	100.000	146	146	166	1	146	13	158	3.16e-106	308
98717	AFDB:AF-Q7MVV4-F1	100.000	393	393	518	1	393	126	518	0.0	816
170380	AFDB:AF-Q8A6V5-F1	100.000	715	715	715	1	715	1	715	0.0	1484
149419	AFDB:AF-Q5QYR2-F1	100.000	184	184	184	1	184	1	184	3.01e-135	384
48910	AFDB:AF-A0A6N4SM35-F1	100.000	379	379	379	1	379	1	379	0.0	774
157088	AFDB:AF-F7X195-F1	100.000	743	743	743	1	743	1	743	0.0	1509
153958	AFDB:AF-Q8XNR0-F1	100.000	411	411	411	1	411	1	411	0.0	837
149746	AFDB:AF-Q92YC2-F1	100.000	333	333	333	1	333	1	333	0.0	675
210200	AFDB:AF-Q9NQF3-F1	100.000	203	203	203	1	203	1	203	1.71e-148	419
169401	AFDB:AF-A0A829K971-F1	100.000	130	130	141	1	130	12	141	7.17e-91	268
249794	AFDB:AF-Q86NJ4-F1	99.880	1660	1658	1660	1	1658	1	1660	0.0	3439
32460	AFDB:AF-A1WLE6-F1	100.000	369	369	369	1	369	1	369	0.0	753
155894	AFDB:AF-Q92XS3-F1	100.000	418	418	418	1	418	1	418	0.0	848
237828	AFDB:AF-A0A4D9EM78-F1	98.913	92	92	222	1	92	122	213	3.83e-58	187
163046	AFDB:AF-A0A0H2UQ42-F1	100.000	180	180	180	1	180	1	180	6.55e-126	360
92529	AFDB:AF-Q92KR5-F1	100.000	387	387	387	1	387	1	387	0.0	769
217531	AFDB:AF-Q5BLD9-F1	100.000	582	582	582	1	582	1	582	0.0	1196
53871	AFDB:AF-A0A6N3J1Y2-F1	100.000	282	282	304	1	282	23	304	0.0	579
166465	AFDB:AF-A4JV08-F1	99.576	236	236	236	1	236	1	236	1.01e-172	483
168377	AFDB:AF-Q9K7J2-F1	100.000	219	219	219	1	219	1	219	1.34e-158	446
49888	AFDB:AF-A0A223HT51-F1	100.000	99	99	121	1	99	23	121	1.41e-66	205
132654	AFDB:AF-A0A7R7TLQ4-F1	100.000	77	77	420	1	77	1	77	1.64e-40	146
184450	AFDB:AF-A0A0H3N6T3-F1	98.962	289	289	289	1	289	1	289	0.0	583
111596	AFDB:AF-A0A0K2HT54-F1	100.000	532	532	532	1	532	1	532	0.0	1092
185117	AFDB:AF-A0A085BW39-F1	100.000	338	338	338	1	338	1	338	0.0	696
131406	AFDB:AF-Q82P56-F1	100.000	608	608	608	1	608	1	608	0.0	1238
188977	AFDB:AF-C4ZCL1-F1	100.000	278	278	309	1	278	32	309	0.0	569
156181	AFDB:AF-Q92KQ5-F1	100.000	84	84	84	1	84	1	84	1.25e-52	167
168480	AFDB:AF-A0RHJ1-F1	99.897	972	972	972	1	972	1	972	0.0	2013
165638	AFDB:AF-Q7X3L6-F1	100.000	894	894	894	1	894	1	894	0.0	1865
152285	AFDB:AF-A9BD85-F1	100.000	945	945	945	1	945	1	945	0.0	1938
205476	AFDB:AF-Q125A9-F1	100.000	361	361	361	1	361	1	361	0.0	732
167538	AFDB:AF-A0A6B1JAE1-F1	100.000	137	137	137	1	137	1	137	5.89e-95	279
156636	AFDB:AF-F7X0X8-F1	100.000	456	456	456	1	456	1	456	0.0	903
113692	AFDB:AF-Q65D31-F1	100.000	473	473	475	1	473	3	475	0.0	984
32387	AFDB:AF-Q8EC12-F1	100.000	481	481	481	1	481	1	481	0.0	994
23669	AFDB:AF-A0A6L8NXJ1-F1	100.000	122	122	122	1	122	1	122	2.97e-83	248
152662	AFDB:AF-Q7V3M3-F1	100.000	320	320	320	1	320	1	320	0.0	654
205452	AFDB:AF-Q11ZD7-F1	100.000	346	346	346	1	346	1	346	0.0	716
152587	AFDB:AF-Q7VAB9-F1	100.000	381	381	381	1	381	1	381	0.0	795
57866	AFDB:AF-Q9I3U6-F1	100.000	91	91	113	1	91	23	113	1.22e-59	187
172609	AFDB:AF-Q2RSU7-F1	100.000	374	374	374	1	374	1	374	0.0	742
184481	AFDB:AF-Q18B20-F1	100.000	360	360	360	1	360	1	360	0.0	747
168414	AFDB:AF-A0A3G6WKL5-F1	100.000	381	381	381	1	381	1	381	0.0	771
166053	AFDB:AF-A0A0H2VCB9-F1	100.000	420	420	420	1	420	1	420	0.0	876
155448	AFDB:AF-Q930C3-F1	100.000	242	242	242	1	242	1	242	3.73e-176	493
215542	AFDB:AF-A0A2J8WJK3-F1	100.000	675	675	675	1	675	1	675	0.0	1384
158592	AFDB:AF-A0A828TKY8-F1	100.000	632	632	632	1	632	1	632	0.0	1276
182407	AFDB:AF-Q1RJ93-F1	100.000	139	139	139	1	139	1	139	3.02e-97	285
169669	AFDB:AF-Q2S1B8-F1	100.000	472	472	472	1	472	1	472	0.0	927
150785	AFDB:AF-Q725R3-F1	100.000	341	341	341	1	341	1	341	0.0	689
117742	AFDB:AF-G9XMY5-F1	100.000	707	707	707	1	707	1	707	0.0	1436
153703	AFDB:AF-Q3J4I1-F1	100.000	237	237	237	1	237	1	237	9.32e-162	456
35343	AFDB:AF-Q89YR3-F1	100.000	353	353	353	1	353	1	353	0.0	737
24968	AFDB:AF-P9WPD0-F1	100.000	848	848	848	1	848	1	848	0.0	1687
206677	AFDB:AF-Q124F9-F1	100.000	124	124	124	1	124	1	124	1.16e-84	251
154882	AFDB:AF-Q5NR82-F1	100.000	268	268	268	1	268	1	268	0.0	547
151615	AFDB:AF-Q21DB2-F1	100.000	329	329	329	1	329	1	329	0.0	660
43289	AFDB:AF-A0A7C2Q253-F1	100.000	436	436	436	1	436	1	436	0.0	888
159965	AFDB:AF-Q8XRV6-F1	100.000	375	375	375	1	375	1	375	0.0	784
60579	AFDB:AF-A0A380ZB16-F1	100.000	452	452	471	1	452	20	471	0.0	943
144916	AFDB:AF-Q49ZL1-F1	100.000	284	284	284	1	284	1	284	0.0	588
156764	AFDB:AF-Q92PJ1-F1	100.000	184	184	184	1	184	1	184	2.38e-133	380
252613	AFDB:AF-A0A086PPM9-F1	84.519	239	340	344	138	340	106	344	2.49e-135	397
218339	AFDB:AF-N1P2Y4-F1	100.000	272	272	272	1	272	1	272	0.0	560
239014	AFDB:AF-A0A7J7XU31-F1	100.000	130	130	499	1	130	1	130	6.87e-93	286
18795	AFDB:AF-A0A829CYC6-F1	100.000	434	434	434	1	434	1	434	0.0	912
251933	AFDB:AF-A0A2J8NND7-F1	100.000	71	109	176	1	71	1	71	3.84e-41	143
29247	AFDB:AF-Q09AT2-F1	100.000	401	401	401	1	401	1	401	0.0	792
157218	AFDB:AF-A0A222JV44-F1	100.000	109	109	109	1	109	1	109	7.56e-75	226
17161	AFDB:AF-Q57623-F1	99.815	542	542	542	1	542	1	542	0.0	1080
151265	AFDB:AF-S5SDI3-F1	100.000	944	944	968	1	944	25	968	0.0	1937
150408	AFDB:AF-D3V139-F1	100.000	381	381	381	1	381	1	381	0.0	780
30672	AFDB:AF-A0A2X0PLI2-F1	100.000	462	462	462	1	462	1	462	0.0	954
95968	AFDB:AF-A0A0E1SRE2-F1	100.000	387	387	387	1	387	1	387	0.0	796
197243	AFDB:AF-Q5E7I6-F1	100.000	412	412	412	1	412	1	412	0.0	845
170267	AFDB:AF-Q5ZRN2-F1	100.000	337	337	337	1	337	1	337	0.0	705
240614	AFDB:AF-Q9Y572-F1	100.000	343	343	518	1	343	1	343	0.0	704
58338	AFDB:AF-A0A251WNE9-F1	100.000	97	97	115	1	97	19	115	3.27e-65	201
152977	AFDB:AF-A2BZP3-F1	100.000	360	360	360	1	360	1	360	0.0	739
218875	AFDB:AF-C9WWW4-F1	100.000	806	806	806	1	806	1	806	0.0	1647
97943	AFDB:AF-A0A0H2UMT1-F1	100.000	108	108	108	1	108	1	108	2.60e-76	229
155901	AFDB:AF-Q92XR3-F1	100.000	125	125	125	1	125	1	125	1.04e-85	254
158644	AFDB:AF-A1WF69-F1	100.000	216	216	216	1	216	1	216	4.26e-161	452
197388	AFDB:AF-J7LM45-F1	100.000	375	375	380	1	375	6	380	0.0	754
219385	AFDB:AF-Q9C451-F1	100.000	438	438	438	1	438	1	438	0.0	919
215539	AFDB:AF-A0A6D2WTL6-F1	100.000	261	261	261	1	261	1	261	0.0	529
156003	AFDB:AF-F7X338-F1	100.000	320	320	320	1	320	1	320	0.0	655
169268	AFDB:AF-A0A2S6F7I0-F1	99.762	420	420	420	1	420	1	420	0.0	877
153685	AFDB:AF-Q47MW3-F1	100.000	662	662	662	1	662	1	662	0.0	1338
172568	AFDB:AF-Q1M7M2-F1	100.000	620	620	620	1	620	1	620	0.0	1274
215343	AFDB:AF-A0A2J8QWJ8-F1	100.000	224	224	224	1	224	1	224	1.48e-164	462
58723	AFDB:AF-A0A174KAI4-F1	100.000	366	366	382	1	366	17	382	0.0	767
151945	AFDB:AF-Q7M9G9-F1	100.000	135	135	135	1	135	1	135	2.36e-88	262
156898	AFDB:AF-A0A222H600-F1	100.000	172	172	172	1	172	1	172	3.67e-116	335
155499	AFDB:AF-A0A2N8JRX8-F1	100.000	316	316	316	1	316	1	316	0.0	632
219225	AFDB:AF-Q790I0-F1	100.000	1263	1263	1263	1	1263	1	1263	0.0	2592
170193	AFDB:AF-Q60AN6-F1	99.576	236	236	236	1	236	1	236	3.90e-165	464
21175	AFDB:AF-A0A2K9A5Q3-F1	100.000	245	245	245	1	245	1	245	0.0	507
57932	AFDB:AF-A7LWA7-F1	100.000	519	519	549	1	519	31	549	0.0	1077
159523	AFDB:AF-A9NE47-F1	100.000	495	495	495	1	495	1	495	0.0	1006
144644	AFDB:AF-A0A0H2YTJ5-F1	100.000	521	521	521	1	521	1	521	0.0	1035
163065	AFDB:AF-A0A636MU70-F1	100.000	317	317	317	1	317	1	317	0.0	654
252744	AFDB:AF-Q55PT8-F1	100.000	603	603	603	1	603	1	603	0.0	1245
252717	AFDB:AF-Q586P4-F1	100.000	763	763	763	1	763	1	763	0.0	1569
169407	AFDB:AF-A0A7Z1SBW6-F1	100.000	136	136	136	1	136	1	136	1.66e-89	265
163001	AFDB:AF-A0A806K0T6-F1	100.000	338	338	341	1	338	4	341	0.0	695
153524	AFDB:AF-Q62V47-F1	100.000	563	563	563	1	563	1	563	0.0	1137
45685	AFDB:AF-G0AZ65-F1	100.000	275	275	275	1	275	1	275	0.0	569
52984	AFDB:AF-A6L3E4-F1	100.000	459	459	480	1	459	22	480	0.0	959
45652	AFDB:AF-Q97H19-F1	100.000	434	434	434	1	434	1	434	0.0	897
191981	AFDB:AF-U2C1K9-F1	100.000	299	299	299	1	299	1	299	0.0	622
85626	AFDB:AF-Q88EU2-F1	100.000	421	421	421	1	421	1	421	0.0	824
163144	AFDB:AF-A2CAD5-F1	100.000	283	283	283	1	283	1	283	0.0	589
167309	AFDB:AF-Q9HWM5-F1	99.856	694	694	694	1	694	1	694	0.0	1422
191297	AFDB:AF-A1R185-F1	100.000	230	230	230	1	230	1	230	3.87e-153	433
155363	AFDB:AF-Q930T6-F1	100.000	240	240	240	1	240	1	240	1.27e-174	488
158731	AFDB:AF-C3T637-F1	100.000	83	83	83	1	83	1	83	2.21e-55	174
169734	AFDB:AF-A7A6W1-F1	100.000	346	346	346	1	346	1	346	0.0	689
240969	AFDB:AF-Q9BXM7-F1	100.000	177	177	581	1	177	314	490	3.26e-123	368
49928	AFDB:AF-C7X5S9-F1	100.000	166	166	195	1	166	30	195	1.72e-117	339
155515	AFDB:AF-Q92ZQ5-F1	100.000	146	146	146	1	146	1	146	1.32e-103	301
166185	AFDB:AF-A0A6I4DBT8-F1	100.000	164	196	164	33	196	1	164	3.32e-118	341
151403	AFDB:AF-Q2K2Y8-F1	100.000	427	427	427	1	427	1	427	0.0	867
168957	AFDB:AF-A0A7U8DKZ7-F1	100.000	253	253	253	1	253	1	253	0.0	525
165755	AFDB:AF-Q57273-F1	100.000	292	292	292	1	292	1	292	0.0	610
243513	AFDB:AF-Q9BTL3-F1	100.000	118	118	118	1	118	1	118	1.99e-80	240
109786	AFDB:AF-E6MU81-F1	100.000	161	161	219	1	161	59	219	1.36e-113	330
109841	AFDB:AF-A0A0H5QAN4-F1	96.667	90	90	180	1	90	16	105	1.49e-56	181
150238	AFDB:AF-Q926B3-F1	100.000	105	105	105	1	105	1	105	9.55e-71	215
155564	AFDB:AF-Q92ZJ0-F1	100.000	412	412	412	1	412	1	412	0.0	842
162887	AFDB:AF-B2IPA0-F1	100.000	185	185	185	1	185	1	185	6.08e-129	369
207378	AFDB:AF-A0A850LPX5-F1	100.000	564	564	564	1	564	1	564	0.0	1152
156753	AFDB:AF-A0A222J510-F1	100.000	383	383	383	1	383	1	383	0.0	770
249883	AFDB:AF-Q3TQN9-F1	100.000	484	484	484	1	484	1	484	0.0	1009
185258	AFDB:AF-B9JQD3-F1	100.000	419	419	419	1	419	1	419	0.0	856
239635	AFDB:AF-K9KC49-F1	98.496	133	133	153	1	133	21	153	1.18e-91	271
153200	AFDB:AF-Q8DYM8-F1	100.000	502	502	502	1	502	1	502	0.0	1030
124467	AFDB:AF-A0A1R4AGH0-F1	97.044	203	203	386	1	203	179	381	1.85e-138	401
155624	AFDB:AF-Q92Z80-F1	100.000	129	129	129	1	129	1	129	3.81e-86	256
53896	AFDB:AF-A0A412ZIU0-F1	100.000	512	512	539	1	512	28	539	0.0	1076
166007	AFDB:AF-A0A083ZLV8-F1	99.803	507	507	507	1	507	1	507	0.0	1056
171191	AFDB:AF-A0A0X1KVJ9-F1	100.000	427	427	428	1	427	2	428	0.0	874
58274	AFDB:AF-A0A069Q561-F1	100.000	325	325	345	1	325	21	345	0.0	634
30487	AFDB:AF-A0A150EMK3-F1	100.000	175	175	175	1	175	1	175	4.31e-128	365
92003	AFDB:AF-A0A0P9WUY6-F1	100.000	319	319	319	1	319	1	319	0.0	655
228028	AFDB:AF-B4DLT0-F1	100.000	206	206	362	1	206	37	242	2.22e-152	436
154156	AFDB:AF-A4FFP8-F1	100.000	392	392	392	1	392	1	392	0.0	797
250086	AFDB:AF-A4QPA9-F1	99.746	393	393	393	1	393	1	393	0.0	808
155793	AFDB:AF-A0A222HRX5-F1	100.000	57	57	57	1	57	1	57	3.92e-33	116
53867	AFDB:AF-A4YB39-F1	100.000	201	201	220	1	201	20	220	2.13e-144	410
292156	AFDB:AF-Q9Z914-F1	100.000	334	334	334	1	334	1	334	0.0	700
12749	AFDB:AF-Q8PWV6-F1	99.798	495	495	495	1	495	1	495	0.0	1012
99259	AFDB:AF-C6IFD6-F1	100.000	591	591	591	1	591	1	591	0.0	1231
219488	AFDB:AF-B8NAL2-F1	100.000	228	228	228	1	228	1	228	4.75e-171	478
74920	AFDB:AF-C7D0G8-F1	100.000	334	334	334	1	334	1	334	0.0	684
52443	AFDB:AF-A0A1F0C7Q4-F1	100.000	518	518	518	1	518	1	518	0.0	1038
84601	AFDB:AF-A0A7T7F7C1-F1	100.000	402	402	402	1	402	1	402	0.0	836
150374	AFDB:AF-A0A2S8QMI8-F1	100.000	315	315	315	1	315	1	315	0.0	655
12332	AFDB:AF-A0A101DCZ8-F1	100.000	348	348	348	1	348	1	348	0.0	690
51217	AFDB:AF-Q8ABG1-F1	100.000	239	239	260	1	239	22	260	7.84e-177	495
164421	AFDB:AF-B9KAM0-F1	100.000	155	155	155	1	155	1	155	8.29e-107	310
162922	AFDB:AF-A5LJ79-F1	100.000	211	211	211	1	211	1	211	3.49e-150	424
89259	AFDB:AF-Q3IV13-F1	100.000	356	356	356	1	356	1	356	0.0	740
80943	AFDB:AF-A0A6I5ENH2-F1	100.000	334	334	336	1	334	1	334	0.0	664
207332	AFDB:AF-Q121U0-F1	100.000	799	799	799	1	799	1	799	0.0	1628
155873	AFDB:AF-Q92XW7-F1	100.000	83	83	83	1	83	1	83	9.55e-52	165
165466	AFDB:AF-A0A0E1MRP7-F1	100.000	574	574	574	1	574	1	574	0.0	1184
158656	AFDB:AF-A0A0H3Q162-F1	100.000	137	137	137	1	137	1	137	1.07e-93	275
180738	AFDB:AF-B2HRU4-F1	100.000	318	318	318	1	318	1	318	0.0	642
249713	AFDB:AF-Q96NZ8-F1	100.000	548	548	548	1	548	1	548	0.0	1112
179451	AFDB:AF-A0A077EK03-F1	100.000	232	232	232	1	232	1	232	4.36e-171	479
133739	AFDB:AF-Q7MQT2-F1	100.000	100	100	367	1	100	81	180	7.63e-65	209
205698	AFDB:AF-D5SYI2-F1	100.000	663	663	663	1	663	1	663	0.0	1368
160448	AFDB:AF-A0A2W5DKS9-F1	100.000	110	110	110	1	110	1	110	1.69e-75	227
159022	AFDB:AF-A9WPQ6-F1	100.000	315	315	315	1	315	1	315	0.0	641
215616	AFDB:AF-G3RV92-F1	99.327	446	446	490	1	446	1	446	0.0	915
26534	AFDB:AF-A0A127N128-F1	100.000	82	82	82	1	82	1	82	5.64e-53	168
165694	AFDB:AF-A1IU30-F1	99.875	802	802	802	1	802	1	802	0.0	1654
166719	AFDB:AF-Q8G9Z7-F1	100.000	143	143	143	1	143	1	143	1.50e-103	301
170057	AFDB:AF-Q39QF6-F1	100.000	374	374	374	1	374	1	374	0.0	775
52100	AFDB:AF-A0A0H3GTC2-F1	100.000	432	432	432	1	432	1	432	0.0	865
218287	AFDB:AF-A0A1I9LN30-F1	100.000	401	401	1242	1	401	820	1220	0.0	834
86526	AFDB:AF-K1THP1-F1	100.000	106	106	119	1	106	14	119	8.05e-69	211
119984	AFDB:AF-A0A7U5UH37-F1	100.000	245	245	298	1	245	54	298	2.91e-180	505
201828	AFDB:AF-A0A0H2WS13-F1	100.000	947	947	947	1	947	1	947	0.0	1941
239474	AFDB:AF-A0A2R9B6G1-F1	100.000	704	704	704	1	704	1	704	0.0	1451
252419	AFDB:AF-Q9H792-F1	99.943	1746	1746	1746	1	1746	1	1746	0.0	3612
168323	AFDB:AF-Q2IRP0-F1	100.000	378	378	378	1	378	1	378	0.0	766
121317	AFDB:AF-A0A837P189-F1	100.000	473	473	763	1	473	102	574	0.0	981
21126	AFDB:AF-A0A6H3A7J7-F1	100.000	399	399	399	1	399	1	399	0.0	820
184799	AFDB:AF-A5GW98-F1	100.000	318	318	318	1	318	1	318	0.0	603
49923	AFDB:AF-A6LHQ4-F1	100.000	401	401	421	1	401	21	421	0.0	805
22874	AFDB:AF-A0A0H2YRY3-F1	100.000	445	445	445	1	445	1	445	0.0	899
80106	AFDB:AF-A0A807W0A2-F1	100.000	111	111	578	1	111	152	262	1.72e-72	234
144607	AFDB:AF-A0A6I0T0T8-F1	100.000	378	378	378	1	378	1	378	0.0	784
160335	AFDB:AF-C7RH90-F1	100.000	322	322	322	1	322	1	322	0.0	662
172536	AFDB:AF-Q7NGR6-F1	100.000	445	445	445	1	445	1	445	0.0	912
