qseqid	sseqid	pident	length	qlen	slen	qstart	qend	sstart	send	evalue	bitscore	query_cov	subject_cov	uniprot
170900	3kts_H	100.0	182	182	192	1	182	3	184	1.32e-132	372.0	1.0	1.0	
251830	5bxq_B	100.0	127	127	127	1	127	1	127	6.14e-93	267.0	1.0	1.0	P61972
218334	4axp_A	100.0	109	109	109	1	109	1	109	1.0600000000000001e-73	217.0	1.0	1.0	P22943
68514	4zr7_D	100.0	119	119	126	1	119	4	122	1.67e-83	243.0	1.0	1.0	P35164
123676	3lmf_A	100.0	113	113	121	1	113	1	113	1.04e-78	230.0	1.0	1.0	Q2Y879
44751	2qjw_D	100.0	175	175	176	1	175	2	176	5.420000000000001e-122	344.0	1.0	1.0	Q8PAE4
51665	3f14_A	100.0	111	111	112	1	111	2	112	2.6100000000000002e-79	231.0	1.0	1.0	
66588	4pup_C	100.0	124	124	131	1	124	8	131	2.06e-86	250.0	1.0	1.0	B4EGA9
101995	4nt9_C	100.0	152	152	219	1	152	68	219	3.2400000000000002e-109	312.0	1.0	1.0	A0A0H2UP74
222859	8t1l_Z	100.0	131	131	131	1	131	1	131	1.16e-93	269.0	1.0	1.0	Q9CXU1
222840	2w4l_F	98.83	171	189	178	15	185	1	171	4.2899999999999995e-126	355.0	0.905	1.0	P32321
106828	3eea_B	100.0	162	169	162	8	169	1	162	3.91e-114	323.0	0.959	1.0	Q74EF5
215190	8trh_V	100.0	137	140	200	1	137	1	137	1.72e-96	279.0	0.979	1.0	Q15528
42643	2htd_B	100.0	121	121	140	1	121	20	140	3.51e-84	245.0	1.0	1.0	Q1GBW8
182254	7unw_J	100.0	143	143	143	1	143	1	143	1.69e-101	290.0	1.0	1.0	Q9HWC5
48635	3hsa_E	100.0	125	125	126	1	125	2	126	3.73e-88	254.0	1.0	1.0	A1S3D0
118886	4zva_B	100.0	158	165	165	8	165	3	160	6.39e-113	320.0	0.958	1.0	P0AA89
109978	3byw_H	100.0	174	174	177	1	174	4	177	1.0800000000000001e-124	351.0	1.0	1.0	Q6NK78
21624	3lay_J	100.0	151	151	175	1	151	25	175	7.14e-109	310.0	1.0	1.0	Q9L9I0
239579	3mtt_A	100.0	178	178	187	1	178	2	179	5.45e-128	360.0	1.0	1.0	O00459
245510	1ygh_B	100.0	164	164	164	1	164	1	164	3.47e-122	343.0	1.0	1.0	Q03330
215973	6tz9_AA	99.497	199	199	199	1	199	1	199	5.93e-144	402.0	1.0	1.0	Q7LBR1
73293	2rn7_A	97.222	108	108	108	1	108	1	108	2.0600000000000003e-73	216.0	1.0	1.0	A0A0H2VTH7
8591	2l3f_A	100.0	135	135	166	1	135	1	135	2.12e-97	280.0	1.0	1.0	Q8TTH3
197442	2ldk_A	100.0	164	165	172	2	165	1	164	1.53e-118	335.0	0.994	1.0	A1RA60
194236	3omd_B	100.0	140	140	145	1	140	6	145	2.45e-102	292.0	1.0	1.0	
167380	2p2e_A	99.153	118	118	128	1	118	3	120	1.31e-80	235.0	1.0	1.0	Q1WRG6
121325	2lfc_A	100.0	151	151	160	1	151	2	152	2.1200000000000002e-110	313.0	1.0	1.0	F9UUF7
130059	3mfx_C	100.0	120	120	129	1	120	2	121	2.61e-87	252.0	1.0	1.0	Q8EGB0
22763	4qgm_A	100.0	170	170	174	1	170	5	174	3.2900000000000005e-124	349.0	1.0	1.0	Q81MI9
51834	3fh1_A	100.0	128	128	129	1	128	2	129	4.87e-93	267.0	1.0	1.0	Q983T0
118919	5tm0_D	100.0	108	108	108	1	108	1	108	2.79e-74	218.0	1.0	1.0	P0A881
20272	5v4f_B	100.0	134	134	137	1	134	4	137	2.7699999999999996e-95	273.0	1.0	1.0	A0A3N4B9A3
235707	4ern_A	100.0	161	161	289	1	161	83	243	5.88e-116	333.0	1.0	1.0	P19447
46845	3b7c_A	100.0	121	121	122	1	121	2	122	2.6300000000000002e-86	249.0	1.0	1.0	Q8EKG8
217197	3qkg_A	99.454	183	184	193	1	183	1	183	2.5699999999999997e-136	381.0	0.995	1.0	P02760
51383	3elg_B	100.0	127	127	128	1	127	2	128	1.73e-91	263.0	1.0	1.0	A6L337
49928	4jhy_A	100.0	166	166	167	1	166	2	167	1.87e-119	337.0	1.0	1.0	A6LHZ0
194244	3o2i_C	100.0	102	102	125	1	102	22	123	2.27e-71	211.0	1.0	1.0	
63543	4hvn_B	100.0	134	134	158	1	134	25	158	5.13e-95	273.0	1.0	1.0	C7PVH9
240580	2lqw_A	100.0	155	155	303	1	155	89	243	3.18e-110	318.0	1.0	1.0	P46109
179244	4iyq_C	100.0	106	106	127	1	106	22	127	4.5300000000000005e-73	216.0	1.0	1.0	Q2GG79
117876	3ggn_B	100.0	146	146	155	1	146	2	147	2.03e-102	293.0	1.0	1.0	Q9RZE3
187871	3bn7_A	100.0	101	101	120	1	101	20	120	1.11e-69	207.0	1.0	1.0	Q9A628
122683	5z8o_B	99.306	144	144	147	1	144	4	147	9.749999999999999e-104	295.0	1.0	1.0	I7FVL6
222847	5zrt_B	100.0	160	160	180	1	160	21	180	2.6e-119	337.0	1.0	1.0	Q9NWV4
46177	6ayi_D	100.0	196	196	199	1	196	4	199	5.7800000000000004e-145	404.0	1.0	1.0	P0ACT6
193638	3mvn_A	100.0	139	139	163	1	139	25	163	1.27e-99	285.0	1.0	1.0	Q7VN73
196893	3icy_B	100.0	115	115	118	1	115	4	118	1.7599999999999998e-82	239.0	1.0	1.0	Q8KAU2
55202	4me9_B	100.0	188	188	189	1	188	2	189	4.19e-138	386.0	1.0	1.0	Q736B0
61569	4cc4_C	97.861	187	187	266	1	187	2	188	6.63e-130	368.0	1.0	1.0	P71451
47223	3bln_A	100.0	142	142	143	1	142	2	143	2.6e-101	289.0	1.0	1.0	Q72YY9
213285	8j07_l	100.0	151	151	151	1	151	1	151	1.78e-107	305.0	1.0	1.0	Q15506
214292	8trh_U	100.0	144	144	144	1	144	1	144	2.29e-102	292.0	1.0	1.0	Q13503
102994	2o2a_D	100.0	126	126	128	1	126	3	128	1.79e-88	255.0	1.0	1.0	Q8E4I8
210364	1iko_P	100.0	138	138	178	1	138	2	139	1.85e-100	288.0	1.0	1.0	P52800
215613	7cgp_J	99.029	103	103	103	1	103	1	103	7.45e-71	209.0	1.0	1.0	Q9Y5J6
51864	3g0k_A	99.225	129	129	148	1	129	20	148	3.81e-91	263.0	1.0	1.0	Q2G4A7
1588	3zog_A	100.0	172	172	191	1	172	20	191	1.9e-124	351.0	1.0	1.0	O58586
223925	2m2b_A	99.194	124	126	131	3	126	1	123	2.02e-83	243.0	0.984	1.0	P98175
169936	3i42_A	100.0	116	134	127	19	134	4	119	3.39e-81	238.0	0.866	1.0	Q1H0I3
23506	4k15_C	98.701	154	177	175	24	177	22	175	1.1099999999999999e-108	310.0	0.87	1.0	Q8Y3Z3
239492	2lah_A	100.0	135	151	160	1	135	26	160	4.67e-98	282.0	0.894	1.0	O43683
110224	3hm2_H	100.0	175	175	178	1	175	4	178	1.31e-126	356.0	1.0	1.0	Q6NHA4
51860	3ff2_A	99.138	116	116	117	1	116	2	117	1.93e-83	242.0	1.0	1.0	Q2G5Y7
107438	3g7g_H	100.0	158	158	158	1	158	1	158	5.619999999999999e-115	325.0	1.0	1.0	Q97DZ9
223160	6fit_A	100.0	147	147	147	1	147	1	147	1.07e-106	303.0	1.0	1.0	P49789
149555	3raz_A	100.0	140	160	151	21	160	4	143	4.3399999999999997e-104	297.0	0.875	1.0	Q9K1R4
61522	4lda_H	100.0	130	130	131	1	130	2	131	4.71e-87	252.0	1.0	1.0	Q9HW97
218382	4ebr_B	100.0	167	167	169	1	167	3	169	3.72e-122	344.0	1.0	1.0	Q07879
241495	4kum_B	100.0	133	133	235	1	133	61	193	9.41e-96	278.0	1.0	1.0	Q9UKL0
42824	2l25_A	100.0	140	140	141	1	140	2	141	1.86e-100	287.0	1.0	1.0	A0A0H3LPN7
189534	3gzr_B	100.0	145	145	146	1	145	2	146	7.59e-106	301.0	1.0	1.0	Q9A585
237539	3ldz_C	100.0	140	162	140	4	143	1	140	1.97e-103	295.0	0.864	1.0	Q92783
108760	3co5_B	100.0	140	140	143	1	140	4	143	2.15e-101	289.0	1.0	1.0	Q5F5Q1
1346	2hsb_A	100.0	125	125	126	1	125	2	126	8.88e-88	254.0	1.0	1.0	O29944
8110	2kck_A	100.0	103	103	112	1	103	2	104	2.5299999999999997e-69	206.0	1.0	1.0	Q6LY49
171378	2o16_B	100.0	149	168	160	20	168	4	152	3.05e-105	301.0	0.887	1.0	Q9KTZ3
46088	2raf_C	100.0	190	190	209	1	190	20	209	4.7e-139	389.0	1.0	1.0	F9URQ8
225111	2ro1_A	100.0	189	189	189	1	189	1	189	4.13e-139	389.0	1.0	1.0	Q13263
243960	2lfe_A	100.0	120	120	138	1	120	19	138	3.48e-88	255.0	1.0	1.0	Q9P2P5
12337	2ijq_B	99.375	160	160	161	1	160	2	161	1.05e-118	335.0	1.0	1.0	Q5V3A0
242745	7yw3_A	100.0	189	189	253	1	189	29	217	4.27e-136	384.0	1.0	1.0	Q86TN4
84770	3exn_A	100.0	138	138	160	1	138	10	147	2.9099999999999997e-95	274.0	1.0	1.0	Q5SLW7
47403	3gya_A	100.0	149	149	150	1	149	2	150	1.21e-109	311.0	1.0	1.0	B1YEL6
97619	3fuy_C	100.0	158	158	179	1	158	22	179	8.51e-115	325.0	1.0	1.0	B0BGB0
241647	2nog_B	95.732	164	164	173	1	164	2	165	2.51e-112	319.0	1.0	1.0	Q6DFM0
24166	6igs_D	100.0	177	177	177	1	177	1	177	5.57e-128	359.0	1.0	1.0	Q5NI77
187811	3ceb_A	100.0	193	193	194	1	193	2	194	1.1e-143	400.0	1.0	1.0	Q0I0Z6
83901	3f5b_A	100.0	159	159	182	1	159	13	171	2e-118	335.0	1.0	1.0	Q5ZWV6
194245	3m6j_D	100.0	143	143	145	1	143	3	145	1.55e-102	292.0	1.0	1.0	
43910	2o7t_A	100.0	198	198	199	1	198	2	199	3.57e-147	410.0	1.0	1.0	Q8NQ14
187730	3f7c_A	98.492	199	199	200	1	199	2	200	7.09e-144	401.0	1.0	1.0	A1TZ69
111343	3ljl_B	100.0	153	153	156	1	153	4	156	1.6800000000000002e-110	313.0	1.0	1.0	Q87J33
85458	3gn3_B	100.0	179	179	182	1	179	4	182	2.91e-133	373.0	1.0	1.0	Q87W03
190352	5bxg_A	100.0	161	161	162	1	161	2	162	6.87e-113	320.0	1.0	1.0	Q183Z1
237826	1p4q_B	100.0	101	101	101	1	101	1	101	2.54e-70	207.0	1.0	1.0	Q09472
48648	3luu_A	100.0	100	100	101	1	100	2	101	2.77e-71	210.0	1.0	1.0	B7J6R7
43022	2icg_A	100.0	159	159	160	1	159	2	160	4.61e-111	315.0	1.0	1.0	Q926X2
28705	2obb_A	100.0	139	139	142	1	139	4	142	1.1200000000000001e-100	287.0	1.0	1.0	Q8A9J5
61176	4hlb_A	100.0	114	114	115	1	114	2	115	2.92e-75	221.0	1.0	1.0	B6WUJ7
53759	3hx8_D	100.0	128	128	129	1	128	2	129	4.81e-89	257.0	1.0	1.0	Q98IZ3
12659	3dou_A	100.0	180	197	191	17	196	4	183	7.68e-130	365.0	0.914	1.0	Q97C13
150028	3u5r_H	100.0	195	195	218	1	195	24	218	1.49e-143	401.0	1.0	1.0	Q92MN6
182223	5b8f_C	100.0	157	157	164	1	157	8	164	1.13e-108	309.0	1.0	1.0	P57708
46797	3b8l_F	100.0	144	144	163	1	144	20	163	1.2999999999999999e-104	298.0	1.0	1.0	A4XEN7
58959	2mhd_A	100.0	109	109	110	1	109	2	110	6.0800000000000006e-77	225.0	1.0	1.0	
109287	2p0s_B	100.0	140	140	143	1	140	4	143	2.02e-100	287.0	1.0	1.0	Q7MVU4
51962	3hzp_A	100.0	130	130	131	1	130	2	131	1.41e-92	266.0	1.0	1.0	Q46KI2
242544	6hlv_A	100.0	141	141	166	1	141	26	166	2.21e-102	293.0	1.0	1.0	Q9H3P7
51739	3er7_B	100.0	130	130	131	1	130	2	131	3.19e-94	270.0	1.0	1.0	B1YHC8
52232	3k7c_D	100.0	113	113	114	1	113	2	114	4.18e-77	226.0	1.0	1.0	Q0PBT7
175179	6ysi_J	100.0	125	125	125	1	125	1	125	2.97e-87	252.0	1.0	1.0	D0CD23
103919	2p19_C	100.0	132	132	149	1	132	6	137	4.82e-90	260.0	1.0	1.0	Q8NTZ4
107139	6izj_A	100.0	150	150	150	1	150	1	150	3.88e-108	307.0	1.0	1.0	A0A0H3JU14
94341	3mzy_A	100.0	164	164	164	1	164	1	164	2.59e-115	326.0	1.0	1.0	Q8RIQ2
95847	3mqq_B	100.0	120	120	120	1	120	1	120	2.96e-84	244.0	1.0	1.0	Q2SVC5
234239	1my5_B	100.0	101	101	114	1	101	1	101	8.530000000000001e-72	212.0	1.0	1.0	Q04207
61037	4l3u_A	100.0	138	138	139	1	138	2	139	5.82e-98	280.0	1.0	1.0	
49548	3fcn_A	100.0	163	163	164	1	163	2	164	4.2000000000000005e-117	331.0	1.0	1.0	Q2RPE2
186846	2ifx_B	100.0	113	113	114	1	113	2	114	9.599999999999999e-82	237.0	1.0	1.0	O51799
224277	2m0g_B	100.0	104	104	104	1	104	1	104	2.87e-73	215.0	1.0	1.0	P26368
252206	9qiw_LV	100.0	140	140	140	1	140	1	140	8.139999999999999e-98	280.0	1.0	1.0	P62829
42750	3e5d_A	100.0	126	126	127	1	126	2	127	1.54e-90	261.0	1.0	1.0	
216182	8p0w_D	100.0	199	199	199	1	199	1	199	1.34e-143	400.0	1.0	1.0	Q9H0A8
53884	3h51_B	100.0	155	155	156	1	155	2	156	1.18e-112	319.0	1.0	1.0	Q8PCA7
224042	3lqc_A	100.0	183	183	189	1	183	1	183	4.1e-135	378.0	1.0	1.0	P18887
46799	2rgq_C	100.0	143	143	144	1	143	2	144	6.86e-104	296.0	1.0	1.0	
201231	3mer_B	100.0	194	194	202	1	194	1	194	4.06e-142	397.0	1.0	1.0	P74712
52073	3f9s_B	100.0	145	145	146	1	145	2	146	1.15e-106	303.0	1.0	1.0	
113544	3nhv_E	100.0	105	105	144	1	105	32	136	1.37e-73	218.0	1.0	1.0	Q9KB42
237990	7azx_B	100.0	100	100	121	1	100	10	109	6.67e-69	204.0	1.0	1.0	Q13105
3695	3ha9_A	100.0	162	162	165	1	162	4	165	6.46e-118	333.0	1.0	1.0	Q9Y8R5
165454	9he1_E	100.0	113	113	121	1	113	1	113	3.07e-81	236.0	1.0	1.0	P0A937
175272	5cy4_F	100.0	188	188	196	1	188	9	196	2.9999999999999997e-140	392.0	1.0	1.0	V5VGJ9
241718	6pax_A	97.744	133	133	133	1	133	1	133	3.55e-92	265.0	1.0	1.0	P26367
180997	3mpz_D	99.219	128	128	150	1	128	23	150	4.06e-88	255.0	1.0	1.0	A0QT11
58439	4ebg_B	100.0	100	100	101	1	100	2	101	4.67e-65	194.0	1.0	1.0	A0A0H3JX79
190857	4leh_C	100.0	166	166	185	1	166	20	185	8.81e-121	341.0	1.0	1.0	
238192	5chz_A	100.0	138	138	192	1	138	49	186	3.6e-101	290.0	1.0	1.0	O95243
237674	6agw_A	100.0	128	128	185	1	128	1	128	5.52e-86	251.0	1.0	1.0	Q14790
243056	6wvt_X	100.0	191	191	236	1	191	2	192	3.48e-140	393.0	1.0	1.0	P26231
44351	3g8w_D	100.0	166	166	169	1	166	4	169	1.61e-119	337.0	1.0	1.0	A0A0H2VFJ4
51868	3ejv_A	100.0	160	160	179	1	160	20	179	1.5e-113	322.0	1.0	1.0	Q2G4M1
49851	4o2t_B	100.0	167	167	168	1	167	2	168	5.89e-121	341.0	1.0	1.0	A6LCN0
47817	2re7_A	100.0	133	133	134	1	133	2	134	4.85e-95	273.0	1.0	1.0	Q4FV99
110572	3b79_A	100.0	126	126	129	1	126	4	129	7.38e-87	251.0	1.0	1.0	Q87FE3
194943	3eyt_D	100.0	155	155	158	1	155	4	158	2.53e-112	318.0	1.0	1.0	Q5LL54
201968	3hly_C	100.0	145	145	161	1	145	2	146	6.91e-104	296.0	1.0	1.0	A0A0H3K5M0
104908	2qzi_D	100.0	100	100	103	1	100	4	103	6.4e-69	204.0	1.0	1.0	Q5M594
208863	9e9a_A	100.0	129	129	150	1	129	22	150	9.839999999999999e-89	257.0	1.0	1.0	O51390
8554	6mro_A	99.485	194	195	194	1	194	1	194	4.92e-143	399.0	0.995	1.0	Q8TNZ0
53666	3k0z_B	100.0	158	158	159	1	158	2	159	2.05e-115	326.0	1.0	1.0	Q73CY4
6151	3b73_B	100.0	108	108	111	1	108	4	111	1.31e-74	219.0	1.0	1.0	Q5V043
3797	3nzn_B	99.0	100	100	103	1	100	4	103	1.52e-68	203.0	1.0	1.0	Q8PS17
224296	2yud_A	100.0	167	176	180	10	176	14	180	2.0700000000000002e-124	350.0	0.949	1.0	Q96MU7
187235	2q0y_A	100.0	152	152	153	1	152	2	153	2.97e-110	313.0	1.0	1.0	Q470Y2
51679	3ejk_A	99.422	173	173	174	1	173	2	174	3.43e-126	355.0	1.0	1.0	Q30V07
287687	5u2i_F	100.0	151	151	159	1	151	9	159	1.6500000000000002e-109	311.0	1.0	1.0	A0A1S4NYF9
58001	4id2_B	100.0	165	165	166	1	165	2	166	1.95e-120	339.0	1.0	1.0	
47418	4ri1_C	100.0	180	180	186	1	180	7	186	3.72e-128	360.0	1.0	1.0	O25094
43010	2i8d_B	100.0	122	122	123	1	122	2	123	2.37e-88	255.0	1.0	1.0	Q035U5
3624	3fix_D	100.0	159	159	183	1	159	25	183	8.13e-112	318.0	1.0	1.0	Q9HL57
58907	4qrl_A	100.0	115	115	116	1	115	2	116	7.78e-81	235.0	1.0	1.0	
217654	2jwn_B	100.0	121	121	124	1	121	4	124	1.39e-88	255.0	1.0	1.0	Q6TY21
241764	6lae_B	100.0	111	111	145	1	111	4	114	1.3700000000000003e-79	233.0	1.0	1.0	P23025
166307	3c4r_D	99.291	141	141	151	1	141	3	143	1.0499999999999999e-101	290.0	1.0	1.0	A0A0H2V6G8
224062	3llr_E	100.0	153	154	154	2	154	2	154	9.21e-112	317.0	0.994	1.0	Q9Y6K1
199762	3p9v_B	100.0	153	153	161	1	153	1	153	9.169999999999999e-111	314.0	1.0	1.0	A1U5H9
234511	7wu7_5	100.0	119	120	140	1	119	22	140	8.19e-84	244.0	0.992	1.0	Q99471
52074	3eo6_B	100.0	105	105	106	1	105	2	106	1.72e-71	211.0	1.0	1.0	
86526	3lax_A	100.0	106	106	109	1	106	4	109	2.43e-71	211.0	1.0	1.0	A6L0Y5
82916	3juw_C	100.0	172	172	175	1	172	4	175	4.56e-124	349.0	1.0	1.0	Q7VZN9
223992	2m0g_A	99.231	130	130	145	1	130	1	130	4.09e-91	263.0	1.0	1.0	Q15637
224299	1oa8_D	96.241	133	133	133	1	133	1	133	9.859999999999999e-92	264.0	1.0	1.0	P54253
45610	2l1t_A	100.0	108	108	109	1	108	2	109	6.27e-75	220.0	1.0	1.0	Q748G9
78657	3nkz_D	100.0	115	115	123	1	115	4	118	3.36e-79	231.0	1.0	1.0	A1JSR8
51666	3f40_A	100.0	113	113	114	1	113	2	114	2.82e-81	236.0	1.0	1.0	
5215	2nwi_F	99.383	162	162	172	1	162	3	164	5.37e-113	321.0	1.0	1.0	O28875
252028	5xrh_A	100.0	142	142	145	1	142	4	145	2.82e-105	299.0	1.0	1.0	Q05315
44308	2opl_B	100.0	186	186	187	1	186	2	187	7.839999999999999e-138	385.0	1.0	1.0	Q749F5
224276	6tr0_A	100.0	189	189	205	1	189	11	199	2.88e-139	389.0	1.0	1.0	P26368
52593	3imk_A	100.0	157	157	158	1	157	2	158	4.1e-115	325.0	1.0	1.0	Q2LU76
103286	2o6p_B	100.0	125	125	161	1	125	3	127	4.14e-88	256.0	1.0	1.0	Q8KQR1
64875	4yf1_D	100.0	180	180	187	1	180	8	187	4.1599999999999996e-134	375.0	1.0	1.0	Q8Y8T2
18308	5k35_A	100.0	168	172	182	1	168	15	182	2.68e-123	347.0	0.977	1.0	Q5ZTL7
57877	3n6y_B	100.0	136	136	137	1	136	2	137	9.59e-97	277.0	1.0	1.0	Q9I3B5
242135	2jm1_A	100.0	138	156	141	5	142	4	141	2.41e-101	290.0	0.885	1.0	P46100
234793	8trh_1	100.0	142	142	178	1	142	37	178	1.65e-101	291.0	1.0	1.0	Q9H204
222861	9qiw_LZ	100.0	136	136	136	1	136	1	136	3.4299999999999995e-95	273.0	1.0	1.0	P61353
190750	4nzk_A	100.0	352	352	353	1	352	2	353	0.0	724.0	1.0	1.0	B0MKR4
175196	6mfm_B	100.0	305	305	313	1	305	9	313	0.0	625.0	1.0	1.0	A0A0D5YC82
59528	7muy_DH	100.0	334	334	361	1	334	28	361	0.0	680.0	1.0	1.0	
169650	3kzh_B	99.377	321	321	328	1	321	1	321	0.0	654.0	1.0	1.0	Q8XKB8
45853	5jnm_A	100.0	368	368	402	1	368	35	402	0.0	749.0	1.0	1.0	A7X522
58803	4ghn_A	100.0	392	392	393	1	392	2	393	0.0	820.0	1.0	1.0	
181541	8j4y_F	99.691	324	324	324	1	324	1	324	0.0	666.0	1.0	1.0	P9WH71
59467	8sxq_C	100.0	358	358	379	1	358	22	379	0.0	719.0	1.0	1.0	Q5ZVT4
36108	3q1o_D	99.668	301	303	310	1	301	10	310	0.0	614.0	0.993	1.0	O25583
207316	3e3m_D	99.71	345	346	355	1	345	3	347	0.0	702.0	0.997	1.0	Q5LKY7
242154	7un6_C	100.0	301	301	416	1	301	77	377	0.0	617.0	1.0	1.0	P55209
207577	3kd6_B	99.342	304	304	313	1	304	3	306	0.0	625.0	1.0	1.0	Q8KDR9
252122	3cvg_D	98.951	286	305	294	19	304	1	286	0.0	585.0	0.938	1.0	J3KFC8
227617	6erq_J	99.734	376	396	377	21	396	2	377	0.0	779.0	0.949	1.0	Q9H5Q4
63181	4evs_A	99.461	371	390	371	20	390	1	371	0.0	754.0	0.951	1.0	Q6NB45
150047	4dio_B	99.738	382	382	405	1	382	24	405	0.0	753.0	1.0	1.0	F7X914
169068	3gg9_D	98.837	344	353	352	10	353	1	344	0.0	703.0	0.975	1.0	Q8Y3G4
177855	5u8o_D	100.0	359	359	367	1	359	9	367	0.0	733.0	1.0	1.0	A0A0H3KRR5
53097	3pi7_A	100.0	348	348	349	1	348	2	349	0.0	705.0	1.0	1.0	Q98H03
178462	5wnn_B	100.0	342	342	363	1	342	22	363	0.0	684.0	1.0	1.0	Q63V82
81630	3ix1_B	100.0	302	330	302	29	330	1	302	0.0	608.0	0.915	1.0	Q9K9G5
180952	8irk_D	100.0	371	371	392	1	371	22	392	0.0	737.0	1.0	1.0	A0R5M7
98717	7pva_D	100.0	393	393	523	1	393	131	523	0.0	816.0	1.0	1.0	Q7MVV4
31766	4n4u_B	99.344	305	326	326	22	326	22	326	0.0	620.0	0.936	1.0	A0A0H3LMU1
2079	3f9t_B	100.0	396	396	397	1	396	2	397	0.0	803.0	1.0	1.0	Q60358
192	1y8a_A	99.675	308	308	332	1	308	23	330	0.0	621.0	1.0	1.0	O28835
30862	1qyi_A	100.0	376	376	384	1	376	1	376	0.0	768.0	1.0	1.0	A0A0H3JXW6
172457	3cdx_F	100.0	343	346	354	3	345	4	346	0.0	699.0	0.991	1.0	Q3HKK3
64301	4tvv_D	99.667	300	319	314	20	319	15	314	0.0	627.0	0.94	1.0	Q5ZRR1
208915	6dj8_B	100.0	385	385	393	1	385	9	393	0.0	769.0	1.0	1.0	P33761
149709	7p2f_C	100.0	376	376	376	1	376	1	376	0.0	773.0	1.0	1.0	Q92Z29
147363	4k91_B	100.0	345	386	346	25	369	2	346	0.0	714.0	0.894	1.0	A0A0H2ZFH3
29081	3wlx_A	100.0	333	333	333	1	333	1	333	0.0	687.0	1.0	1.0	P75823
61578	4fmz_B	100.0	346	346	347	1	346	2	347	0.0	674.0	1.0	1.0	
35343	6gp5_B	100.0	332	353	352	22	353	21	352	0.0	697.0	0.941	1.0	Q89YR3
25789	3un6_A	100.0	308	324	324	17	324	17	324	0.0	647.0	0.951	1.0	Q2G1I5
176825	7ll6_A	100.0	326	326	334	1	326	9	334	0.0	668.0	1.0	1.0	A9WYA5
168541	3fnd_A	99.013	304	347	312	44	347	1	304	0.0	629.0	0.876	1.0	Q8A3X9
92003	4p7c_B	95.611	319	319	322	1	319	4	322	0.0	636.0	1.0	1.0	Q87XG5
185298	5hqj_A	100.0	288	313	311	26	313	24	311	0.0	584.0	0.92	1.0	B1G1H7
1626	2rau_A	100.0	353	353	354	1	353	2	354	0.0	714.0	1.0	1.0	Q97VU1
20707	4g5h_A	99.707	341	342	363	2	342	23	363	0.0	703.0	0.997	1.0	A0A0H3JPH0
240776	4fl6_B	99.694	327	346	332	20	346	2	328	0.0	682.0	0.945	1.0	Q96JM7
240614	7mon_B	99.367	316	343	316	1	316	1	316	0.0	642.0	0.921	1.0	Q9Y572
97614	3moi_A	100.0	387	387	387	1	387	1	387	0.0	799.0	1.0	1.0	A0A0H3LRN8
50231	3dxq_B	100.0	300	300	301	1	300	2	301	0.0	617.0	1.0	1.0	Q98BZ3
17159	2pbz_C	99.677	310	310	320	1	310	3	312	0.0	617.0	1.0	1.0	Q5JD28
61550	4gt6_A	100.0	393	393	394	1	393	2	394	0.0	808.0	1.0	1.0	C7H408
45882	3fse_B	100.0	364	364	365	1	364	2	365	0.0	750.0	1.0	1.0	Q3M4J2
218640	4mjz_B	100.0	307	320	324	12	318	18	324	0.0	629.0	0.959	1.0	B6KBH9
95968	4kbx_A	100.0	387	387	388	1	387	2	388	0.0	796.0	1.0	1.0	P45550
215351	7jn7_C	99.742	387	392	537	1	387	1	387	0.0	800.0	0.987	1.0	Q9Y2G2
51548	3ju7_B	100.0	376	376	377	1	376	2	377	0.0	783.0	1.0	1.0	Q739W0
61535	4e6e_A	100.0	313	313	314	1	313	2	314	0.0	601.0	1.0	1.0	Q47QW6
215512	8of4_L	100.0	355	355	355	1	355	1	355	0.0	724.0	1.0	1.0	Q8N6T7
20750	3roh_A	100.0	311	311	329	1	311	19	329	0.0	640.0	1.0	1.0	Q2FXB0
43406	2qdr_B	100.0	302	302	303	1	302	2	303	0.0	630.0	1.0	1.0	B2J7U5
152125	5vg6_J	100.0	319	319	341	1	319	23	341	0.0	640.0	1.0	1.0	A7IIH0
26250	4eys_A	100.0	343	343	346	1	343	4	346	0.0	701.0	1.0	1.0	A0A0H2UN46
23459	4rwr_B	99.355	310	339	331	30	339	22	331	0.0	629.0	0.914	1.0	A0A6L7HNW1
287614	4i1i_B	100.0	324	324	345	1	324	22	345	0.0	657.0	1.0	1.0	Q4Q7X6
120632	3goz_A	100.0	310	310	362	1	310	1	310	0.0	611.0	1.0	1.0	Q5ZSW6
47747	3gff_B	100.0	330	330	331	1	330	2	331	0.0	679.0	1.0	1.0	Q8ECU8
43687	2ozg_A	100.0	395	395	396	1	395	2	396	0.0	814.0	1.0	1.0	Q3M362
58118	6e9b_D	100.0	398	398	420	1	398	23	420	0.0	815.0	1.0	1.0	
167914	3cwv_B	100.0	359	361	369	2	360	3	361	0.0	724.0	0.994	1.0	Q1CZR7
74420	3i23_B	100.0	349	349	349	1	349	1	349	0.0	723.0	1.0	1.0	Q835X4
49780	4qhb_D	100.0	394	394	395	1	394	2	395	0.0	814.0	1.0	1.0	A6L3Z9
59607	4kh9_B	100.0	373	373	374	1	373	2	374	0.0	768.0	1.0	1.0	Q5ZWX8
215792	8i0r_X	100.0	396	396	396	1	396	1	396	0.0	794.0	1.0	1.0	Q8TAD8
92708	3lzk_D	100.0	338	338	359	1	338	22	359	0.0	689.0	1.0	1.0	Q92LT4
46357	3gs9_A	100.0	341	341	342	1	341	2	342	0.0	709.0	1.0	1.0	Q8Y4Z4
178647	4q1t_D	100.0	372	372	376	1	372	5	376	0.0	734.0	1.0	1.0	Q2SZF9
149635	3uoe_B	100.0	334	334	357	1	334	24	357	0.0	649.0	1.0	1.0	Q930Q4
22514	5kz6_B	99.405	336	360	336	25	360	1	336	0.0	680.0	0.933	1.0	A0A6L7H1P2
45916	2qw5_B	100.0	334	334	335	1	334	2	335	0.0	686.0	1.0	1.0	Q3M5E3
170145	3lto_B	100.0	315	322	323	8	322	1	315	0.0	652.0	0.978	1.0	Q5ZTW8
156438	4wbt_C	100.0	373	373	376	1	373	4	376	0.0	752.0	1.0	1.0	Q92R63
165743	2cu2_A	99.703	337	337	337	1	337	1	337	0.0	658.0	1.0	1.0	Q5SHI0
67414	4z8z_A	100.0	323	323	323	1	323	1	323	0.0	657.0	1.0	1.0	A3DBP6
237682	9cdy_A	100.0	288	320	300	9	296	4	291	0.0	597.0	0.9	1.0	Q12852
57768	3n91_A	100.0	322	322	323	1	322	2	323	0.0	664.0	1.0	1.0	
126526	4ew6_A	100.0	308	308	330	1	308	23	330	0.0	630.0	1.0	1.0	Q2KA75
224526	4atb_C	100.0	324	326	364	3	326	3	326	0.0	667.0	0.994	1.0	Q9CXY6
168876	3l6d_B	99.664	298	302	306	5	302	4	301	0.0	599.0	0.987	1.0	Q88J51
224395	7m3q_A	100.0	380	380	387	1	380	8	387	0.0	792.0	1.0	1.0	Q9HAU4
52800	4fem_A	100.0	353	369	358	17	369	6	358	0.0	726.0	0.957	1.0	G8JZT0
18540	4d9n_B	100.0	398	398	398	1	398	1	398	0.0	829.0	1.0	1.0	P66899
170736	6h2t_A	100.0	288	328	288	41	328	1	288	0.0	583.0	0.878	1.0	P96257
286854	6efx_A	100.0	346	346	354	1	346	9	354	0.0	708.0	1.0	1.0	J9VIT7
45858	2qr6_A	100.0	374	374	393	1	374	20	393	0.0	757.0	1.0	1.0	Q8NSR4
82792	3d0k_B	100.0	301	301	304	1	301	4	304	0.0	616.0	1.0	1.0	Q7W3B7
52719	4q1z_A	100.0	399	399	400	1	399	2	400	0.0	821.0	1.0	1.0	Q8A6E6
239693	3tht_D	100.0	331	331	345	1	331	1	331	0.0	689.0	1.0	1.0	Q96BT7
28587	4hpn_A	100.0	378	378	378	1	378	1	378	0.0	773.0	1.0	1.0	A9CEQ8
208973	8qo1_Um	95.611	319	319	319	1	319	1	319	0.0	632.0	1.0	1.0	Q9R3U6
181533	4if2_A	100.0	326	326	326	1	326	1	326	0.0	669.0	1.0	1.0	P9WHN9
64847	4ryk_A	100.0	300	300	306	1	300	7	306	0.0	609.0	1.0	1.0	Q8YA39
190627	4lr4_D	100.0	369	369	370	1	369	2	370	0.0	756.0	1.0	1.0	C4ZEB7
176209	5jis_D	99.415	342	342	350	1	342	1	342	0.0	692.0	1.0	1.0	A0A0F6AQU1
67471	5f2h_B	100.0	314	314	317	1	314	4	317	0.0	647.0	1.0	1.0	Q739P5
53327	3sno_A	100.0	314	314	315	1	314	2	315	0.0	641.0	1.0	1.0	Q8NMJ3
69884	3axt_A	100.0	392	392	392	1	392	1	392	0.0	806.0	1.0	1.0	O67010
190293	4qan_B	100.0	389	389	390	1	389	2	390	0.0	783.0	1.0	1.0	A7B4B4
167963	3l6u_B	100.0	282	317	293	30	311	4	285	0.0	578.0	0.89	1.0	B1YL86
244847	4mps_B	99.676	309	309	310	1	309	2	310	0.0	647.0	1.0	1.0	P13721
175156	5eo6_B	100.0	316	316	324	1	316	9	324	0.0	659.0	1.0	1.0	A0A0D5YE19
189070	3hl1_B	100.0	316	316	317	1	316	2	317	0.0	648.0	1.0	1.0	Q9AAP0
179438	6mtk_A	100.0	321	321	329	1	321	9	329	0.0	663.0	1.0	1.0	A0A077EER2
66585	4q51_B	100.0	274	314	281	41	314	8	281	0.0	560.0	0.873	1.0	B4EN46
176210	8qob_A	99.669	302	302	307	1	302	6	307	0.0	603.0	1.0	1.0	Q8YI30
53255	3goh_A	100.0	314	314	315	1	314	2	315	0.0	650.0	1.0	1.0	Q8EED0
172708	3ij6_D	100.0	302	304	312	3	304	4	305	0.0	623.0	0.993	1.0	Q5FK79
107493	8xqb_C4	97.947	341	341	341	1	341	1	341	0.0	692.0	1.0	1.0	P03713
51750	3ezu_A	100.0	341	341	342	1	341	2	342	0.0	696.0	1.0	1.0	Q74FR4
288213	7miz_23	100.0	351	351	351	1	351	1	351	0.0	710.0	1.0	1.0	A0A7J6K285
49018	3k7x_A	99.707	341	341	349	1	341	1	341	0.0	696.0	1.0	1.0	Q92DQ0
168654	3dz1_A	99.342	304	317	313	1	304	3	306	0.0	618.0	0.959	1.0	Q6N4Z3
47545	7odq_A	100.0	351	351	352	1	351	2	352	0.0	709.0	1.0	1.0	Q5F6E9
43733	2pn1_A	100.0	330	330	331	1	330	2	331	0.0	676.0	1.0	1.0	B1YM69
180652	3qh4_A	99.679	312	313	317	1	312	6	317	0.0	622.0	0.997	1.0	B2HLX2
86764	3ocj_A	100.0	302	302	305	1	302	4	305	0.0	612.0	1.0	1.0	Q7WBE0
61598	4h09_E	100.0	378	378	379	1	378	2	379	0.0	758.0	1.0	1.0	A5Z5V6
168853	3dp7_B	99.437	355	356	363	2	356	1	355	0.0	734.0	0.997	1.0	A6KZ44
251035	8cm8_B	100.0	317	317	317	1	317	1	317	0.0	657.0	1.0	1.0	O00214
112745	3fjy_B	99.718	354	362	364	9	362	3	356	0.0	736.0	0.978	1.0	A0ZZM4
20993	6y6g_A	100.0	359	359	359	1	359	1	359	0.0	751.0	1.0	1.0	Q06994
234398	3vn9_A	100.0	306	306	340	1	306	29	334	0.0	636.0	1.0	1.0	P52564
12414	7ovp_B	100.0	340	341	340	2	341	1	340	0.0	679.0	0.997	1.0	O58230
1897	3ing_A	100.0	324	324	325	1	324	2	325	0.0	647.0	1.0	1.0	Q9HIZ7
210370	2b42_A	100.0	381	381	381	1	381	1	381	0.0	763.0	1.0	1.0	Q8H0K8
32472	7x0p_A	100.0	354	372	354	19	372	1	354	0.0	726.0	0.952	1.0	A3DI69
58723	4ad0_D	100.0	366	366	382	1	366	17	382	0.0	767.0	1.0	1.0	Q8A109
189075	3gn6_D	100.0	320	320	321	1	320	2	321	0.0	653.0	1.0	1.0	Q8KDY2
21126	3os6_D	99.749	399	399	399	1	399	1	399	0.0	818.0	1.0	1.0	A0A6H3A7J7
144109	3tg9_B	100.0	332	332	356	1	332	3	334	0.0	694.0	1.0	1.0	Q9KAM0
240122	4rkk_C	99.696	329	331	332	1	329	4	332	0.0	685.0	0.994	1.0	O95278
224368	8w9a_B	100.0	373	373	724	1	373	322	694	0.0	778.0	1.0	1.0	P27986
60018	4ei0_B	100.0	311	311	312	1	311	2	312	0.0	639.0	1.0	1.0	
54625	3mdq_A	100.0	314	314	315	1	314	2	315	0.0	641.0	1.0	1.0	
144814	3uif_A	100.0	324	348	348	25	348	3	326	0.0	664.0	0.931	1.0	Q1H106
47270	3ce9_D	100.0	353	353	354	1	353	2	354	0.0	709.0	1.0	1.0	Q97IL4
92503	3mt1_B	100.0	365	365	365	1	365	1	365	0.0	754.0	1.0	1.0	Q92TG9
87846	6dzg_D	100.0	300	300	300	1	300	1	300	0.0	620.0	1.0	1.0	Q92SA6
179435	6bn2_A	100.0	392	392	401	1	392	9	400	0.0	795.0	1.0	1.0	A0A077EEP0
58409	5h7z_B	100.0	354	354	376	1	354	23	376	0.0	729.0	1.0	1.0	Q9I3K3
166096	2nrj_A	98.837	344	375	346	32	375	3	346	0.0	694.0	0.917	1.0	P80172
234381	8zwo_B	100.0	326	326	354	1	326	29	354	0.0	679.0	1.0	1.0	
223513	9nkj_Y	100.0	389	389	389	1	389	1	389	0.0	800.0	1.0	1.0	Q15008
252228	9g2w_B	95.89	365	365	365	1	365	1	365	0.0	722.0	1.0	1.0	Q9Y371
44145	3gjy_A	100.0	314	314	317	1	314	4	317	0.0	655.0	1.0	1.0	Q8NR27
97442	3cdd_F	100.0	358	359	361	2	359	4	361	0.0	729.0	0.997	1.0	Q8EDP4
1616	2e7j_B	100.0	371	371	371	1	371	1	371	0.0	771.0	1.0	1.0	O30207
36804	3ip3_H	100.0	327	328	337	2	328	3	329	0.0	673.0	0.997	1.0	Q9WYQ6
294863	2rfq_D	100.0	391	391	394	1	391	4	394	0.0	802.0	1.0	1.0	Q0S811
147281	4v33_B	99.722	360	360	360	1	360	1	360	0.0	741.0	1.0	1.0	A0A6L8P8I1
240579	2lqw_A	100.0	303	303	303	1	303	1	303	0.0	631.0	1.0	1.0	P46109
236731	4eqf_A	98.765	324	324	365	1	324	42	365	0.0	664.0	1.0	1.0	Q8C437
215956	7nsc_A	100.0	388	388	729	1	388	342	729	0.0	817.0	1.0	1.0	Q96S59
50159	4jx0_B	100.0	319	319	320	1	319	2	320	0.0	657.0	1.0	1.0	Q5L9W9
234945	9i2c_B	100.0	314	314	488	1	314	105	418	0.0	662.0	1.0	1.0	Q92769
45644	3gb0_A	100.0	372	372	373	1	372	2	373	0.0	748.0	1.0	1.0	Q731F0
241678	8y6o_U	100.0	346	346	565	1	346	210	555	0.0	724.0	1.0	1.0	Q53GS9
12327	3eeq_B	98.792	331	337	336	7	337	1	331	0.0	650.0	0.982	1.0	Q97WD0
185328	4yhs_A	100.0	331	353	354	23	353	24	354	0.0	667.0	0.938	1.0	
43750	3tlk_C	99.371	318	318	326	1	318	1	318	0.0	636.0	1.0	1.0	P0AEL6
30851	3htv_A	100.0	309	309	310	1	309	2	310	0.0	643.0	1.0	1.0	P32718
1628	6djt_A	100.0	311	311	331	1	311	21	331	0.0	639.0	1.0	1.0	Q57705
53588	4jg5_A	100.0	354	354	355	1	354	2	355	0.0	724.0	1.0	1.0	A6LHQ6
45906	2qe8_B	100.0	342	342	343	1	342	2	343	0.0	695.0	1.0	1.0	Q3M5E0
45341	2pyx_B	100.0	525	525	526	1	525	2	526	0.0	1096.0	1.0	1.0	Q085A0
168912	8a56_B	99.818	548	549	571	2	549	24	571	0.0	1107.0	0.998	1.0	Q82ZQ9
234734	9brj_A	99.831	590	590	598	1	590	1	590	0.0	1226.0	1.0	1.0	P34947
144616	7oqd_AAA	97.8	500	509	510	10	509	11	510	0.0	1028.0	0.982	1.0	Q8A789
215035	9gy4_B	100.0	506	506	506	1	506	1	506	0.0	1031.0	1.0	1.0	Q96JB5
214938	8rm5_9	100.0	501	501	501	1	501	1	501	0.0	1036.0	1.0	1.0	Q12874
30859	1fui_F	100.0	591	591	591	1	591	1	591	0.0	1237.0	1.0	1.0	P69922
170097	3h7l_C	99.48	577	579	586	2	578	3	579	0.0	1202.0	0.997	1.0	Q87LX4
22617	5kzt_B	99.81	527	558	536	32	558	2	528	0.0	1064.0	0.944	1.0	A0A0H3GJB6
54250	3cv2_B	100.0	532	533	532	2	533	1	532	0.0	1110.0	0.998	1.0	P08997
116119	3lmm_D	99.826	575	575	583	1	575	1	575	0.0	1157.0	1.0	1.0	Q6NEG3
20039	4oo2_D	100.0	527	527	527	1	527	1	527	0.0	1085.0	1.0	1.0	Q8GMG6
26133	7ajz_B	100.0	503	524	523	22	524	5	507	0.0	1045.0	0.96	1.0	Q9KSI8
252568	7kpr_B	99.793	482	514	486	33	514	5	486	0.0	996.0	0.938	1.0	Q9ULR3
210328	5la7_A	100.0	508	508	509	1	508	2	509	0.0	1043.0	1.0	1.0	Q9Y251
224387	8d3o_B	100.0	512	512	543	1	512	24	535	0.0	1049.0	1.0	1.0	O95831
187890	9cku_G	96.781	497	517	498	19	515	1	497	0.0	983.0	0.961	1.0	P9WNU9
65304	9b2z_A	99.801	503	558	509	19	521	1	503	0.0	1024.0	0.901	1.0	Q5ZSJ0
58050	4eps_A	100.0	509	509	510	1	509	2	510	0.0	1056.0	1.0	1.0	A7M4E1
226601	7kw7_E	100.0	543	543	543	1	543	1	543	0.0	1116.0	1.0	1.0	P31948
215760	8j6t_N	100.0	559	559	559	1	559	1	559	0.0	1156.0	1.0	1.0	Q13112
210327	3pm0_A	98.004	501	512	507	12	512	3	503	0.0	1023.0	0.979	1.0	Q16678
215504	8was_1	100.0	548	548	548	1	548	1	548	0.0	1148.0	1.0	1.0	P32780
61410	5cd6_C	100.0	579	579	580	1	579	2	580	0.0	1197.0	1.0	1.0	A6LCM3
250716	8tie_l	100.0	541	541	1037	1	541	497	1037	0.0	1103.0	1.0	1.0	P35729
53445	3hi0_B	100.0	507	507	508	1	507	2	508	0.0	1028.0	1.0	1.0	A9CJF9
175954	5k0t_C	100.0	515	515	536	1	515	22	536	0.0	1066.0	1.0	1.0	P59078
52808	3kk7_B	100.0	540	540	541	1	540	2	541	0.0	1110.0	1.0	1.0	Q8A267
64289	6rre_F	100.0	471	507	471	37	507	1	471	0.0	966.0	0.929	1.0	Q5ZSQ2
235077	8du4_N	100.0	538	538	538	1	538	1	538	0.0	1107.0	1.0	1.0	Q15291
176203	5ez3_D	99.819	551	551	573	1	551	23	573	0.0	1131.0	1.0	1.0	Q8YC61
252495	6v0t_A	98.712	466	537	467	72	537	1	466	0.0	961.0	0.868	1.0	P35816
252880	7l0e_B	99.812	533	533	533	1	533	1	533	0.0	1106.0	1.0	1.0	Q28175
20900	3m07_A	100.0	594	594	618	1	594	25	618	0.0	1222.0	1.0	1.0	Q8ZPF0
25785	4q7f_A	100.0	510	511	527	2	511	18	527	0.0	1064.0	0.998	1.0	Q2G1L5
180919	4rmf_A	100.0	598	598	609	1	598	1	598	0.0	1216.0	1.0	1.0	A0QWN3
21626	3nzt_A	100.0	501	501	525	1	501	25	525	0.0	1028.0	1.0	1.0	Q5NHS8
177651	5uju_B	100.0	568	568	576	1	568	9	576	0.0	1154.0	1.0	1.0	A0A0H3KBY8
59053	4n0r_B	100.0	512	512	513	1	512	2	513	0.0	1072.0	1.0	1.0	A6KXB7
18314	4f2d_C	99.6	500	500	500	1	500	1	500	0.0	1043.0	1.0	1.0	P08202
144575	3t66_A	99.59	488	528	496	41	528	1	488	0.0	1001.0	0.924	1.0	Q9KBX8
215823	8ir3_q	100.0	588	588	588	1	588	1	588	0.0	1211.0	1.0	1.0	O00541
218726	4nwg_B	99.814	539	593	539	1	539	1	539	0.0	1127.0	0.909	1.0	Q06124
169576	3i8b_A	100.0	504	506	515	3	506	4	507	0.0	1018.0	0.996	1.0	A1A0I0
215732	9fmd_t	100.0	504	504	504	1	504	1	504	0.0	1044.0	1.0	1.0	Q9UMS4
11715	7tom_A	100.0	506	506	526	1	506	21	526	0.0	1035.0	1.0	1.0	Q58036
176844	5u2a_A	98.81	504	504	564	1	504	61	564	0.0	1015.0	1.0	1.0	A9MB96
218497	9fmd_R	100.0	536	536	536	1	536	1	536	0.0	1098.0	1.0	1.0	Q13573
238806	6uca_F	98.869	442	513	442	23	464	1	442	0.0	922.0	0.862	1.0	Q9H5U6
169562	3qdk_D	100.0	561	563	572	3	563	4	564	0.0	1159.0	0.996	1.0	Q9KBQ3
156396	6fny_H	99.805	512	512	515	1	512	4	515	0.0	1066.0	1.0	1.0	O69787
181470	9kev_F	100.0	528	528	528	1	528	1	528	0.0	1055.0	1.0	1.0	P9WGI1
210326	8xl5_L	100.0	516	516	539	1	516	24	539	0.0	1068.0	1.0	1.0	P05166
65370	5czy_A	100.0	483	545	483	63	545	1	483	0.0	1004.0	0.886	1.0	Q5ZUS4
25942	5d6a_A	100.0	551	551	575	1	551	25	575	0.0	1145.0	1.0	1.0	Q7MEA1
51919	3hn7_A	100.0	505	505	524	1	505	20	524	0.0	1039.0	1.0	1.0	Q4FVQ2
105655	3ced_C	100.0	95	95	98	1	95	4	98	2.02e-64	192.0	1.0	1.0	Q99VG8
225330	2dgu_A	100.0	74	74	103	1	74	8	81	1.17e-47	149.0	1.0	1.0	O60506
58338	3tdq_B	100.0	97	97	98	1	97	2	98	1.6499999999999997e-67	200.0	1.0	1.0	Q51537
240885	6vax_D	100.0	84	84	166	1	84	60	143	2.27e-57	176.0	1.0	1.0	Q9NX18
175204	7uw1_Y	100.0	58	58	58	1	58	1	58	6.410000000000001e-37	120.0	1.0	1.0	B7IA21
224246	2j06_B	100.0	61	61	65	1	61	5	65	1.06e-38	125.0	1.0	1.0	P20936
111344	3ljl_B	100.0	91	91	156	1	91	66	156	4.69e-61	186.0	1.0	1.0	Q87J33
237828	3p57_P	100.0	92	92	112	1	92	3	94	2.54e-61	185.0	1.0	1.0	Q09472
26534	8bvm_O	100.0	82	82	82	1	82	1	82	2.35e-55	168.0	1.0	1.0	Q9HUM0
243241	5vsx_B	100.0	75	75	89	1	75	11	85	3.76e-50	155.0	1.0	1.0	Q9NZJ4
235907	1iuy_A	98.913	92	92	92	1	92	1	92	8.29e-61	183.0	1.0	1.0	Q9JLV5
119943	2kvv_A	98.571	70	70	78	1	70	1	70	4.44e-47	147.0	1.0	1.0	A6T888
223755	3soo_C	100.0	87	87	88	1	87	2	88	2.53e-57	174.0	1.0	1.0	Q5T7N2
61698	7pq4_A	100.0	72	72	90	1	72	19	90	1.61e-46	146.0	1.0	1.0	P95493
73559	3k3s_H	100.0	84	84	105	1	84	22	105	3.02e-55	169.0	1.0	1.0	A0A0H2VY20
232219	2lrq_A	100.0	78	88	85	1	78	8	85	7.05e-55	167.0	0.886	1.0	Q9Y0I1
225262	5zsw_A	100.0	86	86	89	1	86	4	89	2.45e-57	174.0	1.0	1.0	P98175
242364	6jjy_A	98.734	79	79	134	1	79	9	87	2.96e-54	167.0	1.0	1.0	Q5SXA9
102324	2gbo_B	100.0	90	90	104	1	90	4	93	1.0799999999999999e-61	185.0	1.0	1.0	Q831P3
234971	2lfh_B	100.0	47	55	68	1	47	22	68	8.250000000000001e-27	95.1	0.855	1.0	Q02535
109826	3gv1_C	98.795	83	83	147	1	83	56	138	5.1200000000000006e-58	177.0	1.0	1.0	Q5F6V7
241147	2puy_B	100.0	58	58	60	1	58	3	60	1.99e-37	121.0	1.0	1.0	Q96BD5
190886	2mhe_B	100.0	74	74	74	1	74	1	74	2.93e-49	152.0	1.0	1.0	Q9ABC3
111229	3bee_B	100.0	90	90	93	1	90	4	93	2.18e-60	182.0	1.0	1.0	Q87ND7
224124	2frw_A	100.0	57	57	57	1	57	1	57	8.98e-37	119.0	1.0	1.0	O43639
117193	2ota_B	100.0	68	68	76	1	68	1	68	1.96e-43	137.0	1.0	1.0	Q481E4
65131	4wsp_A	100.0	94	94	94	1	94	1	94	2.02e-64	192.0	1.0	1.0	P9WLS3
241149	1jfi_A	100.0	77	77	98	1	77	1	77	4.41e-51	158.0	1.0	1.0	Q14919
242352	8yap_B	100.0	28	28	37	1	28	9	36	8.24e-11	52.4	1.0	1.0	Q86YC2
241770	2da6_A	96.774	93	93	102	1	93	8	100	1.48e-62	187.0	1.0	1.0	P35680
117603	2l3u_A	100.0	82	82	98	1	82	7	88	1.58e-53	164.0	1.0	1.0	B8FX10
175058	7uw1_V	100.0	85	85	85	1	85	1	85	4.81e-56	170.0	1.0	1.0	B7I6V8
125904	2kyw_A	97.222	72	75	87	4	75	2	73	2.0599999999999997e-40	130.0	0.96	1.0	Q03HU7
236638	2rrd_A	100.0	82	82	101	1	82	17	98	7.51e-55	167.0	1.0	1.0	P54132
241490	2lv2_A	100.0	54	54	85	1	54	27	80	1.9599999999999998e-34	114.0	1.0	1.0	Q01101
242911	5h7s_B	100.0	75	75	128	1	75	24	98	6.569999999999999e-48	150.0	1.0	1.0	Q8TBB1
102868	2o3g_A	100.0	81	81	92	1	81	12	92	2.4299999999999997e-54	166.0	1.0	1.0	Q9JYP7
153521	7vm0_B	100.0	405	405	414	1	405	1	405	0.0	836.0	1.0	1.0	O31853
64318	5jg4_B	99.553	447	449	447	3	449	1	447	0.0	916.0	0.996	1.0	
179168	7rhe_A	100.0	415	415	423	1	415	9	423	0.0	822.0	1.0	1.0	A4JE13
245534	6vk3_B	100.0	401	401	542	1	401	20	420	0.0	838.0	1.0	1.0	Q99220
178441	7swh_D	100.0	433	433	454	1	433	22	454	0.0	889.0	1.0	1.0	Q63LU9
150360	4hb9_A	100.0	411	411	412	1	411	2	412	0.0	850.0	1.0	1.0	Q7N4T1
180905	3u0b_A	100.0	450	450	454	1	450	5	454	0.0	896.0	1.0	1.0	A0QPE7
50000	4q69_B	100.0	461	461	462	1	461	2	462	0.0	959.0	1.0	1.0	Q8A5I0
188205	3gwq_B	100.0	425	425	426	1	425	2	426	0.0	873.0	1.0	1.0	Q145Q0
243543	6khf_A	99.796	490	490	490	1	490	1	490	0.0	1015.0	1.0	1.0	P49761
113692	3lv4_B	100.0	447	473	456	27	473	2	448	0.0	927.0	0.945	1.0	Q65D31
210309	6ob0_D	99.777	448	448	448	1	448	1	448	0.0	937.0	1.0	1.0	P06858
30855	2zyd_B	99.786	468	468	480	1	468	13	480	0.0	956.0	1.0	1.0	P00350
98640	3eh7_A	100.0	428	428	434	1	428	7	434	0.0	883.0	1.0	1.0	Q7MWD3
178933	4xgi_F	100.0	434	434	436	1	434	3	436	0.0	889.0	1.0	1.0	Q2SZ78
20758	6snr_A	99.286	420	421	420	1	420	1	420	0.0	865.0	0.998	1.0	P0C1Q0
172437	2imr_A	100.0	418	418	420	1	418	3	420	0.0	839.0	1.0	1.0	Q9RW45
50001	5fq8_C	100.0	480	481	480	2	481	1	480	0.0	998.0	0.998	1.0	Q8A5H6
178792	4q4l_A	100.0	464	464	485	1	464	22	485	0.0	946.0	1.0	1.0	Q2STE9
59162	4ogz_B	100.0	472	472	473	1	472	2	473	0.0	972.0	1.0	1.0	Q5L7T7
36820	4nar_A	100.0	427	427	435	1	427	1	427	0.0	877.0	1.0	1.0	Q9WYS3
63130	3quf_B	99.745	392	421	414	30	421	21	412	0.0	794.0	0.931	1.0	B7GMZ0
209442	5v0t_H	100.0	486	486	494	1	486	9	494	0.0	996.0	1.0	1.0	Q13W28
252522	5nzz_D	99.771	436	462	504	1	436	1	436	0.0	897.0	0.944	1.0	Q15750
215503	8rm5_8	100.0	464	464	464	1	464	1	464	0.0	883.0	1.0	1.0	Q15428
215616	8ron_D	100.0	434	446	482	13	446	5	438	0.0	898.0	0.973	1.0	Q8NFF5
168498	3cym_A	100.0	430	431	440	1	430	3	432	0.0	872.0	0.998	1.0	A1A237
242739	6h3c_F	100.0	415	415	434	1	415	20	434	0.0	862.0	1.0	1.0	Q15018
58182	7nwf_A	100.0	450	450	451	1	450	2	451	0.0	927.0	1.0	1.0	Q8A0N4
20663	3wqu_D	99.362	470	470	484	1	470	17	484	0.0	932.0	1.0	1.0	Q6GHQ0
200609	5gor_F	100.0	468	468	476	1	468	9	476	0.0	968.0	1.0	1.0	Q8YWS9
213966	9ezj_D	99.743	389	406	403	18	406	15	403	0.0	799.0	0.958	1.0	P48775
234970	8c8c_A	100.0	374	406	375	33	406	2	375	0.0	780.0	0.921	1.0	P48426
74958	3clq_D	100.0	418	418	421	1	418	4	421	0.0	863.0	1.0	1.0	Q82ZN9
46425	6h3f_A	100.0	433	433	441	1	433	1	433	0.0	900.0	1.0	1.0	A0A0H3JT80
182708	4j5u_B	100.0	420	420	420	1	420	1	420	0.0	867.0	1.0	1.0	A8GTI9
20731	4x7p_B	100.0	493	493	493	1	493	1	493	0.0	1003.0	1.0	1.0	A0A0H2WWV6
223619	9duo_B	99.769	432	432	434	1	432	3	434	0.0	887.0	1.0	1.0	Q9BV38
40118	3nix_H	100.0	413	413	421	1	413	1	413	0.0	849.0	1.0	1.0	
52977	3k50_A	100.0	402	402	403	1	402	2	403	0.0	834.0	1.0	1.0	A0A380YY03
57937	9d60_A	100.0	479	479	480	1	479	2	480	0.0	1003.0	1.0	1.0	A0AAN3A5R0
149945	3us8_B	100.0	404	404	427	1	404	24	427	0.0	838.0	1.0	1.0	Q92PG6
25336	3nvs_A	100.0	426	426	450	1	426	25	450	0.0	877.0	1.0	1.0	Q9KRB0
53701	3k11_A	100.0	444	444	445	1	444	2	445	0.0	929.0	1.0	1.0	Q8A045
185202	5ci5_B	100.0	394	412	415	19	412	22	415	0.0	813.0	0.956	1.0	A8F7X5
227238	8glv_Jb	100.0	459	459	459	1	459	1	459	0.0	926.0	1.0	1.0	Q01657
54310	3tvi_L	99.771	437	437	446	1	437	2	438	0.0	880.0	1.0	1.0	Q97MC0
101324	2ols_A	100.0	405	405	794	1	405	1	405	0.0	834.0	1.0	1.0	Q9K0I2
223556	3ihj_A	99.79	476	479	498	4	479	23	498	0.0	988.0	0.994	1.0	Q8TD30
32281	4r6h_A	99.754	407	426	428	20	426	22	428	0.0	842.0	0.955	1.0	O34335
26302	4yng_H	100.0	470	470	470	1	470	1	470	0.0	956.0	1.0	1.0	P0AD62
51927	3g0t_B	100.0	436	436	437	1	436	2	437	0.0	906.0	1.0	1.0	Q7MUZ3
210319	6xz9_C	99.375	480	480	489	1	480	1	480	0.0	983.0	1.0	1.0	P19099
224579	8i0t_9	97.269	476	498	520	2	473	31	506	0.0	961.0	0.956	1.0	Q13356
177303	4qku_D	100.0	433	433	441	1	433	9	441	0.0	888.0	1.0	1.0	B4ECX4
45652	3k9t_A	99.77	434	434	435	1	434	2	435	0.0	895.0	1.0	1.0	Q97H19
91401	8vc5_B	100.0	494	494	502	1	494	9	502	0.0	1024.0	1.0	1.0	Q9XCL6
22754	6cxd_A	100.0	432	432	456	1	432	25	456	0.0	890.0	1.0	1.0	P58475
170253	3h9m_A	99.532	427	429	436	1	427	3	429	0.0	888.0	0.995	1.0	
57940	4hbs_A	100.0	415	415	416	1	415	2	416	0.0	869.0	1.0	1.0	
169908	3lkb_B	98.701	385	407	392	23	407	1	385	0.0	787.0	0.946	1.0	Q5SL42
215102	8s0f_D	100.0	436	436	436	1	436	1	436	0.0	899.0	1.0	1.0	O43929
52762	3hrp_A	100.0	408	408	409	1	408	2	409	0.0	838.0	1.0	1.0	Q8A1I2
166297	3kq5_A	100.0	391	410	393	10	400	3	393	0.0	805.0	0.954	1.0	Q83DY0
28465	4dzi_D	99.75	400	400	423	1	400	2	401	0.0	814.0	1.0	1.0	
207919	2q01_C	99.795	487	487	497	1	487	3	489	0.0	991.0	1.0	1.0	Q9A874
287365	3oc9_A	99.501	401	401	405	1	401	5	405	0.0	818.0	1.0	1.0	C4M036
214951	9cae_I	100.0	456	456	456	1	456	1	456	0.0	929.0	1.0	1.0	
214594	9bq2_B	100.0	422	427	422	1	422	1	422	0.0	854.0	0.988	1.0	O75955
210297	9cqj_B	98.187	386	400	387	15	400	2	387	0.0	782.0	0.965	1.0	A0A8I3NIH9
49987	8aa0_G	100.0	438	438	461	1	438	24	461	0.0	901.0	1.0	1.0	Q8A6W5
168948	3fef_D	99.773	441	446	450	6	446	2	442	0.0	910.0	0.989	1.0	P39130
234959	8h3f_D	100.0	406	406	406	1	406	1	406	0.0	838.0	1.0	1.0	Q9BT78
42587	3hka_C	100.0	427	427	427	1	427	1	427	0.0	888.0	1.0	1.0	Q9KFI6
166844	8g28_B	100.0	423	423	426	1	423	4	426	0.0	863.0	1.0	1.0	A0A0H2URL5
49923	3liu_B	100.0	401	401	402	1	401	2	402	0.0	804.0	1.0	1.0	A6LHQ4
207109	3bg2_B	100.0	444	444	444	1	444	1	444	0.0	917.0	1.0	1.0	A3XHN1
48265	3k1t_A	100.0	431	431	432	1	431	2	432	0.0	892.0	1.0	1.0	Q1GYA6
252231	7unf_U	100.0	456	456	456	1	456	1	456	0.0	951.0	1.0	1.0	
45522	3b9t_D	100.0	483	483	484	1	483	2	484	0.0	1003.0	1.0	1.0	Q1GZG6
108083	4tv7_D	100.0	479	479	479	1	479	1	479	0.0	994.0	1.0	1.0	P94426
30856	2uyt_A	98.16	489	489	489	1	489	1	489	0.0	996.0	1.0	1.0	Q1R415
29931	4im7_A	100.0	486	486	506	1	486	21	506	0.0	1008.0	1.0	1.0	A0A0H2V7F2
224718	7l7i_C	100.0	457	457	457	1	457	1	457	0.0	937.0	1.0	1.0	Q13451
84601	3fnb_B	100.0	402	402	405	1	402	4	405	0.0	836.0	1.0	1.0	Q8DUZ1
165764	5way_B	99.594	493	492	501	1	492	1	493	0.0	994.0	1.002	1.0	Q97P44
238970	5ebe_A	100.0	418	453	418	33	450	1	418	0.0	865.0	0.923	1.0	Q92484
215080	8h3f_B	100.0	443	443	443	1	443	1	443	0.0	917.0	1.0	1.0	P61201
60582	4ftd_A	100.0	452	452	453	1	452	2	453	0.0	931.0	1.0	1.0	
169457	8hm4_B	98.361	427	456	427	30	456	1	427	0.0	870.0	0.936	1.0	A0A0K6BYR7
53691	3hdx_A	100.0	477	477	478	1	477	2	478	0.0	987.0	1.0	1.0	Q8AB42
110234	3lso_B	100.0	486	486	489	1	486	4	489	0.0	979.0	1.0	1.0	Q6NEZ3
53710	3nqh_A	100.0	440	440	441	1	440	2	441	0.0	917.0	1.0	1.0	Q8A3J5
286808	8fbu_B	98.126	427	466	431	40	466	5	431	0.0	873.0	0.916	1.0	Q5CV46
210301	8tzr_C	100.0	400	400	417	1	400	18	417	0.0	805.0	1.0	1.0	P27797
27127	6muk_A	99.75	400	430	401	31	430	2	401	0.0	811.0	0.93	1.0	Q5F676
29287	4mks_B	97.454	432	432	440	1	432	1	432	0.0	868.0	1.0	1.0	Q042F4
215202	9c5b_M	100.0	418	418	418	1	418	1	418	0.0	860.0	1.0	1.0	Q9Y2T2
53794	6smq_D	100.0	482	482	482	1	482	1	482	0.0	997.0	1.0	1.0	F5H948
123934	5a5x_B	99.779	452	452	452	1	452	1	452	0.0	928.0	1.0	1.0	Q9HXN1
242201	9b85_q	100.0	401	401	401	1	401	1	401	0.0	814.0	1.0	1.0	Q13561
51650	3d6k_D	100.0	419	419	422	1	419	4	422	0.0	866.0	1.0	1.0	Q6NJY4
227682	7zdm_1	95.69	464	455	464	1	455	1	464	0.0	913.0	1.02	1.0	W5PUX0
170085	5yti_A	100.0	411	411	411	1	411	1	411	0.0	825.0	1.0	1.0	Q5ZW61
80446	6xzc_G	100.0	460	460	460	1	460	1	460	0.0	924.0	1.0	1.0	P9WJD9
172416	3b40_A	97.349	415	448	417	34	448	3	417	0.0	823.0	0.926	1.0	Q5DIQ1
170303	3i3v_D	99.747	396	429	405	34	429	2	397	0.0	799.0	0.923	1.0	Q9RL34
240459	8w2j_D	100.0	420	420	780	1	420	333	752	0.0	882.0	1.0	1.0	P17858
207951	3c8t_A	99.774	442	456	451	15	456	2	443	0.0	895.0	0.969	1.0	Q11C84
201788	7ui4_A	100.0	416	416	436	1	416	21	436	0.0	871.0	1.0	1.0	P0DW33
52814	3fdh_A	100.0	498	498	499	1	498	2	499	0.0	1029.0	1.0	1.0	Q8A653
18795	6vwp_H	100.0	434	434	437	1	434	4	437	0.0	912.0	1.0	1.0	P0AEW6
64299	7xql_A	100.0	471	471	471	1	471	1	471	0.0	966.0	1.0	1.0	Q5ZSR1
175250	7mwa_B	99.005	402	402	402	1	402	1	402	0.0	819.0	1.0	1.0	D0CDW7
172726	4yiw_B	99.533	428	428	451	1	428	24	451	0.0	878.0	1.0	1.0	Q81WF0
123037	3h6e_B	99.788	472	475	482	1	472	3	474	0.0	942.0	0.994	1.0	Q2G9H7
53035	3k6o_B	100.0	223	223	224	1	223	2	224	1.3700000000000001e-164	456.0	1.0	1.0	A6L1M8
217586	2q52_B	100.0	223	224	224	2	224	2	224	1.41e-165	458.0	0.996	1.0	
168847	3l8d_A	100.0	242	242	242	1	242	1	242	0.0	500.0	1.0	1.0	
60784	4nw4_A	100.0	293	293	294	1	293	2	294	0.0	596.0	1.0	1.0	Q838R0
93674	3bgh_B	100.0	225	249	236	25	249	4	228	1.5100000000000002e-163	455.0	0.904	1.0	O25166
55130	3lwj_A	100.0	201	201	202	1	201	2	202	1.6999999999999998e-146	408.0	1.0	1.0	Q0B0W9
53395	3qxb_D	100.0	297	297	316	1	297	20	316	0.0	608.0	1.0	1.0	Q2RUN2
49254	3clo_C	100.0	257	257	258	1	257	2	258	0.0	536.0	1.0	1.0	Q8A5Q7
68660	3d1l_B	100.0	263	263	266	1	263	4	266	0.0	546.0	1.0	1.0	Q5LAQ6
215500	2r55_B	99.048	210	213	231	4	213	22	231	4.77e-158	439.0	0.986	1.0	Q9NSY2
224363	2btp_B	100.0	234	234	256	1	234	23	256	8.72e-175	483.0	1.0	1.0	P27348
20340	3isv_B	100.0	266	266	269	1	266	4	269	0.0	548.0	1.0	1.0	Q8Y7N7
76893	6koe_F	98.592	213	213	296	1	213	84	296	3.3400000000000003e-156	437.0	1.0	1.0	P34957
216486	8or3_F	98.069	259	259	261	1	259	3	261	0.0	526.0	1.0	1.0	Q96GG9
294853	2ql3_L	100.0	205	205	209	1	205	3	207	6.72e-148	412.0	1.0	1.0	Q0SFM8
113691	6nkc_B	100.0	174	204	181	31	204	2	175	5.130000000000001e-123	348.0	0.853	1.0	Q65HR4
215398	5yjf_D	98.864	264	264	284	1	264	21	284	0.0	539.0	1.0	1.0	P40261
51681	3e97_A	100.0	230	230	231	1	230	2	231	2.1100000000000002e-164	456.0	1.0	1.0	Q1IZR6
80130	3r9j_B	99.615	260	270	260	1	260	1	260	0.0	517.0	0.963	1.0	P0AEZ3
82464	2f9w_B	100.0	248	248	271	1	248	24	271	5.240000000000001e-179	495.0	1.0	1.0	Q9HWC1
17339	6ofu_D	100.0	278	278	286	1	278	1	278	0.0	576.0	1.0	1.0	P77704
57666	4jqr_A	100.0	228	228	229	1	228	2	229	9.5e-168	464.0	1.0	1.0	
49991	3rh3_B	100.0	263	263	264	1	263	2	264	0.0	538.0	1.0	1.0	Q8A6H6
216247	7w5a_X	100.0	254	254	254	1	254	1	254	0.0	513.0	1.0	1.0	Q9GZU8
76932	5ium_B	100.0	216	216	218	1	216	3	218	2.48e-157	437.0	1.0	1.0	O34757
178458	4jgb_B	99.519	208	208	213	1	208	6	213	4.17e-146	408.0	1.0	1.0	Q63VH2
46640	3dfu_B	100.0	231	231	232	1	231	2	232	1.52e-168	466.0	1.0	1.0	Q8NM90
215771	8was_k	100.0	211	211	211	1	211	1	211	7.26e-154	427.0	1.0	1.0	Q15544
243749	9eij_F	99.66	294	294	294	1	294	1	294	0.0	603.0	1.0	1.0	P45880
30861	3kzx_A	100.0	210	210	231	1	210	22	231	6.51e-154	429.0	1.0	1.0	Q2GHD1
225964	5y88_T	100.0	283	283	283	1	283	1	283	0.0	575.0	1.0	1.0	P52868
227444	4dmb_B	100.0	204	204	204	1	204	1	204	5.58e-153	425.0	1.0	1.0	Q7Z4H3
224585	2azm_B	100.0	206	207	207	2	207	1	206	2.9999999999999996e-150	418.0	0.995	1.0	Q14676
243262	3j99_G	98.955	287	287	297	1	287	10	296	0.0	585.0	1.0	1.0	P54921
43795	3bzw_F	100.0	263	285	274	23	285	4	266	0.0	553.0	0.923	1.0	Q8A3J3
28968	4eze_B	100.0	295	295	317	1	295	23	317	0.0	608.0	1.0	1.0	Q8Z598
215835	4lec_B	99.526	211	218	212	8	218	2	212	2.0300000000000001e-156	434.0	0.968	1.0	Q8WXB1
223049	1ne7_F	100.0	289	289	289	1	289	1	289	0.0	605.0	1.0	1.0	P46926
79161	8k76_B	99.565	230	229	249	1	229	20	249	5.08e-169	468.0	1.004	1.0	Q8R6D8
89473	3o66_B	100.0	279	279	282	1	279	4	282	0.0	576.0	1.0	1.0	A0A0H3K0Z1
103220	3doa_A	100.0	259	259	288	1	259	30	288	0.0	532.0	1.0	1.0	A0A0H3JV08
215971	7eof_A	100.0	191	208	204	1	191	14	204	1.31e-141	396.0	0.918	1.0	Q86WR0
234658	9npx_C	100.0	220	220	264	1	220	15	234	2.04e-164	457.0	1.0	1.0	
166083	2nrh_B	98.565	209	209	219	1	209	3	211	2.55e-149	416.0	1.0	1.0	Q0PBB6
61769	5cag_A	100.0	293	293	318	1	293	26	318	0.0	589.0	1.0	1.0	A7LXW1
287621	7ane_BH	100.0	229	229	229	1	229	1	229	4.6099999999999994e-172	475.0	1.0	1.0	Q4QBK2
97263	4rsx_A	100.0	246	247	257	2	247	1	246	0.0	514.0	0.996	1.0	Q87UE5
52826	3see_A	100.0	221	221	222	1	221	2	222	1.0800000000000001e-161	448.0	1.0	1.0	Q89ZG6
237509	8ro7_A	100.0	239	239	456	1	239	215	453	9.47e-176	494.0	1.0	1.0	Q14683
251846	1nnl_B	99.556	225	225	225	1	225	1	225	3.94e-167	462.0	1.0	1.0	P78330
97241	2of7_A	100.0	233	235	260	3	235	26	258	2.1400000000000003e-163	455.0	0.991	1.0	Q9EWH2
53583	4qhz_D	100.0	245	245	246	1	245	2	246	0.0	508.0	1.0	1.0	A6LIT1
224016	9hmn_Z	100.0	205	205	205	1	205	1	205	5.78e-152	422.0	1.0	1.0	P28072
209703	3ng3_D	98.655	223	223	227	1	223	5	227	1.8e-146	410.0	1.0	1.0	A0QLL2
287800	7eao_A	96.053	228	230	228	1	228	1	228	6.09e-157	437.0	0.991	1.0	P0CG48
1669	3bdi_A	99.515	206	206	207	1	206	2	207	1.1e-151	422.0	1.0	1.0	Q9HLN3
89366	3iv6_D	100.0	258	258	261	1	258	4	261	0.0	528.0	1.0	1.0	Q3IV08
286721	3s6d_A	100.0	289	289	310	1	289	22	310	0.0	580.0	1.0	1.0	P0CL22
19683	2if6_B	100.0	184	202	186	19	202	3	186	1.24e-136	383.0	0.911	1.0	Q8X778
53326	3kgy_B	100.0	212	212	231	1	212	20	231	4.44e-157	437.0	1.0	1.0	A9WHX7
61283	4qrk_A	100.0	219	219	220	1	219	2	220	6.57e-148	413.0	1.0	1.0	
224314	1vec_B	99.512	205	205	206	1	205	1	205	2.42e-150	418.0	1.0	1.0	P26196
111508	3h1q_B	99.628	269	269	272	1	269	4	272	0.0	528.0	1.0	1.0	Q3AE93
58361	4e72_A	100.0	225	225	226	1	225	2	226	2.13e-168	466.0	1.0	1.0	Q9HUJ3
47644	3cwr_B	100.0	207	207	208	1	207	2	208	3.59e-142	398.0	1.0	1.0	Q2RWL2
187471	2q7s_B	100.0	289	289	290	1	289	2	290	0.0	588.0	1.0	1.0	Q46VW8
109266	7cmg_B	99.298	285	285	533	1	285	40	324	0.0	576.0	1.0	1.0	B2RLE8
184975	2hsz_B	100.0	224	224	243	1	224	20	243	9.56e-168	464.0	1.0	1.0	Q0I1W8
97313	2ra5_A	100.0	245	245	247	1	245	3	247	2.81e-176	487.0	1.0	1.0	Q9RKT6
182263	8rwg_D	100.0	273	273	273	1	273	1	273	0.0	551.0	1.0	1.0	Q9HWD8
192382	5cq9_B	100.0	286	286	319	1	286	34	319	0.0	592.0	1.0	1.0	Q8ZQC8
118928	2ior_A	100.0	215	215	235	1	215	21	235	1.32e-156	436.0	1.0	1.0	P0A6Z3
177043	5w15_D	100.0	267	267	275	1	267	9	275	0.0	535.0	1.0	1.0	B1YPY7
56680	3myx_B	100.0	237	237	238	1	237	2	238	2.92e-175	484.0	1.0	1.0	Q88AY9
236888	5lrv_A	100.0	263	263	318	1	263	11	273	0.0	545.0	1.0	1.0	Q6GQQ9
237497	3bej_B	100.0	224	224	238	1	224	13	236	2.63e-168	466.0	1.0	1.0	Q96RI1
187191	2pbl_D	100.0	261	261	262	1	261	2	262	0.0	532.0	1.0	1.0	Q1GDP2
216332	7qgg_SA	100.0	295	295	295	1	295	1	295	0.0	608.0	1.0	1.0	P38983
20223	4jb7_A	100.0	233	256	256	24	256	24	256	5.48e-173	480.0	0.91	1.0	Q9KTQ6
46538	3c18_C	100.0	289	289	290	1	289	2	290	0.0	589.0	1.0	1.0	B1YK61
97425	3mnf_A	100.0	247	247	250	1	247	4	250	3.1699999999999997e-180	497.0	1.0	1.0	Q828L9
8262	3lmc_A	100.0	202	202	210	1	202	1	202	1.69e-148	414.0	1.0	1.0	A2SQK8
58932	4eiu_A	100.0	248	248	249	1	248	2	249	0.0	507.0	1.0	1.0	
1851	3dlc_A	97.706	218	218	219	1	218	2	219	9.26e-155	431.0	1.0	1.0	Q6LY14
21116	3sc6_F	100.0	284	284	287	1	284	4	287	0.0	593.0	1.0	1.0	A0A6L7H7R4
182170	5f23_A	100.0	275	275	283	1	275	9	283	0.0	550.0	1.0	1.0	Q9HUP3
209010	7mie_A	100.0	261	261	284	1	261	24	284	0.0	518.0	1.0	1.0	O51675
188173	2xit_B	100.0	278	278	294	1	278	1	278	0.0	564.0	1.0	1.0	A0A0H3CA70
165498	2iqi_H	98.953	191	214	192	24	214	2	192	4.4499999999999996e-135	380.0	0.893	1.0	Q8PCT0
68178	5g1f_B	100.0	247	247	260	1	247	7	253	0.0	516.0	1.0	1.0	P53559
206829	2imh_B	99.548	221	221	231	1	221	3	223	9.15e-161	446.0	1.0	1.0	Q5LQD5
144379	4bpt_D	99.632	272	281	272	10	281	1	272	0.0	561.0	0.968	1.0	Q5ZS72
175057	6amz_A	100.0	273	273	281	1	273	9	281	0.0	561.0	1.0	1.0	Q5DL43
243750	9mxz_A	100.0	243	267	243	25	267	1	243	3.4899999999999995e-176	488.0	0.91	1.0	P02647
150372	7tcl_X	100.0	281	281	281	1	281	1	281	0.0	591.0	1.0	1.0	Q7N3A2
47424	3bkx_B	100.0	274	274	275	1	274	2	275	0.0	557.0	1.0	1.0	Q034N3
37870	3frn_A	99.63	270	286	278	17	286	2	271	0.0	527.0	0.944	1.0	Q9X1M7
21175	4ecm_A	100.0	245	245	269	1	245	25	269	0.0	509.0	1.0	1.0	A0A6L8PCC3
124225	7ejg_C	96.186	236	260	237	24	259	2	237	1.7e-165	460.0	0.908	1.0	
63193	3rqx_A	100.0	276	276	279	1	276	4	279	0.0	566.0	1.0	1.0	P94368
97380	3eet_B	100.0	250	250	272	1	250	23	272	1.28e-179	497.0	1.0	1.0	Q82IF8
189328	3l0a_A	100.0	265	265	266	1	265	2	266	0.0	553.0	1.0	1.0	C4ZCC6
169360	3dup_B	100.0	290	292	300	1	290	3	292	0.0	592.0	0.993	1.0	Q2RXX6
53368	3qqm_H	100.0	220	220	221	1	220	2	221	3.21e-160	444.0	1.0	1.0	Q98H69
288516	8b5v_B	100.0	245	245	245	1	245	1	245	0.0	503.0	1.0	1.0	Q4E4A3
12406	5trd_B	99.545	220	220	230	1	220	3	222	2.02e-160	445.0	1.0	1.0	Q9HJA6
53029	4fmr_D	100.0	264	264	265	1	264	2	265	0.0	531.0	1.0	1.0	A6L2B2
50084	3pet_B	100.0	220	220	221	1	220	2	221	8.84e-157	436.0	1.0	1.0	Q5LIP7
43903	2o2g_A	100.0	222	222	223	1	222	2	223	1.5000000000000001e-161	448.0	1.0	1.0	Q3M5Q1
187803	3bhn_A	100.0	217	217	236	1	217	20	236	3.84e-160	445.0	1.0	1.0	A3QGX4
57992	4e9k_A	100.0	240	240	241	1	240	2	241	4.93e-178	491.0	1.0	1.0	
110476	2p7j_B	100.0	286	286	287	1	286	2	287	0.0	582.0	1.0	1.0	Q87SR8
46621	3b5p_A	100.0	243	243	244	1	243	2	244	6.76e-180	496.0	1.0	1.0	D0VWS1
215754	6h25_C	100.0	276	276	278	1	276	3	278	0.0	568.0	1.0	1.0	Q96B26
176040	5vyr_B	99.614	259	259	261	1	259	3	261	0.0	533.0	1.0	1.0	F8WJP6
179458	6mfk_A	100.0	208	208	216	1	208	9	216	8.87e-154	427.0	1.0	1.0	X5KVH4
52599	3hft_A	100.0	256	256	257	1	256	2	257	0.0	530.0	1.0	1.0	A0A0H3LGE5
187797	3bfm_A	100.0	234	234	235	1	234	2	235	7.89e-169	468.0	1.0	1.0	Q1GJN9
209687	7kmw_D	99.574	235	235	257	1	235	23	257	2.98e-160	447.0	1.0	1.0	Q743W5
59121	4lfd_D	99.07	215	222	216	8	222	2	216	1.08e-158	441.0	0.968	1.0	A0A0H2XI76
87770	3lr1_A	100.0	233	233	236	1	233	4	236	8.46e-171	473.0	1.0	1.0	Q749P2
45716	3dzv_B	100.0	272	272	273	1	272	2	273	0.0	559.0	1.0	1.0	Q830K4
106157	3buu_B	100.0	219	219	229	1	219	9	227	4.32e-163	452.0	1.0	1.0	Q82SR2
83613	9bd4_B	100.0	234	234	242	1	234	8	241	2.8e-175	484.0	1.0	1.0	A0A060VRI4
215902	6rw0_A	100.0	286	286	429	1	286	55	340	0.0	595.0	1.0	1.0	Q5VTE6
23851	5zqe_H	99.213	254	272	276	19	272	23	276	0.0	509.0	0.934	1.0	Q8Y3M3
52090	3eof_B	100.0	247	247	248	1	247	2	248	0.0	515.0	1.0	1.0	Q5L9C9
79023	3onq_D	100.0	257	257	262	1	257	5	261	0.0	526.0	1.0	1.0	A0ZZZ7
111252	3ck6_E	99.545	220	220	252	1	220	4	223	1.4400000000000001e-164	457.0	1.0	1.0	Q87M69
240815	9ckf_B	100.0	237	237	433	1	237	8	244	8e-179	501.0	1.0	1.0	Q9NRG4
2151	7r2k_Q	100.0	236	237	238	2	237	1	236	1.34e-175	485.0	0.996	1.0	Q8U336
187188	4hgx_B	100.0	271	271	271	1	271	1	271	0.0	556.0	1.0	1.0	Q8ZK48
215390	8rdz_D	100.0	219	219	219	1	219	1	219	4.27e-164	454.0	1.0	1.0	Q9UKK9
182016	5kwv_B	100.0	278	278	286	1	278	9	286	0.0	568.0	1.0	1.0	B4RKE7
225112	7u50_K	100.0	287	287	318	1	287	32	318	0.0	596.0	1.0	1.0	P27695
215598	9h8s_B	100.0	283	283	313	1	283	31	313	0.0	592.0	1.0	1.0	P24863
89672	3lec_A	100.0	227	227	230	1	227	4	230	2.4799999999999997e-168	466.0	1.0	1.0	Q8DZA6
172472	4h19_O	100.0	249	249	372	1	249	124	372	0.0	512.0	1.0	1.0	Q7CU39
237347	4q2j_D	100.0	176	202	180	19	194	5	180	1.34e-131	370.0	0.871	1.0	Q60611
215579	3c9q_A	100.0	204	205	205	2	205	2	205	9.73e-155	429.0	0.995	1.0	Q96HA8
187695	2r01_A	100.0	209	209	210	1	209	2	210	2.78e-152	424.0	1.0	1.0	Q8KFI1
237525	7unf_d	100.0	226	226	226	1	226	1	226	6.1400000000000006e-164	454.0	1.0	1.0	P36543
188031	3c24_B	100.0	285	285	286	1	285	2	286	0.0	580.0	1.0	1.0	Q28MS9
175741	5uxw_B	96.604	265	265	276	1	265	1	264	0.0	524.0	1.0	1.0	A0A0H3LUV4
12634	3bs4_A	99.6	250	253	260	2	251	3	252	0.0	502.0	0.988	1.0	O58059
109648	2r6h_D	100.0	287	287	290	1	287	4	290	0.0	600.0	1.0	1.0	Q7MT22
120634	3goz_A	100.0	206	206	362	1	206	1	206	3.21e-141	401.0	1.0	1.0	Q5ZSW6
234638	4k8u_C	100.0	188	204	198	17	204	1	188	2.9399999999999997e-140	392.0	0.922	1.0	Q9BUZ4
52077	3etn_D	100.0	201	201	220	1	201	20	220	1.4899999999999999e-146	409.0	1.0	1.0	Q5LIW1
29969	3rfv_C	100.0	265	265	267	1	265	3	267	0.0	552.0	1.0	1.0	Q7CRQ0
64292	7ovb_E	100.0	230	230	230	1	230	1	230	8.45e-171	472.0	1.0	1.0	Q5ZYR7
217882	8ost_B	100.0	209	209	209	1	209	1	209	4.23e-155	431.0	1.0	1.0	Q9H9Z2
240664	6djl_E	100.0	261	261	266	1	261	4	264	0.0	519.0	1.0	1.0	O60239
215803	5tkq_A	100.0	286	286	290	1	286	5	290	0.0	589.0	1.0	1.0	P46952
236698	6sc9_A	100.0	284	284	376	1	284	93	376	0.0	593.0	1.0	1.0	Q96EP0
219517	3qkc_A	98.868	265	297	273	33	297	1	265	0.0	537.0	0.892	1.0	Q6QLV2
84587	4l9a_B	100.0	275	275	292	1	275	18	292	0.0	575.0	1.0	1.0	Q8DTF4
67485	4rpc_B	100.0	260	260	263	1	260	4	263	0.0	533.0	1.0	1.0	B8FSW0
181513	8kht_B	100.0	289	289	305	1	289	17	305	0.0	594.0	1.0	1.0	P9WG83
215990	7voi_B	99.649	285	285	285	1	285	1	285	0.0	594.0	1.0	1.0	Q9UIV1
239043	3tht_D	100.0	223	224	345	2	224	108	330	1.53e-167	468.0	0.996	1.0	Q96BT7
187193	2p7i_B	100.0	249	249	250	1	249	2	250	0.0	523.0	1.0	1.0	Q6D6E7
53032	3tzg_B	100.0	251	251	252	1	251	2	252	0.0	513.0	1.0	1.0	A6L2L1
60345	5waq_A	98.394	249	249	251	1	249	3	251	0.0	506.0	1.0	1.0	Q5F9W0
241001	6qe3_A	100.0	229	229	309	1	229	3	231	1.96e-166	464.0	1.0	1.0	Q5T440
55012	3lhi_A	100.0	231	231	232	1	231	2	232	4.8399999999999995e-172	475.0	1.0	1.0	Q5F8Q1
71167	3n2q_A	100.0	284	284	287	1	284	4	287	0.0	570.0	1.0	1.0	Q816Y4
215888	8yah_C	100.0	200	200	200	1	200	1	200	1.46e-143	400.0	1.0	1.0	Q9NUS5
121007	3b57_A	100.0	201	201	209	1	201	1	201	3.35e-145	405.0	1.0	1.0	Q92AN1
191966	3gku_C	100.0	222	222	225	1	222	4	225	4.94e-162	449.0	1.0	1.0	D0VX24
240597	3cjw_A	100.0	207	207	244	1	207	34	240	5.5e-153	427.0	1.0	1.0	P24468
286837	6c6b_F	100.0	203	203	211	1	203	9	211	2.05e-149	416.0	1.0	1.0	J9VMZ3
45685	3ieh_A	100.0	275	275	276	1	275	2	276	0.0	569.0	1.0	1.0	A3D842
161240	4jyj_B	100.0	280	280	302	1	280	23	302	0.0	571.0	1.0	1.0	Q2GB08
235861	8eec_A	99.658	292	292	343	1	292	28	319	0.0	593.0	1.0	1.0	Q92918
187809	3cvo_D	100.0	201	201	202	1	201	2	202	8.21e-148	412.0	1.0	1.0	Q5LRV1
58994	4jpq_B	100.0	219	219	220	1	219	2	220	1.23e-164	456.0	1.0	1.0	
224060	2ija_A	99.654	289	289	295	1	289	7	295	0.0	600.0	1.0	1.0	P18440
53246	3lm2_B	100.0	225	225	226	1	225	2	226	6.35e-166	459.0	1.0	1.0	A9CH74
58504	4h1x_A	100.0	264	264	265	1	264	2	265	0.0	528.0	1.0	1.0	P0C2M5
181444	3khp_D	100.0	290	290	311	1	290	22	311	0.0	585.0	1.0	1.0	I6YBZ8
43920	2q04_F	100.0	210	210	211	1	210	2	211	8.15e-158	437.0	1.0	1.0	B1YKD7
84395	2xmz_A	96.629	267	267	269	1	267	3	269	0.0	536.0	1.0	1.0	A0A0H2WW38
1865	3ddd_A	100.0	269	269	288	1	269	20	288	0.0	543.0	1.0	1.0	O57768
182201	8rwg_F	100.0	200	200	200	1	200	1	200	1.36e-144	403.0	1.0	1.0	Q9HWD6
53261	3ks6_D	100.0	249	249	250	1	249	2	250	0.0	506.0	1.0	1.0	A9CLR1
53627	3hn0_B	100.0	282	282	283	1	282	2	283	0.0	578.0	1.0	1.0	A6LBR3
210280	3g04_C	100.0	210	232	239	1	210	1	210	6.7e-156	435.0	0.905	1.0	P16473
245502	5sva_n	100.0	244	244	244	1	244	1	244	1.01e-179	496.0	1.0	1.0	P35189
226561	3lg2_D	100.0	271	271	292	1	271	22	292	0.0	565.0	1.0	1.0	P36136
80498	3keb_D	100.0	220	220	224	1	220	3	222	6.73e-162	449.0	1.0	1.0	Q7NRS2
215539	6fie_B	100.0	261	261	264	1	261	4	264	0.0	528.0	1.0	1.0	P05937
59799	4yod_A	100.0	286	286	287	1	286	2	287	0.0	589.0	1.0	1.0	
109379	3is6_B	100.0	244	244	244	1	244	1	244	0.0	506.0	1.0	1.0	Q7MWD8
20106	3slf_B	100.0	265	265	268	1	265	4	268	0.0	548.0	1.0	1.0	A0A3P1UCA6
215315	8i79_I	97.917	288	288	297	1	288	9	296	0.0	586.0	1.0	1.0	Q8BJK1
53005	3rwx_A	100.0	260	260	261	1	260	2	261	0.0	519.0	1.0	1.0	Q5LBW6
119984	7pge_B	100.0	215	245	215	31	245	1	215	1.73e-157	438.0	0.878	1.0	Q47453
232343	4v6w_AC	100.0	267	267	267	1	267	1	267	0.0	541.0	1.0	1.0	P31009
58322	8gjr_C	99.322	295	295	295	1	295	1	295	0.0	612.0	1.0	1.0	A0A0H2ZD27
26289	6pb6_H	100.0	210	210	210	1	210	1	210	3.3800000000000005e-157	436.0	1.0	1.0	P0ACJ8
199988	3k2q_C	100.0	224	224	420	1	224	1	224	3.27e-166	468.0	1.0	1.0	A1U3A9
165672	2oo3_A	98.227	282	282	283	1	282	2	283	0.0	571.0	1.0	1.0	Q5ZVZ2
171278	9it0_D	100.0	885	885	886	1	885	2	886	0.0	1811.0	1.0	1.0	W8T0A9
22705	5dll_A	100.0	864	864	867	1	864	4	867	0.0	1793.0	1.0	1.0	Q5NE65
170369	3gm8_A	99.875	799	815	801	17	815	1	799	0.0	1664.0	0.98	1.0	A6KXE5
250645	8tj5_T	99.881	839	838	839	1	838	1	839	0.0	1707.0	1.001	1.0	P34077
175504	6zxl_J	100.0	809	809	809	1	809	1	809	0.0	1639.0	1.0	1.0	P15917
115218	8qf8_B	100.0	802	802	802	1	802	1	802	0.0	1681.0	1.0	1.0	A0A6I0SRL5
251069	8sgh_A	99.888	892	898	894	7	898	3	894	0.0	1842.0	0.993	1.0	Q92973
26294	1qb4_A	100.0	883	883	883	1	883	1	883	0.0	1809.0	1.0	1.0	P00864
24968	7l6n_F	100.0	848	848	848	1	848	1	848	0.0	1687.0	1.0	1.0	P9WPD1
182256	7unw_x	100.0	840	840	840	1	840	1	840	0.0	1674.0	1.0	1.0	Q9HV55
24468	5u2g_B	100.0	835	864	838	30	864	4	838	0.0	1715.0	0.966	1.0	P31776
21571	9gsx_V	99.507	608	608	608	1	608	1	608	0.0	1220.0	1.0	1.0	Q0P8E9
245469	8asw_B	100.0	642	642	788	1	642	49	690	0.0	1335.0	1.0	1.0	P42935
235868	3zys_E	99.849	662	662	662	1	662	1	662	0.0	1362.0	1.0	1.0	P20591
26217	3tu3_B	100.0	687	687	711	1	687	25	711	0.0	1382.0	1.0	1.0	O34208
184352	5j72_B	100.0	638	675	638	38	675	1	638	0.0	1293.0	0.945	1.0	Q183L9
168542	9fz0_B	99.112	676	692	690	17	692	15	690	0.0	1387.0	0.977	1.0	Q8A1G3
165706	4mmh_A	100.0	635	659	643	25	659	1	635	0.0	1322.0	0.964	1.0	Q59289
286720	7l3q_C	100.0	690	691	706	2	691	17	706	0.0	1425.0	0.999	1.0	J3KJC6
150334	3sgl_A	99.855	689	696	689	8	696	1	689	0.0	1429.0	0.99	1.0	Q8ZD36
35487	5z1a_A	99.397	663	695	680	31	693	19	678	0.0	1377.0	0.954	1.0	Q5LIC7
176435	7m3k_A	99.667	601	601	609	1	601	9	609	0.0	1231.0	1.0	1.0	Q2YJ21
24937	5oxf_D	100.0	609	609	614	1	609	4	612	0.0	1202.0	1.0	1.0	A0A0H3PJK4
210355	8rd4_E	100.0	609	609	609	1	609	1	609	0.0	1251.0	1.0	1.0	P12956
191305	6ca1_B	100.0	663	663	666	1	663	4	666	0.0	1375.0	1.0	1.0	A5ZY13
26503	2zpa_B	100.0	671	671	671	1	671	1	671	0.0	1363.0	1.0	1.0	P76562
210357	1kfx_L	100.0	699	699	699	1	699	1	699	0.0	1446.0	1.0	1.0	P17655
98463	5swi_D	100.0	694	694	717	1	694	24	717	0.0	1449.0	1.0	1.0	
166039	9gtr_s	100.0	643	643	643	1	643	1	643	0.0	1293.0	1.0	1.0	
218502	4pxs_B	100.0	625	625	638	1	625	13	637	0.0	1288.0	1.0	1.0	Q14397
170513	8yjx_B	98.763	566	601	568	36	601	3	568	0.0	1152.0	0.942	1.0	A0A1Y2P428
242410	9qvn_Y	100.0	660	660	660	1	660	1	660	0.0	1363.0	1.0	1.0	Q8NHV4
26814	9gsx_a	97.04	642	642	642	1	642	1	642	0.0	1240.0	1.0	1.0	Q9PHW6
243440	7znl_m	100.0	683	683	683	1	683	1	683	0.0	1421.0	1.0	1.0	Q13769
217228	8qzm_K	100.0	689	689	915	1	689	227	915	0.0	1447.0	1.0	1.0	Q9Y6K1
61647	4ecn_A	100.0	635	635	876	1	635	242	876	0.0	1324.0	1.0	1.0	Q8ABA0
237048	8gpn_K	99.024	615	615	611	1	615	2	611	0.0	1245.0	1.0	1.0	O00255
210240	4nre_A	99.704	676	676	696	1	676	21	696	0.0	1391.0	1.0	1.0	O15296
151005	4nmf_B	100.0	1004	1004	1005	1	1004	2	1005	0.0	2078.0	1.0	1.0	Q746X3
250072	1tr2_B	100.0	1066	1066	1066	1	1066	1	1066	0.0	2175.0	1.0	1.0	P18206
23491	5hxm_A	100.0	1061	1091	1084	31	1091	24	1084	0.0	2175.0	0.973	1.0	Q8Y4J2
224571	9e1x_W	100.0	1052	1052	1052	1	1052	1	1052	0.0	2185.0	1.0	1.0	O60264
168592	5jjh_A	99.858	706	706	714	1	706	1	706	0.0	1448.0	1.0	1.0	Q8NNA7
218713	8yyv_A	100.0	750	750	776	1	750	27	776	0.0	1552.0	1.0	1.0	P42224
245540	9ofv_v	100.0	723	723	753	1	723	1	723	0.0	1492.0	1.0	1.0	
228076	7obm_A	100.0	638	727	639	90	727	2	639	0.0	1331.0	0.878	1.0	Q4J6C6
27230	5i0f_B	100.0	729	729	733	1	729	1	729	0.0	1498.0	1.0	1.0	
224477	2z6g_A	97.055	781	781	780	1	781	1	780	0.0	1575.0	1.0	1.0	F1QGH7
237561	6gzh_B	99.587	726	726	726	1	726	1	726	0.0	1500.0	1.0	1.0	O60563
224898	9e1x_W	100.0	736	736	1052	1	736	1	736	0.0	1536.0	1.0	1.0	O60264
210339	6xr0_M	99.861	719	719	738	1	719	20	738	0.0	1490.0	1.0	1.0	P08582
18866	4q35_A	99.362	784	784	802	1	784	1	784	0.0	1618.0	1.0	1.0	Q83SQ0
217995	4mn8_A	100.0	776	783	782	2	777	1	776	0.0	1536.0	0.991	1.0	Q9FL28
252246	7mx2_B	100.0	725	725	725	1	725	1	725	0.0	1521.0	1.0	1.0	Q5VZE5
210353	2nut_B	100.0	753	753	753	1	753	1	753	0.0	1546.0	1.0	1.0	O95486
227051	8glv_JO	100.0	738	738	738	1	738	1	738	0.0	1396.0	1.0	1.0	Q6UBQ3
227528	8v8t_D	100.0	736	736	743	1	736	8	743	0.0	1509.0	1.0	1.0	O00429
218919	8zjm_D	100.0	727	727	733	1	727	7	733	0.0	1515.0	1.0	1.0	Q92556
172303	3t0c_A	100.0	745	745	779	1	745	35	779	0.0	1526.0	1.0	1.0	Q8CWX6
215718	8fky_SS	100.0	746	746	746	1	746	1	746	0.0	1521.0	1.0	1.0	Q14137
167581	2rdy_B	99.748	794	795	803	1	794	3	796	0.0	1652.0	0.999	1.0	Q9KEL0
168534	6eon_A	99.872	779	779	779	1	779	1	779	0.0	1620.0	1.0	1.0	Q8AB22
123916	6r5p_A	99.866	744	764	765	21	764	22	765	0.0	1512.0	0.974	1.0	Q9I311
210352	2nut_A	100.0	765	765	769	1	765	5	769	0.0	1599.0	1.0	1.0	Q15436
223620	9eh2_y	100.0	709	709	709	1	709	1	709	0.0	1462.0	1.0	1.0	Q08945
154131	8yaq_B	99.593	984	984	990	1	984	1	984	0.0	2041.0	1.0	1.0	Q93HT8
217931	6vcd_A	100.0	963	963	963	1	963	1	963	0.0	1987.0	1.0	1.0	P48200
217889	7yfx_A	100.0	973	973	1011	1	973	39	1011	0.0	2024.0	1.0	1.0	Q8TC59
149841	9e5w_B	100.0	1233	1233	1235	1	1233	3	1235	0.0	2486.0	1.0	1.0	Q92SD7
73912	5fkw_A	99.828	1160	1160	1160	1	1160	1	1160	0.0	2380.0	1.0	1.0	P10443
166085	7ssg_A	100.0	1148	1148	1148	1	1148	1	1148	0.0	2358.0	1.0	1.0	P30958
181571	9kev_D	100.0	1316	1316	1316	1	1316	1	1316	0.0	2697.0	1.0	1.0	P9WGY7
250662	8tie_n	100.0	1317	1317	1317	1	1317	1	1317	0.0	2702.0	1.0	1.0	P49687
250663	8tj5_1	100.0	1391	1391	1391	1	1391	1	1391	0.0	2855.0	1.0	1.0	P40064
167865	6tui_G	100.0	137	137	137	1	137	1	137	1.2199999999999998e-95	275.0	1.0	1.0	D5ATZ7
166076	6mn3_B	100.0	140	140	260	1	140	121	260	1.1399999999999999e-98	287.0	1.0	1.0	Q306W4
39744	5wh9_D	100.0	138	138	138	1	138	1	138	2.76e-101	289.0	1.0	1.0	Q9KBC9
251032	6k2z_B	100.0	139	139	142	1	139	4	142	7.1e-102	290.0	1.0	1.0	Q8TCE9
403	7cc3_H	99.187	123	123	224	1	123	102	224	2.52e-87	256.0	1.0	1.0	A0A0F8R9A0
73367	7qgn_B	98.907	183	183	183	1	183	1	183	7.82e-133	372.0	1.0	1.0	P0A8B2
163047	2mvb_A	100.0	165	189	165	25	189	1	165	2.1699999999999997e-115	328.0	0.873	1.0	A0A0H2UNC7
160569	7yxv_A	100.0	129	129	129	1	129	1	129	6.55e-92	264.0	1.0	1.0	A0A077GKT8
36280	6vhr_A	98.98	98	102	100	5	102	3	100	5.19e-57	174.0	0.961	1.0	L7N695
232556	6hcz_B	100.0	199	199	199	1	199	1	199	2.7800000000000004e-144	402.0	1.0	1.0	O60232
249953	1c1y_A	100.0	167	184	167	1	167	1	167	3.88e-122	345.0	0.908	1.0	P62834
98373	6lnw_C	100.0	146	146	154	1	146	1	146	2.76e-106	302.0	1.0	1.0	A0A0H2URJ0
162892	7f0d_J	99.32	147	147	147	1	147	1	147	1.76e-105	300.0	1.0	1.0	A5U8B9
250096	2wkq_A	98.142	323	341	332	7	329	10	332	0.0	657.0	0.947	1.0	P63000
168041	3bre_B	100.0	347	347	358	1	347	1	347	0.0	709.0	1.0	1.0	Q9HXT9
167569	4cwc_C	96.029	277	314	281	38	314	5	281	0.0	553.0	0.882	1.0	P12053
19111	5tvl_D	99.652	287	313	287	27	313	1	287	0.0	572.0	0.917	1.0	B1IBE1
249348	6dle_B	98.258	287	336	303	30	316	11	297	0.0	585.0	0.854	1.0	A6NGN9
249971	3rep_A	98.893	271	318	271	48	318	1	271	0.0	559.0	0.852	1.0	Q13418
25449	3okf_B	100.0	361	361	390	1	361	30	390	0.0	743.0	1.0	1.0	Q9KNV2
144037	6wif_D	100.0	332	332	360	1	332	29	360	0.0	680.0	1.0	1.0	D6NSN2
170403	3sb4_B	99.696	329	349	329	21	349	1	329	0.0	677.0	0.943	1.0	Q8A8C7
239797	7znl_n	100.0	341	341	341	1	341	1	341	0.0	707.0	1.0	1.0	Q86W42
19525	8v24_C	100.0	389	389	389	1	389	1	389	0.0	803.0	1.0	1.0	P0AB59
163217	3ocj_A	97.03	303	335	305	33	335	3	305	0.0	594.0	0.904	1.0	Q7WBE0
162953	4jcc_A	98.947	285	321	286	37	321	2	286	0.0	567.0	0.888	1.0	
154760	3hcq_B	99.656	291	318	298	28	318	1	291	0.0	595.0	0.915	1.0	Q92N37
250086	7mfd_B	99.746	393	393	393	1	393	1	393	0.0	808.0	1.0	1.0	Q02750
169749	3v7i_A	99.743	389	389	413	1	389	25	413	0.0	771.0	1.0	1.0	Q9K464
170566	8gfs_A	99.618	523	541	544	19	541	22	544	0.0	1060.0	0.967	1.0	
250658	8hfr_EX	100.0	599	599	599	1	599	1	599	0.0	1233.0	1.0	1.0	Q99257
172660	2w9m_B	100.0	572	572	578	1	572	1	572	0.0	1124.0	1.0	1.0	Q9RX48
98374	6lnw_B	100.0	511	511	511	1	511	1	511	0.0	1061.0	1.0	1.0	A0A0H2URA6
153501	6pl6_B	100.0	574	575	598	2	575	3	576	0.0	1139.0	0.998	1.0	Q5SJ23
166007	6dd6_A	99.803	507	507	518	1	507	1	507	0.0	1058.0	1.0	1.0	A9CH39
155052	5zdo_A	100.0	548	548	548	1	548	1	548	0.0	1108.0	1.0	1.0	Q5SKU4
245390	8tj5_K	100.0	541	541	541	1	541	1	541	0.0	1070.0	1.0	1.0	P48837
144613	7oza_CCC	98.431	510	518	522	10	518	13	522	0.0	1046.0	0.985	1.0	Q8A171
249315	8d7h_E	100.0	385	422	395	38	422	1	385	0.0	794.0	0.912	1.0	O75462
165787	8odn_Z	100.0	416	416	426	1	416	1	416	0.0	831.0	1.0	1.0	Q9HW96
170113	5msx_C	100.0	440	461	459	22	461	20	459	0.0	917.0	0.954	1.0	Q8A1J9
167606	3uy5_A	99.755	408	408	428	1	408	21	428	0.0	815.0	1.0	1.0	P9WFK7
144217	5ujs_B	99.282	418	418	442	1	418	25	442	0.0	835.0	1.0	1.0	Q9PP65
144704	7x0o_B	99.772	438	460	438	23	460	1	438	0.0	898.0	0.952	1.0	A3DHA5
207927	4lh8_B	99.36	469	469	469	1	469	1	469	0.0	941.0	1.0	1.0	Q6SJY7
250667	8tj5_X	99.775	445	459	528	1	445	1	445	0.0	902.0	0.969	1.0	Q05166
12376	6p66_D	100.0	468	468	468	1	468	1	468	0.0	937.0	1.0	1.0	O29890
82344	7w1f_C	99.398	498	498	504	1	498	7	504	0.0	1020.0	1.0	1.0	Q9I4L1
252161	8hfr_v9	100.0	486	486	486	1	486	1	486	0.0	1005.0	1.0	1.0	P53742
26385	4qqq_A	100.0	471	471	484	1	471	14	484	0.0	971.0	1.0	1.0	Q2XU26
217425	9hch_7	98.99	297	297	336	1	297	40	336	0.0	618.0	1.0	1.0	
166077	7mqm_D	100.0	271	271	274	1	271	4	274	0.0	556.0	1.0	1.0	P29808
149952	2isl_H	100.0	227	227	230	1	227	4	230	3.76e-168	465.0	1.0	1.0	Q92PC8
153595	3hbn_A	99.27	274	274	282	1	274	1	274	0.0	550.0	1.0	1.0	Q0P8U5
162899	5ktl_B	99.66	294	294	330	1	294	37	330	0.0	598.0	1.0	1.0	Q3M723
249753	6r2u_F	100.0	278	298	279	21	298	2	279	0.0	583.0	0.933	1.0	P25311
251845	7sqk_A	100.0	202	202	278	1	202	77	278	4.79e-142	400.0	1.0	1.0	Q96CS2
163056	7brm_I	96.029	277	277	277	1	277	1	277	0.0	552.0	1.0	1.0	P0AEA2
790	3qjl_B	100.0	239	239	243	1	239	5	243	6.1100000000000006e-173	478.0	1.0	1.0	O58088
251874	1hdr_A	100.0	244	244	244	1	244	1	244	0.0	500.0	1.0	1.0	P09417
10864	4n2y_D	99.052	211	241	229	31	241	19	229	9.47e-149	417.0	0.876	1.0	O29333
251412	7zeh_D	99.315	292	292	302	1	292	11	302	0.0	607.0	1.0	1.0	Q969T7
252249	9f45_H	100.0	887	887	887	1	887	1	887	0.0	1821.0	1.0	1.0	Q9HCC9
252205	5f1a_B	100.0	552	604	553	19	570	2	553	0.0	1164.0	0.914	1.0	P35354
172568	5ndx_A	96.29	620	620	621	1	620	1	620	0.0	1231.0	1.0	1.0	A0A1B8R7L2
166658	8cgl_D	97.536	690	691	705	2	691	4	693	0.0	1387.0	0.999	1.0	B9XZG7
165898	3to3_B	98.689	610	610	619	1	610	4	613	0.0	1254.0	1.0	1.0	Q81RQ8
163005	8qm0_D	99.843	638	659	638	22	659	1	638	0.0	1291.0	0.968	1.0	P18791
144595	8gra_G	100.0	616	616	616	1	616	1	616	0.0	1280.0	1.0	1.0	A0A3E5IG38
167819	8dfs_I	100.0	612	612	612	1	612	1	612	0.0	1273.0	1.0	1.0	Q72WF8
250744	8tie_l	100.0	1037	1037	1037	1	1037	1	1037	0.0	2119.0	1.0	1.0	P35729
162926	6phv_A	100.0	720	720	740	1	720	21	740	0.0	1492.0	1.0	1.0	A0A0H2URQ6
167711	7om0_C	97.592	789	790	797	2	790	9	797	0.0	1585.0	0.999	1.0	A0A1S5ZIL8
251840	8j07_c2	100.0	791	791	791	1	791	1	791	0.0	1645.0	1.0	1.0	Q8NA54
250741	7tbi_Z2	100.0	713	713	713	1	713	1	713	0.0	1454.0	1.0	1.0	
123890	6ve4_O	98.892	722	714	731	1	714	1	722	0.0	1438.0	1.011	1.0	P34750
238081	8wma_C	100.0	736	736	736	1	736	1	736	0.0	1487.0	1.0	1.0	O14641
250740	7n9f_x	100.0	1460	1460	1460	1	1460	1	1460	0.0	2950.0	1.0	1.0	P40477
250669	5l3t_A	100.0	1301	1301	1301	1	1301	1	1301	0.0	2687.0	1.0	1.0	P46674
163090	7s37_P	98.977	1368	1367	1371	1	1367	4	1371	0.0	2762.0	1.001	1.0	Q99ZW2
