prot,tm_score,sample_path,rmsd,plddt,pct_helix,pct_strand,pct_coil,prot,model,rmsd_rank,data
HBI_b_01,0.9386949981823992,./colab_att/HBI_b_01_unrelaxed_rank_001_alphafold2_ptm_model_1_seed_000.pdb,0.8959655390663354,88.88,0.036697247706422,0.6697247706422018,0.2935779816513761,HBI_b_01,1,1.0,WSB
HBI_b_02,0.884933407753423,./colab_att/HBI_b_02_unrelaxed_rank_002_alphafold2_ptm_model_1_seed_000.pdb,1.3189525395175494,85.28,0.0275229357798165,0.6788990825688074,0.2935779816513761,HBI_b_02,1,1.0,WSB
HBI_b_03,0.8065674544034708,./colab_att/HBI_b_03_unrelaxed_rank_001_alphafold2_ptm_model_5_seed_000.pdb,1.8919160451105024,78.02,0.0275229357798165,0.6880733944954128,0.2844036697247706,HBI_b_03,5,1.0,WSB
HBI_b_04,0.912950648964058,./colab_att/HBI_b_04_unrelaxed_rank_001_alphafold2_ptm_model_2_seed_000.pdb,1.071737169035087,75.43,0.036697247706422,0.6513761467889908,0.3119266055045872,HBI_b_04,2,1.0,WSB
HBI_b_07,0.949610414013238,./colab_att/HBI_b_07_unrelaxed_rank_001_alphafold2_ptm_model_2_seed_000.pdb,0.7880869130790364,88.88,0.0458715596330275,0.6605504587155964,0.2935779816513761,HBI_b_07,2,1.0,WSB
HBI_b_08,0.920978129585172,./colab_att/HBI_b_08_unrelaxed_rank_002_alphafold2_ptm_model_1_seed_000.pdb,1.0626430070409172,87.0,0.0,0.6880733944954128,0.3119266055045872,HBI_b_08,1,1.0,WSB
HBI_b_09,0.93691189151043,./colab_att/HBI_b_09_unrelaxed_rank_002_alphafold2_ptm_model_2_seed_000.pdb,0.8635999895911486,88.06,0.036697247706422,0.6880733944954128,0.2752293577981651,HBI_b_09,2,1.0,WSB
HBI_b_10,0.9436284036465163,./colab_att/HBI_b_10_unrelaxed_rank_001_alphafold2_ptm_model_2_seed_000.pdb,0.7958325273701916,89.54,0.0458715596330275,0.6605504587155964,0.2935779816513761,HBI_b_10,2,1.0,WSB
HBI_b_13,0.8256509376310935,./colab_att/HBI_b_13_unrelaxed_rank_004_alphafold2_ptm_model_3_seed_000.pdb,3.8447631765572265,77.27,0.0275229357798165,0.6513761467889908,0.3211009174311927,HBI_b_13,3,1.0,WSB
HBI_b_14,0.9135993250213486,./colab_att/HBI_b_14_unrelaxed_rank_002_alphafold2_ptm_model_1_seed_000.pdb,1.1281588062216292,88.27,0.0458715596330275,0.7064220183486238,0.2477064220183486,HBI_b_14,1,1.0,WSB
HBI_b_15,0.9174865967548084,./colab_att/HBI_b_15_unrelaxed_rank_001_alphafold2_ptm_model_4_seed_000.pdb,1.1185451479324606,89.7,0.0,0.6880733944954128,0.3119266055045872,HBI_b_15,4,1.0,WSB
HBI_b_16,0.9244982207628292,./colab_att/HBI_b_16_unrelaxed_rank_002_alphafold2_ptm_model_4_seed_000.pdb,1.0561150036272011,78.7,0.0,0.6880733944954128,0.3119266055045872,HBI_b_16,4,1.0,WSB
HBI_b_17,0.919192616787709,./colab_att/HBI_b_17_unrelaxed_rank_001_alphafold2_ptm_model_1_seed_000.pdb,1.1755922600328996,86.59,0.0,0.6788990825688074,0.3211009174311927,HBI_b_17,1,1.0,WSB
HBI_b_19,0.9598607388487664,./colab_att/HBI_b_19_unrelaxed_rank_004_alphafold2_ptm_model_2_seed_000.pdb,0.6684388745943309,86.46,0.0,0.6697247706422018,0.3302752293577982,HBI_b_19,2,1.0,WSB
HBI_b_20,0.8561711782967969,./colab_att/HBI_b_20_unrelaxed_rank_001_alphafold2_ptm_model_4_seed_000.pdb,1.520476635694614,83.44,0.0458715596330275,0.6513761467889908,0.3027522935779816,HBI_b_20,4,1.0,WSB
HBI_b_21,0.903482340627258,./colab_att/HBI_b_21_unrelaxed_rank_005_alphafold2_ptm_model_5_seed_000.pdb,1.1971625371224033,85.95,0.0,0.6788990825688074,0.3211009174311927,HBI_b_21,5,1.0,WSB
HBI_b_22,0.9474834025062407,./colab_att/HBI_b_22_unrelaxed_rank_001_alphafold2_ptm_model_2_seed_000.pdb,0.8084533080936195,92.0,0.036697247706422,0.6880733944954128,0.2752293577981651,HBI_b_22,2,1.0,WSB
HBI_b_23,0.9585068409147512,./colab_att/HBI_b_23_unrelaxed_rank_001_alphafold2_ptm_model_2_seed_000.pdb,0.6941967518298493,88.86,0.036697247706422,0.6697247706422018,0.2935779816513761,HBI_b_23,2,1.0,WSB
HBI_b_25,0.9478526164757868,./colab_att/HBI_b_25_unrelaxed_rank_001_alphafold2_ptm_model_2_seed_000.pdb,0.7596205038757066,90.5,0.0275229357798165,0.6697247706422018,0.3027522935779816,HBI_b_25,2,1.0,WSB
HBI_b_26,0.9451323298124428,./colab_att/HBI_b_26_unrelaxed_rank_001_alphafold2_ptm_model_2_seed_000.pdb,0.8406362949953513,89.98,0.0458715596330275,0.6697247706422018,0.2844036697247706,HBI_b_26,2,1.0,WSB
HBI_b_27,0.9336934069461416,./colab_att/HBI_b_27_unrelaxed_rank_001_alphafold2_ptm_model_1_seed_000.pdb,0.8889027188284447,87.58,0.0275229357798165,0.6605504587155964,0.3119266055045872,HBI_b_27,1,1.0,WSB
HBI_b_28,0.9565446322371716,./colab_att/HBI_b_28_unrelaxed_rank_001_alphafold2_ptm_model_2_seed_000.pdb,0.7066464514075671,89.21,0.036697247706422,0.6880733944954128,0.2752293577981651,HBI_b_28,2,1.0,WSB
HBI_b_29,0.92182566255052,./colab_att/HBI_b_29_unrelaxed_rank_001_alphafold2_ptm_model_1_seed_000.pdb,1.054703247711264,85.94,0.0275229357798165,0.6788990825688074,0.2935779816513761,HBI_b_29,1,1.0,WSB
HBI_b_31,0.9053902993743304,./colab_att/HBI_b_31_unrelaxed_rank_002_alphafold2_ptm_model_1_seed_000.pdb,1.20085677711474,83.1,0.0,0.6422018348623854,0.3577981651376147,HBI_b_31,1,1.0,WSB
HBI_b_32,0.9339476202821816,./colab_att/HBI_b_32_unrelaxed_rank_003_alphafold2_ptm_model_5_seed_000.pdb,0.913267220846107,88.9,0.0275229357798165,0.6788990825688074,0.2935779816513761,HBI_b_32,5,1.0,WSB
HBI_b_33,0.9280234436962572,./colab_att/HBI_b_33_unrelaxed_rank_002_alphafold2_ptm_model_1_seed_000.pdb,0.9795918140587784,86.72,0.036697247706422,0.6880733944954128,0.2752293577981651,HBI_b_33,1,1.0,WSB
HBI_b_34,0.8857203478857916,./colab_att/HBI_b_34_unrelaxed_rank_002_alphafold2_ptm_model_1_seed_000.pdb,1.279718193553516,78.97,0.036697247706422,0.6330275229357798,0.3302752293577982,HBI_b_34,1,1.0,WSB
HBI_b_35,0.8534249604408897,./colab_att/HBI_b_35_unrelaxed_rank_003_alphafold2_ptm_model_5_seed_000.pdb,1.6061955509685937,60.23,0.0,0.6513761467889908,0.3486238532110092,HBI_b_35,5,1.0,WSB
HBI_b_37,0.9520241056510268,./colab_att/HBI_b_37_unrelaxed_rank_001_alphafold2_ptm_model_2_seed_000.pdb,0.7729137073083286,90.22,0.036697247706422,0.6605504587155964,0.3027522935779816,HBI_b_37,2,1.0,WSB
HBI_b_38,0.8653214902231179,./colab_att/HBI_b_38_unrelaxed_rank_002_alphafold2_ptm_model_4_seed_000.pdb,1.5197107465159796,84.69,0.0,0.6788990825688074,0.3211009174311927,HBI_b_38,4,1.0,WSB
HBI_b_39,0.9112257245728111,./colab_att/HBI_b_39_unrelaxed_rank_003_alphafold2_ptm_model_2_seed_000.pdb,1.1153570757003033,83.08,0.036697247706422,0.6788990825688074,0.2844036697247706,HBI_b_39,2,1.0,WSB
HBI_b_40,0.888207654041287,./colab_att/HBI_b_40_unrelaxed_rank_003_alphafold2_ptm_model_5_seed_000.pdb,1.241357442302739,86.01,0.0458715596330275,0.6330275229357798,0.3211009174311927,HBI_b_40,5,1.0,WSB
HBI_b_41,0.925961251807515,./colab_att/HBI_b_41_unrelaxed_rank_001_alphafold2_ptm_model_1_seed_000.pdb,0.9835617532387898,86.51,0.0275229357798165,0.6697247706422018,0.3027522935779816,HBI_b_41,1,1.0,WSB
HBI_b_43,0.9388954063538658,./colab_att/HBI_b_43_unrelaxed_rank_001_alphafold2_ptm_model_1_seed_000.pdb,0.8964922553780519,86.13,0.036697247706422,0.6330275229357798,0.3302752293577982,HBI_b_43,1,1.0,WSB
HBI_b_44,0.932135404441334,./colab_att/HBI_b_44_unrelaxed_rank_001_alphafold2_ptm_model_1_seed_000.pdb,0.9191044759149168,85.52,0.0458715596330275,0.6513761467889908,0.3027522935779816,HBI_b_44,1,1.0,WSB
HBI_b_45,0.8724825331465115,./colab_att/HBI_b_45_unrelaxed_rank_003_alphafold2_ptm_model_4_seed_000.pdb,1.41496955507748,77.94,0.0,0.6422018348623854,0.3577981651376147,HBI_b_45,4,1.0,WSB
HBI_b_46,0.7647166139561175,./colab_att/HBI_b_46_unrelaxed_rank_002_alphafold2_ptm_model_4_seed_000.pdb,2.660098953950698,75.19,0.0,0.6330275229357798,0.3669724770642202,HBI_b_46,4,1.0,WSB
HBI_b_49,0.9522749231795572,./colab_att/HBI_b_49_unrelaxed_rank_001_alphafold2_ptm_model_1_seed_000.pdb,0.7457956951634315,91.88,0.0458715596330275,0.6972477064220184,0.2568807339449541,HBI_b_49,1,1.0,WSB
HBI_b_50,0.9569904154150612,./colab_att/HBI_b_50_unrelaxed_rank_002_alphafold2_ptm_model_1_seed_000.pdb,0.7135106059180191,90.23,0.036697247706422,0.6697247706422018,0.2935779816513761,HBI_b_50,1,1.0,WSB
HBI_b_53,0.8478701862850108,./colab_att/HBI_b_53_unrelaxed_rank_004_alphafold2_ptm_model_3_seed_000.pdb,1.65351958111659,85.49,0.036697247706422,0.6697247706422018,0.2935779816513761,HBI_b_53,3,1.0,WSB
HBI_b_55,0.8891246721084397,./colab_att/HBI_b_55_unrelaxed_rank_001_alphafold2_ptm_model_1_seed_000.pdb,1.2644869684996092,87.11,0.036697247706422,0.6605504587155964,0.3027522935779816,HBI_b_55,1,1.0,WSB
HBI_b_56,0.9258823330458028,./colab_att/HBI_b_56_unrelaxed_rank_002_alphafold2_ptm_model_4_seed_000.pdb,0.949551127897627,86.6,0.0458715596330275,0.6605504587155964,0.2935779816513761,HBI_b_56,4,1.0,WSB
TMB2.1,0.3057008177868499,./colab_att/TMB2.1_unrelaxed_rank_004_alphafold2_ptm_model_5_seed_000.pdb,9.991801125485834,30.28,0.0,0.3252032520325203,0.6747967479674797,TMB2.1,5,1.0,TMB
TMB2.12,0.3379223054888075,./colab_att/TMB2.12_unrelaxed_rank_005_alphafold2_ptm_model_3_seed_000.pdb,8.999349112766232,30.55,0.0,0.1382113821138211,0.8617886178861789,TMB2.12,3,1.0,TMB
TMB2.14,0.936087297712196,./colab_att/TMB2.14_unrelaxed_rank_001_alphafold2_ptm_model_4_seed_000.pdb,0.9441314779587944,88.07,0.0,0.7642276422764228,0.2357723577235772,TMB2.14,4,1.0,TMB
TMB2.15,0.3582691064614138,./colab_att/TMB2.15_unrelaxed_rank_002_alphafold2_ptm_model_4_seed_000.pdb,7.611619848833451,33.76,0.0,0.4308943089430894,0.5691056910569106,TMB2.15,4,1.0,TMB
TMB2.17,0.9094444306163292,./colab_att/TMB2.17_unrelaxed_rank_002_alphafold2_ptm_model_4_seed_000.pdb,1.2396063774120183,91.22,0.0,0.7398373983739838,0.2601626016260163,TMB2.17,4,1.0,TMB
TMB2.18,0.8806587669963852,./colab_att/TMB2.18_unrelaxed_rank_001_alphafold2_ptm_model_4_seed_000.pdb,1.475810014876083,86.32,0.0,0.7479674796747967,0.2520325203252032,TMB2.18,4,1.0,TMB
TMB2.19,0.913249709023245,./colab_att/TMB2.19_unrelaxed_rank_001_alphafold2_ptm_model_4_seed_000.pdb,1.174826844371656,87.2,0.0,0.7235772357723578,0.2764227642276423,TMB2.19,4,1.0,TMB
TMB2.2,0.7472045530234986,./colab_att/TMB2.2_unrelaxed_rank_002_alphafold2_ptm_model_4_seed_000.pdb,3.34725733668406,71.58,0.0,0.7073170731707317,0.2926829268292683,TMB2.2,4,1.0,TMB
TMB2.20,0.4171653220664772,./colab_att/TMB2.20_unrelaxed_rank_002_alphafold2_ptm_model_4_seed_000.pdb,11.068900194981556,41.81,0.032520325203252,0.6178861788617886,0.3495934959349593,TMB2.20,4,1.0,TMB
TMB2.21,0.8484815244064083,./colab_att/TMB2.21_unrelaxed_rank_002_alphafold2_ptm_model_4_seed_000.pdb,2.2013837224523973,81.24,0.0,0.7723577235772358,0.2276422764227642,TMB2.21,4,1.0,TMB
TMB2.22,0.931377778317871,./colab_att/TMB2.22_unrelaxed_rank_002_alphafold2_ptm_model_4_seed_000.pdb,1.0037655858142605,86.8,0.0,0.7154471544715447,0.2845528455284553,TMB2.22,4,1.0,TMB
TMB2.23,0.8832982998360047,./colab_att/TMB2.23_unrelaxed_rank_001_alphafold2_ptm_model_4_seed_000.pdb,1.4692803073866751,87.19,0.0,0.7479674796747967,0.2520325203252032,TMB2.23,4,1.0,TMB
TMB2.24,0.5989743580661638,./colab_att/TMB2.24_unrelaxed_rank_002_alphafold2_ptm_model_4_seed_000.pdb,5.998376667705018,78.84,0.0,0.6910569105691057,0.3089430894308943,TMB2.24,4,1.0,TMB
TMB2.25,0.878014506766623,./colab_att/TMB2.25_unrelaxed_rank_001_alphafold2_ptm_model_4_seed_000.pdb,1.8216625610986807,86.57,0.0,0.7398373983739838,0.2601626016260163,TMB2.25,4,1.0,TMB
TMB2.26,0.8751421332590393,./colab_att/TMB2.26_unrelaxed_rank_001_alphafold2_ptm_model_4_seed_000.pdb,1.6606682340278618,81.0,0.0,0.7154471544715447,0.2845528455284553,TMB2.26,4,1.0,TMB
TMB2.27,0.9265008901722708,./colab_att/TMB2.27_unrelaxed_rank_001_alphafold2_ptm_model_4_seed_000.pdb,1.085918597927382,86.52,0.0,0.7723577235772358,0.2276422764227642,TMB2.27,4,1.0,TMB
TMB2.28,0.921265676438848,./colab_att/TMB2.28_unrelaxed_rank_001_alphafold2_ptm_model_4_seed_000.pdb,1.136832330639876,86.92,0.0,0.7723577235772358,0.2276422764227642,TMB2.28,4,1.0,TMB
TMB2.29,0.8974888384926021,./colab_att/TMB2.29_unrelaxed_rank_001_alphafold2_ptm_model_5_seed_000.pdb,1.422603850005017,88.46,0.0,0.7560975609756098,0.2439024390243902,TMB2.29,5,1.0,TMB
TMB2.3,0.8566115461867382,./colab_att/TMB2.3_unrelaxed_rank_001_alphafold2_ptm_model_2_seed_000.pdb,2.085391688289555,91.38,0.0,0.7235772357723578,0.2764227642276423,TMB2.3,2,1.0,TMB
TMB2.30,0.3040897089960265,./colab_att/TMB2.30_unrelaxed_rank_003_alphafold2_ptm_model_1_seed_000.pdb,8.381063344156255,36.89,0.024390243902439,0.3739837398373983,0.6016260162601627,TMB2.30,1,1.0,TMB
TMB2.31,0.9184849576904996,./colab_att/TMB2.31_unrelaxed_rank_003_alphafold2_ptm_model_4_seed_000.pdb,1.1349794368638746,86.44,0.0,0.7398373983739838,0.2601626016260163,TMB2.31,4,1.0,TMB
TMB2.32,0.7747262254352965,./colab_att/TMB2.32_unrelaxed_rank_003_alphafold2_ptm_model_4_seed_000.pdb,2.6365355517515208,68.1,0.0,0.7317073170731707,0.2682926829268293,TMB2.32,4,1.0,TMB
TMB2.33,0.9257097246948444,./colab_att/TMB2.33_unrelaxed_rank_001_alphafold2_ptm_model_4_seed_000.pdb,1.0588352604188964,88.21,0.0,0.7317073170731707,0.2682926829268293,TMB2.33,4,1.0,TMB
TMB2.34,0.8783469821573675,./colab_att/TMB2.34_unrelaxed_rank_001_alphafold2_ptm_model_4_seed_000.pdb,1.7499128496928624,83.99,0.0,0.7479674796747967,0.2520325203252032,TMB2.34,4,1.0,TMB
TMB2.35,0.8676198279675067,./colab_att/TMB2.35_unrelaxed_rank_001_alphafold2_ptm_model_5_seed_000.pdb,1.7338495285504918,89.43,0.0,0.7560975609756098,0.2439024390243902,TMB2.35,5,1.0,TMB
TMB2.36,0.8158449608206747,./colab_att/TMB2.36_unrelaxed_rank_002_alphafold2_ptm_model_4_seed_000.pdb,2.943175288504426,79.61,0.0,0.7154471544715447,0.2845528455284553,TMB2.36,4,1.0,TMB
TMB2.37,0.7005422489949606,./colab_att/TMB2.37_unrelaxed_rank_002_alphafold2_ptm_model_4_seed_000.pdb,3.659291012577672,58.33,0.0,0.6341463414634146,0.3658536585365853,TMB2.37,4,1.0,TMB
TMB2.38,0.3256072647318727,./colab_att/TMB2.38_unrelaxed_rank_005_alphafold2_ptm_model_4_seed_000.pdb,9.203875117186064,30.59,0.0,0.2195121951219512,0.7804878048780488,TMB2.38,4,1.0,TMB
TMB2.39,0.8871684143469456,./colab_att/TMB2.39_unrelaxed_rank_001_alphafold2_ptm_model_2_seed_000.pdb,1.4497716980773867,90.01,0.0,0.7317073170731707,0.2682926829268293,TMB2.39,2,1.0,TMB
TMB2.4,0.8931776641529493,./colab_att/TMB2.4_unrelaxed_rank_001_alphafold2_ptm_model_4_seed_000.pdb,1.541257205595386,86.19,0.0,0.7479674796747967,0.2520325203252032,TMB2.4,4,1.0,TMB
TMB2.41,0.9213140861993708,./colab_att/TMB2.41_unrelaxed_rank_001_alphafold2_ptm_model_4_seed_000.pdb,1.1303574622274772,88.17,0.0,0.7479674796747967,0.2520325203252032,TMB2.41,4,1.0,TMB
TMB2.42,0.8637427131368344,./colab_att/TMB2.42_unrelaxed_rank_001_alphafold2_ptm_model_4_seed_000.pdb,2.24876970375872,84.76,0.0,0.7073170731707317,0.2926829268292683,TMB2.42,4,1.0,TMB
TMB2.43,0.9121295957785028,./colab_att/TMB2.43_unrelaxed_rank_001_alphafold2_ptm_model_4_seed_000.pdb,1.1885115923094174,87.11,0.0,0.7398373983739838,0.2601626016260163,TMB2.43,4,1.0,TMB
TMB2.44,0.8464820202756471,./colab_att/TMB2.44_unrelaxed_rank_002_alphafold2_ptm_model_4_seed_000.pdb,1.7289975094034078,83.53,0.0,0.7154471544715447,0.2845528455284553,TMB2.44,4,1.0,TMB
TMB2.45,0.8544151915626957,./colab_att/TMB2.45_unrelaxed_rank_001_alphafold2_ptm_model_4_seed_000.pdb,1.6910964491464204,87.49,0.0,0.7398373983739838,0.2601626016260163,TMB2.45,4,1.0,TMB
TMB2.47,0.8545661895772927,./colab_att/TMB2.47_unrelaxed_rank_002_alphafold2_ptm_model_4_seed_000.pdb,2.0675689454376416,83.32,0.0,0.7235772357723578,0.2764227642276423,TMB2.47,4,1.0,TMB
TMB2.48,0.3043404368728559,./colab_att/TMB2.48_unrelaxed_rank_002_alphafold2_ptm_model_2_seed_000.pdb,9.94253216844445,34.16,0.0,0.1463414634146341,0.8536585365853658,TMB2.48,2,1.0,TMB
TMB2.49,0.8964145943573562,./colab_att/TMB2.49_unrelaxed_rank_001_alphafold2_ptm_model_4_seed_000.pdb,1.369866431207481,85.56,0.0,0.7235772357723578,0.2764227642276423,TMB2.49,4,1.0,TMB
TMB2.5,0.9328427617948222,./colab_att/TMB2.5_unrelaxed_rank_001_alphafold2_ptm_model_4_seed_000.pdb,0.959228368812597,85.76,0.0,0.7235772357723578,0.2764227642276423,TMB2.5,4,1.0,TMB
TMB2.50,0.9325862301854628,./colab_att/TMB2.50_unrelaxed_rank_001_alphafold2_ptm_model_4_seed_000.pdb,1.0070473870694625,88.21,0.0,0.7479674796747967,0.2520325203252032,TMB2.50,4,1.0,TMB
TMB2.51,0.7996263405625202,./colab_att/TMB2.51_unrelaxed_rank_001_alphafold2_ptm_model_2_seed_000.pdb,2.565586892761404,87.37,0.0,0.7073170731707317,0.2926829268292683,TMB2.51,2,1.0,TMB
TMB2.52,0.7658880202667091,./colab_att/TMB2.52_unrelaxed_rank_001_alphafold2_ptm_model_5_seed_000.pdb,2.8240214989618653,78.06,0.0,0.6666666666666666,0.3333333333333333,TMB2.52,5,1.0,TMB
TMB2.54,0.5251210562415064,./colab_att/TMB2.54_unrelaxed_rank_001_alphafold2_ptm_model_4_seed_000.pdb,7.1776395687734125,81.07,0.024390243902439,0.6666666666666666,0.3089430894308943,TMB2.54,4,1.0,TMB
TMB2.55,0.2903861825492094,./colab_att/TMB2.55_unrelaxed_rank_003_alphafold2_ptm_model_4_seed_000.pdb,11.65423912046216,31.28,0.0,0.3333333333333333,0.6666666666666666,TMB2.55,4,1.0,TMB
TMB2.56,0.9319357952023294,./colab_att/TMB2.56_unrelaxed_rank_001_alphafold2_ptm_model_4_seed_000.pdb,1.005057629797235,89.31,0.0,0.7398373983739838,0.2601626016260163,TMB2.56,4,1.0,TMB
TMB2.57,0.9054232690616068,./colab_att/TMB2.57_unrelaxed_rank_001_alphafold2_ptm_model_4_seed_000.pdb,1.206714441624698,83.92,0.0,0.7235772357723578,0.2764227642276423,TMB2.57,4,1.0,TMB
TMB2.58,0.8629432866023832,./colab_att/TMB2.58_unrelaxed_rank_001_alphafold2_ptm_model_4_seed_000.pdb,1.9035368537751536,88.6,0.0,0.7154471544715447,0.2845528455284553,TMB2.58,4,1.0,TMB
TMB2.59,0.866395226156187,./colab_att/TMB2.59_unrelaxed_rank_002_alphafold2_ptm_model_4_seed_000.pdb,1.6002723955794789,87.53,0.0,0.7479674796747967,0.2520325203252032,TMB2.59,4,1.0,TMB
TMB2.6,0.9082643478803152,./colab_att/TMB2.6_unrelaxed_rank_001_alphafold2_ptm_model_4_seed_000.pdb,1.2267958455222765,88.18,0.0,0.7479674796747967,0.2520325203252032,TMB2.6,4,1.0,TMB
TMB2.60,0.8678202031474004,./colab_att/TMB2.60_unrelaxed_rank_001_alphafold2_ptm_model_5_seed_000.pdb,1.573090089782286,87.41,0.0,0.7560975609756098,0.2439024390243902,TMB2.60,5,1.0,TMB
TMB2.62,0.917825444033278,./colab_att/TMB2.62_unrelaxed_rank_001_alphafold2_ptm_model_4_seed_000.pdb,1.1152095507313735,86.53,0.0,0.7154471544715447,0.2845528455284553,TMB2.62,4,1.0,TMB
TMB2.63,0.5446335270418523,./colab_att/TMB2.63_unrelaxed_rank_002_alphafold2_ptm_model_4_seed_000.pdb,6.20194623689781,81.87,0.0,0.7398373983739838,0.2601626016260163,TMB2.63,4,1.0,TMB
TMB2.64,0.8353161073243297,./colab_att/TMB2.64_unrelaxed_rank_001_alphafold2_ptm_model_4_seed_000.pdb,2.764253383136818,80.72,0.0,0.6910569105691057,0.3089430894308943,TMB2.64,4,1.0,TMB
TMB2.65,0.8842369550504326,./colab_att/TMB2.65_unrelaxed_rank_002_alphafold2_ptm_model_4_seed_000.pdb,1.4072744273819446,87.64,0.0,0.7317073170731707,0.2682926829268293,TMB2.65,4,1.0,TMB
TMB2.66,0.8342473386483622,./colab_att/TMB2.66_unrelaxed_rank_001_alphafold2_ptm_model_4_seed_000.pdb,2.0760301523995253,82.84,0.0,0.7398373983739838,0.2601626016260163,TMB2.66,4,1.0,TMB
TMB2.67,0.8566368722745364,./colab_att/TMB2.67_unrelaxed_rank_002_alphafold2_ptm_model_4_seed_000.pdb,1.8356692549758056,84.83,0.0,0.7560975609756098,0.2439024390243902,TMB2.67,4,1.0,TMB
TMB2.68,0.884428322820061,./colab_att/TMB2.68_unrelaxed_rank_001_alphafold2_ptm_model_3_seed_000.pdb,1.706012794684158,87.38,0.0,0.7560975609756098,0.2439024390243902,TMB2.68,3,1.0,TMB
TMB2.69,0.9105925468526576,./colab_att/TMB2.69_unrelaxed_rank_001_alphafold2_ptm_model_4_seed_000.pdb,1.424579798257096,84.09,0.0,0.7560975609756098,0.2439024390243902,TMB2.69,4,1.0,TMB
TMB2.7,0.3214521954318672,./colab_att/TMB2.7_unrelaxed_rank_001_alphafold2_ptm_model_4_seed_000.pdb,10.671193829169924,60.65,0.0,0.5365853658536586,0.4634146341463415,TMB2.7,4,1.0,TMB
TMB2.70,0.9125066486749984,./colab_att/TMB2.70_unrelaxed_rank_003_alphafold2_ptm_model_4_seed_000.pdb,1.182259995284959,85.89,0.0,0.7398373983739838,0.2601626016260163,TMB2.70,4,1.0,TMB
TMB2.71,0.9011278433259444,./colab_att/TMB2.71_unrelaxed_rank_002_alphafold2_ptm_model_4_seed_000.pdb,1.2941982553794242,87.09,0.0,0.7317073170731707,0.2682926829268293,TMB2.71,4,1.0,TMB
TMB2.72,0.835436659101938,./colab_att/TMB2.72_unrelaxed_rank_001_alphafold2_ptm_model_4_seed_000.pdb,1.8577872098267296,75.89,0.0,0.7073170731707317,0.2926829268292683,TMB2.72,4,1.0,TMB
TMB2.73,0.799987354573731,./colab_att/TMB2.73_unrelaxed_rank_001_alphafold2_ptm_model_2_seed_000.pdb,3.1290022802057207,67.41,0.0,0.6341463414634146,0.3658536585365853,TMB2.73,2,1.0,TMB
TMB2.74,0.8596820370172593,./colab_att/TMB2.74_unrelaxed_rank_001_alphafold2_ptm_model_4_seed_000.pdb,1.6581863817842182,80.45,0.0,0.7317073170731707,0.2682926829268293,TMB2.74,4,1.0,TMB
TMB2.75,0.8692238999812552,./colab_att/TMB2.75_unrelaxed_rank_001_alphafold2_ptm_model_4_seed_000.pdb,1.551232977363045,84.76,0.0,0.7235772357723578,0.2764227642276423,TMB2.75,4,1.0,TMB
TMB2.76,0.9143717046556282,./colab_att/TMB2.76_unrelaxed_rank_003_alphafold2_ptm_model_5_seed_000.pdb,1.1560677086894369,87.91,0.0,0.7398373983739838,0.2601626016260163,TMB2.76,5,1.0,TMB
TMB2.77,0.8232956339528592,./colab_att/TMB2.77_unrelaxed_rank_001_alphafold2_ptm_model_4_seed_000.pdb,2.9924156162840543,84.67,0.0,0.7560975609756098,0.2439024390243902,TMB2.77,4,1.0,TMB
TMB2.78,0.3834118555721411,./colab_att/TMB2.78_unrelaxed_rank_005_alphafold2_ptm_model_5_seed_000.pdb,9.882731463429971,33.75,0.0,0.2682926829268293,0.7317073170731707,TMB2.78,5,1.0,TMB
TMB2.79,0.8807202330388954,./colab_att/TMB2.79_unrelaxed_rank_001_alphafold2_ptm_model_1_seed_000.pdb,1.4689867570369473,92.22,0.0,0.7479674796747967,0.2520325203252032,TMB2.79,1,1.0,TMB
TMB2.8,0.7966423641791979,./colab_att/TMB2.8_unrelaxed_rank_001_alphafold2_ptm_model_4_seed_000.pdb,3.2015195980977684,78.45,0.0,0.7317073170731707,0.2682926829268293,TMB2.8,4,1.0,TMB
TMB2.80,0.8664133755578122,./colab_att/TMB2.80_unrelaxed_rank_002_alphafold2_ptm_model_3_seed_000.pdb,1.7146477124735224,74.87,0.0,0.7479674796747967,0.2520325203252032,TMB2.80,3,1.0,TMB
TMB2.81,0.7248497662073482,./colab_att/TMB2.81_unrelaxed_rank_002_alphafold2_ptm_model_1_seed_000.pdb,3.54371072755394,79.83,0.0,0.7235772357723578,0.2764227642276423,TMB2.81,1,1.0,TMB
TMB2.82,0.9104928121525404,./colab_att/TMB2.82_unrelaxed_rank_001_alphafold2_ptm_model_4_seed_000.pdb,1.22820954911757,88.33,0.0,0.7317073170731707,0.2682926829268293,TMB2.82,4,1.0,TMB
TMB2.83,0.9150940947437026,./colab_att/TMB2.83_unrelaxed_rank_002_alphafold2_ptm_model_2_seed_000.pdb,1.1739288395007952,90.6,0.0,0.7235772357723578,0.2764227642276423,TMB2.83,2,1.0,TMB
TMB2.84,0.931186172339735,./colab_att/TMB2.84_unrelaxed_rank_001_alphafold2_ptm_model_4_seed_000.pdb,1.0398413483943711,85.56,0.0,0.7723577235772358,0.2276422764227642,TMB2.84,4,1.0,TMB
TMB2.85,0.9221825404123264,./colab_att/TMB2.85_unrelaxed_rank_001_alphafold2_ptm_model_4_seed_000.pdb,1.089086709469676,88.56,0.0,0.7154471544715447,0.2845528455284553,TMB2.85,4,1.0,TMB
TMB2.86,0.7625919999817938,./colab_att/TMB2.86_unrelaxed_rank_001_alphafold2_ptm_model_4_seed_000.pdb,3.301087961269644,68.21,0.0,0.6504065040650406,0.3495934959349593,TMB2.86,4,1.0,TMB
TMB2.87,0.4143610523195498,./colab_att/TMB2.87_unrelaxed_rank_002_alphafold2_ptm_model_4_seed_000.pdb,9.85069299132301,38.53,0.0,0.5609756097560976,0.4390243902439024,TMB2.87,4,1.0,TMB
TMB2.88,0.8679935282218288,./colab_att/TMB2.88_unrelaxed_rank_001_alphafold2_ptm_model_4_seed_000.pdb,1.542912213737621,84.76,0.0,0.7317073170731707,0.2682926829268293,TMB2.88,4,1.0,TMB
TMB2.89,0.3858524988888608,./colab_att/TMB2.89_unrelaxed_rank_001_alphafold2_ptm_model_4_seed_000.pdb,11.163271940503428,56.13,0.0,0.5609756097560976,0.4390243902439024,TMB2.89,4,1.0,TMB
TMB2.9,0.8218695685819083,./colab_att/TMB2.9_unrelaxed_rank_001_alphafold2_ptm_model_4_seed_000.pdb,2.812191925856533,68.53,0.0,0.6504065040650406,0.3495934959349593,TMB2.9,4,1.0,TMB
GLF_2,0.8733188638489328,./colab_cas_att/GLF_2_unrelaxed_rank_003_alphafold2_ptm_model_3_seed_000.pdb,4.104851075010843,93.89,0.8818181818181818,0.0,0.1181818181818181,GLF_2,3,1.0,Solubilized
GLF_3,0.8469761075904996,./colab_cas_att/GLF_3_unrelaxed_rank_004_alphafold2_ptm_model_5_seed_000.pdb,4.108629972318062,93.61,0.8818181818181818,0.0,0.1181818181818181,GLF_3,5,1.0,Solubilized
GLF_4,0.845785990243996,./colab_cas_att/GLF_4_unrelaxed_rank_004_alphafold2_ptm_model_5_seed_000.pdb,4.029803350000938,91.69,0.8863636363636364,0.0,0.1136363636363636,GLF_4,5,1.0,Solubilized
GLF_5,0.8132237485854797,./colab_cas_att/GLF_5_unrelaxed_rank_004_alphafold2_ptm_model_4_seed_000.pdb,4.298186850026445,81.35,0.8727272727272727,0.0,0.1272727272727272,GLF_5,4,1.0,Solubilized
GLF_6,0.8136574755067116,./colab_cas_att/GLF_6_unrelaxed_rank_003_alphafold2_ptm_model_3_seed_000.pdb,4.372440192478129,91.71,0.9136363636363636,0.0,0.0863636363636363,GLF_6,3,1.0,Solubilized
GLF_7,0.820071816232691,./colab_cas_att/GLF_7_unrelaxed_rank_003_alphafold2_ptm_model_2_seed_000.pdb,4.370266142388122,91.83,0.8954545454545455,0.0,0.1045454545454545,GLF_7,2,1.0,Solubilized
GLF_8,0.8474117084685999,./colab_cas_att/GLF_8_unrelaxed_rank_004_alphafold2_ptm_model_5_seed_000.pdb,4.382982548388421,83.81,0.8909090909090909,0.0,0.109090909090909,GLF_8,5,1.0,Solubilized
GLF_9,0.81727549289527,./colab_cas_att/GLF_9_unrelaxed_rank_003_alphafold2_ptm_model_5_seed_000.pdb,4.591253185984954,85.18,0.8681818181818182,0.0,0.1318181818181818,GLF_9,5,1.0,Solubilized
GLF_10,0.837651509997983,./colab_cas_att/GLF_10_unrelaxed_rank_002_alphafold2_ptm_model_3_seed_000.pdb,4.469247852228421,94.83,0.8909090909090909,0.0,0.109090909090909,GLF_10,3,1.0,Solubilized
GLF_11,0.8322494800895054,./colab_cas_att/GLF_11_unrelaxed_rank_001_alphafold2_ptm_model_3_seed_000.pdb,4.565317306412326,95.08,0.8909090909090909,0.0,0.109090909090909,GLF_11,3,1.0,Solubilized
GLF_12,0.7988698761406092,./colab_cas_att/GLF_12_unrelaxed_rank_003_alphafold2_ptm_model_5_seed_000.pdb,4.852015620660908,83.77,0.9,0.0,0.1,GLF_12,5,1.0,Solubilized
GLF_13,0.7986465832932556,./colab_cas_att/GLF_13_unrelaxed_rank_004_alphafold2_ptm_model_4_seed_000.pdb,4.788397221358425,89.72,0.9090909090909092,0.0,0.0909090909090909,GLF_13,4,1.0,Solubilized
GLF_14,0.8621515656373252,./colab_cas_att/GLF_14_unrelaxed_rank_001_alphafold2_ptm_model_2_seed_000.pdb,3.996880564614019,87.49,0.8954545454545455,0.0,0.1045454545454545,GLF_14,2,1.0,Solubilized
GLF_15,0.851626034026993,./colab_cas_att/GLF_15_unrelaxed_rank_005_alphafold2_ptm_model_4_seed_000.pdb,3.99525674718343,82.8,0.8681818181818182,0.0,0.1318181818181818,GLF_15,4,1.0,Solubilized
GLF_16,0.8688794307605845,./colab_cas_att/GLF_16_unrelaxed_rank_002_alphafold2_ptm_model_2_seed_000.pdb,4.030328495426577,84.36,0.9,0.0,0.1,GLF_16,2,1.0,Solubilized
GLF_17,0.8586486683436098,./colab_cas_att/GLF_17_unrelaxed_rank_001_alphafold2_ptm_model_3_seed_000.pdb,4.2044013272695,95.41,0.9,0.0,0.1,GLF_17,3,1.0,Solubilized
GLF_18,0.8618089479510148,./colab_cas_att/GLF_18_unrelaxed_rank_001_alphafold2_ptm_model_2_seed_000.pdb,4.204514028741652,95.9,0.9,0.0,0.1,GLF_18,2,1.0,Solubilized
GLF_19,0.8635547118588769,./colab_cas_att/GLF_19_unrelaxed_rank_004_alphafold2_ptm_model_5_seed_000.pdb,4.178392341948697,93.75,0.9,0.0,0.1,GLF_19,5,1.0,Solubilized
GLF_20,0.819251952393007,./colab_cas_att/GLF_20_unrelaxed_rank_005_alphafold2_ptm_model_5_seed_000.pdb,4.283344322552973,87.24,0.9136363636363636,0.0,0.0863636363636363,GLF_20,5,1.0,Solubilized
GLF_21,0.8325041353083161,./colab_cas_att/GLF_21_unrelaxed_rank_002_alphafold2_ptm_model_1_seed_000.pdb,4.239710574241995,93.8,0.8863636363636364,0.0,0.1136363636363636,GLF_21,1,1.0,Solubilized
GLF_22,0.8338090966215059,./colab_cas_att/GLF_22_unrelaxed_rank_001_alphafold2_ptm_model_2_seed_000.pdb,4.186359328013959,93.73,0.8863636363636364,0.0,0.1136363636363636,GLF_22,2,1.0,Solubilized
GLF_23,0.865927709427934,./colab_cas_att/GLF_23_unrelaxed_rank_004_alphafold2_ptm_model_3_seed_000.pdb,3.994211786181172,81.23,0.85,0.0,0.15,GLF_23,3,1.0,Solubilized
GLF_24,0.8536186404169224,./colab_cas_att/GLF_24_unrelaxed_rank_005_alphafold2_ptm_model_5_seed_000.pdb,4.146134123441679,82.74,0.8772727272727273,0.0,0.1227272727272727,GLF_24,5,1.0,Solubilized
GLF_25,0.8103633062933201,./colab_cas_att/GLF_25_unrelaxed_rank_001_alphafold2_ptm_model_1_seed_000.pdb,4.616526801574094,92.12,0.9,0.0,0.1,GLF_25,1,1.0,Solubilized
GLF_26,0.8350234887110376,./colab_cas_att/GLF_26_unrelaxed_rank_004_alphafold2_ptm_model_5_seed_000.pdb,4.398002943563951,93.67,0.8863636363636364,0.0,0.1136363636363636,GLF_26,5,1.0,Solubilized
GLF_27,0.8480801972134172,./colab_cas_att/GLF_27_unrelaxed_rank_003_alphafold2_ptm_model_4_seed_000.pdb,4.011674651029025,81.01,0.8681818181818182,0.0,0.1318181818181818,GLF_27,4,1.0,Solubilized
GLF_29,0.8583437369200433,./colab_cas_att/GLF_29_unrelaxed_rank_004_alphafold2_ptm_model_1_seed_000.pdb,4.221979848804234,89.73,0.8772727272727273,0.0,0.1227272727272727,GLF_29,1,1.0,Solubilized
GLF_30,0.829027566494102,./colab_cas_att/GLF_30_unrelaxed_rank_003_alphafold2_ptm_model_4_seed_000.pdb,4.480645154813662,88.11,0.8954545454545455,0.0,0.1045454545454545,GLF_30,4,1.0,Solubilized
GLF_31,0.8466566109370945,./colab_cas_att/GLF_31_unrelaxed_rank_002_alphafold2_ptm_model_2_seed_000.pdb,4.272756154455053,97.11,0.8909090909090909,0.0,0.109090909090909,GLF_31,2,1.0,Solubilized
GLF_32,0.8513155341076265,./colab_cas_att/GLF_32_unrelaxed_rank_004_alphafold2_ptm_model_5_seed_000.pdb,4.24197845942337,96.06,0.8954545454545455,0.0,0.1045454545454545,GLF_32,5,1.0,Solubilized
GLF_33,0.8532305843346687,./colab_cas_att/GLF_33_unrelaxed_rank_003_alphafold2_ptm_model_1_seed_000.pdb,4.12784684086925,95.05,0.8954545454545455,0.0,0.1045454545454545,GLF_33,1,1.0,Solubilized
GLF_34,0.8675035876259052,./colab_cas_att/GLF_34_unrelaxed_rank_004_alphafold2_ptm_model_1_seed_000.pdb,3.946368583196103,86.1,0.8954545454545455,0.0,0.1045454545454545,GLF_34,1,1.0,Solubilized
GLF_35,0.8694125109859367,./colab_cas_att/GLF_35_unrelaxed_rank_001_alphafold2_ptm_model_1_seed_000.pdb,3.901263159187105,91.54,0.9,0.0,0.1,GLF_35,1,1.0,Solubilized
GLF_36,0.8661840723545658,./colab_cas_att/GLF_36_unrelaxed_rank_004_alphafold2_ptm_model_5_seed_000.pdb,3.910666187922916,94.39,0.8954545454545455,0.0,0.1045454545454545,GLF_36,5,1.0,Solubilized
GLF_37,0.8690669123219608,./colab_cas_att/GLF_37_unrelaxed_rank_003_alphafold2_ptm_model_5_seed_000.pdb,3.867119583502321,94.85,0.8954545454545455,0.0,0.1045454545454545,GLF_37,5,1.0,Solubilized
GLF_38,0.8613134013114412,./colab_cas_att/GLF_38_unrelaxed_rank_001_alphafold2_ptm_model_3_seed_000.pdb,4.057561128335019,94.24,0.8909090909090909,0.0,0.109090909090909,GLF_38,3,1.0,Solubilized
GLF_39,0.8552446514331499,./colab_cas_att/GLF_39_unrelaxed_rank_005_alphafold2_ptm_model_4_seed_000.pdb,4.086141192083507,80.57,0.8818181818181818,0.0,0.1181818181818181,GLF_39,4,1.0,Solubilized
GLF_40,0.8484660599684622,./colab_cas_att/GLF_40_unrelaxed_rank_002_alphafold2_ptm_model_1_seed_000.pdb,4.108125465150193,85.35,0.8909090909090909,0.0,0.109090909090909,GLF_40,1,1.0,Solubilized
GLF_41,0.8457134407372141,./colab_cas_att/GLF_41_unrelaxed_rank_004_alphafold2_ptm_model_1_seed_000.pdb,4.258173995870359,92.96,0.8954545454545455,0.0,0.1045454545454545,GLF_41,1,1.0,Solubilized
GLF_42,0.8243626165154004,./colab_cas_att/GLF_42_unrelaxed_rank_004_alphafold2_ptm_model_5_seed_000.pdb,4.332757325880862,94.67,0.8909090909090909,0.0,0.109090909090909,GLF_42,5,1.0,Solubilized
GLF_43,0.8387145850865037,./colab_cas_att/GLF_43_unrelaxed_rank_005_alphafold2_ptm_model_4_seed_000.pdb,4.260362016124437,93.86,0.9045454545454544,0.0,0.0954545454545454,GLF_43,4,1.0,Solubilized
GLF_44,0.8333026160678446,./colab_cas_att/GLF_44_unrelaxed_rank_002_alphafold2_ptm_model_1_seed_000.pdb,4.26314980801232,91.93,0.8727272727272727,0.0,0.1272727272727272,GLF_44,1,1.0,Solubilized
GLF_45,0.8289258623446852,./colab_cas_att/GLF_45_unrelaxed_rank_003_alphafold2_ptm_model_1_seed_000.pdb,4.183505050612426,92.02,0.8727272727272727,0.0,0.1272727272727272,GLF_45,1,1.0,Solubilized
GLF_46,0.8432548192752362,./colab_cas_att/GLF_46_unrelaxed_rank_004_alphafold2_ptm_model_4_seed_000.pdb,4.1033976075840375,77.35,0.8954545454545455,0.0,0.1045454545454545,GLF_46,4,1.0,Solubilized
GLF_47,0.8433200565368902,./colab_cas_att/GLF_47_unrelaxed_rank_004_alphafold2_ptm_model_4_seed_000.pdb,4.13803699994742,89.26,0.8863636363636364,0.0,0.1136363636363636,GLF_47,4,1.0,Solubilized
GLF_48,0.8661446243829214,./colab_cas_att/GLF_48_unrelaxed_rank_004_alphafold2_ptm_model_3_seed_000.pdb,4.0580603883617,79.98,0.8772727272727273,0.0,0.1227272727272727,GLF_48,3,1.0,Solubilized
GLF_49,0.7888627622023351,./colab_cas_att/GLF_49_unrelaxed_rank_003_alphafold2_ptm_model_5_seed_000.pdb,4.629859442198042,86.36,0.8863636363636364,0.0,0.1136363636363636,GLF_49,5,1.0,Solubilized
GLF_50,0.7899309968650967,./colab_cas_att/GLF_50_unrelaxed_rank_005_alphafold2_ptm_model_4_seed_000.pdb,4.656827986790948,84.95,0.8863636363636364,0.0,0.1136363636363636,GLF_50,4,1.0,Solubilized
GLF_51,0.800080299171171,./colab_cas_att/GLF_51_unrelaxed_rank_004_alphafold2_ptm_model_1_seed_000.pdb,4.699826845616907,85.98,0.8863636363636364,0.0,0.1136363636363636,GLF_51,1,1.0,Solubilized
GLF_52,0.8331613013530653,./colab_cas_att/GLF_52_unrelaxed_rank_002_alphafold2_ptm_model_2_seed_000.pdb,4.132159173998075,84.73,0.8954545454545455,0.0,0.1045454545454545,GLF_52,2,1.0,Solubilized
GLF_53,0.8481148840794788,./colab_cas_att/GLF_53_unrelaxed_rank_001_alphafold2_ptm_model_2_seed_000.pdb,4.015786595672009,83.64,0.8909090909090909,0.0,0.109090909090909,GLF_53,2,1.0,Solubilized
GLF_54,0.826107145929251,./colab_cas_att/GLF_54_unrelaxed_rank_005_alphafold2_ptm_model_5_seed_000.pdb,4.290936063743697,89.99,0.9,0.0,0.1,GLF_54,5,1.0,Solubilized
GLF_55,0.8166994297003072,./colab_cas_att/GLF_55_unrelaxed_rank_005_alphafold2_ptm_model_5_seed_000.pdb,4.203306745429863,83.13,0.8954545454545455,0.0,0.1045454545454545,GLF_55,5,1.0,Solubilized
GLF_56,0.8414315930530787,./colab_cas_att/GLF_56_unrelaxed_rank_005_alphafold2_ptm_model_5_seed_000.pdb,4.12049101821142,91.25,0.9090909090909092,0.0,0.0909090909090909,GLF_56,5,1.0,Solubilized
GLF_57,0.8052103111172011,./colab_cas_att/GLF_57_unrelaxed_rank_003_alphafold2_ptm_model_1_seed_000.pdb,4.3919837036274485,96.73,0.8954545454545455,0.0,0.1045454545454545,GLF_57,1,1.0,Solubilized
CLF_1,0.8317520932560626,./colab_cas_att/CLF_1_unrelaxed_rank_002_alphafold2_ptm_model_3_seed_000.pdb,2.2225143892724706,87.56,0.6685082872928176,0.1049723756906077,0.2265193370165746,CLF_1,3,1.0,Solubilized
CLF_2,0.8110777672677353,./colab_cas_att/CLF_2_unrelaxed_rank_001_alphafold2_ptm_model_5_seed_000.pdb,2.441572605347721,86.32,0.712707182320442,0.0939226519337016,0.1933701657458563,CLF_2,5,1.0,Solubilized
CLF_3,0.810579012617597,./colab_cas_att/CLF_3_unrelaxed_rank_004_alphafold2_ptm_model_1_seed_000.pdb,2.5369467219392265,90.62,0.7016574585635359,0.1270718232044199,0.1712707182320442,CLF_3,1,1.0,Solubilized
CLF_4,0.8133008931979069,./colab_cas_att/CLF_4_unrelaxed_rank_003_alphafold2_ptm_model_3_seed_000.pdb,2.4544808852191444,89.09,0.6961325966850829,0.1160220994475138,0.1878453038674033,CLF_4,3,1.0,Solubilized
CLF_5,0.9027099299352008,./colab_cas_att/CLF_5_unrelaxed_rank_003_alphafold2_ptm_model_3_seed_000.pdb,1.5022840033490568,89.24,0.6685082872928176,0.0994475138121546,0.2320441988950276,CLF_5,3,1.0,Solubilized
CLF_6,0.8870428258995665,./colab_cas_att/CLF_6_unrelaxed_rank_001_alphafold2_ptm_model_1_seed_000.pdb,1.695349247874369,87.84,0.6685082872928176,0.1270718232044199,0.2044198895027624,CLF_6,1,1.0,Solubilized
CLF_7,0.8515136769112213,./colab_cas_att/CLF_7_unrelaxed_rank_003_alphafold2_ptm_model_5_seed_000.pdb,2.0261417988665893,90.64,0.7292817679558011,0.1270718232044199,0.143646408839779,CLF_7,5,1.0,Solubilized
CLF_8,0.8775986390896207,./colab_cas_att/CLF_8_unrelaxed_rank_005_alphafold2_ptm_model_4_seed_000.pdb,1.8150526291586908,90.33,0.6906077348066298,0.1049723756906077,0.2044198895027624,CLF_8,4,1.0,Solubilized
CLF_9,0.8511747323742369,./colab_cas_att/CLF_9_unrelaxed_rank_003_alphafold2_ptm_model_3_seed_000.pdb,2.068855137977703,93.53,0.7016574585635359,0.1104972375690607,0.1878453038674033,CLF_9,3,1.0,Solubilized
CLF_10,0.8697817732417017,./colab_cas_att/CLF_10_unrelaxed_rank_002_alphafold2_ptm_model_2_seed_000.pdb,1.93252861632303,89.42,0.7016574585635359,0.1104972375690607,0.1878453038674033,CLF_10,2,1.0,Solubilized
CLF_11,0.856103717505924,./colab_cas_att/CLF_11_unrelaxed_rank_001_alphafold2_ptm_model_2_seed_000.pdb,2.02136827999652,90.08,0.6685082872928176,0.1104972375690607,0.2209944751381215,CLF_11,2,1.0,Solubilized
CLF_12,0.861236527162224,./colab_cas_att/CLF_12_unrelaxed_rank_001_alphafold2_ptm_model_2_seed_000.pdb,1.9485694063055563,90.52,0.6685082872928176,0.1215469613259668,0.2099447513812154,CLF_12,2,1.0,Solubilized
CLF_13,0.8499054338422486,./colab_cas_att/CLF_13_unrelaxed_rank_002_alphafold2_ptm_model_3_seed_000.pdb,2.124237564498179,86.77,0.6850828729281768,0.1104972375690607,0.2044198895027624,CLF_13,3,1.0,Solubilized
RPF_1,0.8100923968609699,./colab_cas_att/RPF_1_unrelaxed_rank_002_alphafold2_ptm_model_1_seed_000.pdb,3.0670087397125863,85.74,0.7696629213483146,0.0,0.2303370786516854,RPF_1,1,1.0,Solubilized
RPF_2,0.7669455117674481,./colab_cas_att/RPF_2_unrelaxed_rank_001_alphafold2_ptm_model_2_seed_000.pdb,2.902196476245874,87.84,0.6966292134831461,0.0112359550561797,0.2921348314606741,RPF_2,2,1.0,Solubilized
RPF_4,0.7735929301061435,./colab_cas_att/RPF_4_unrelaxed_rank_003_alphafold2_ptm_model_1_seed_000.pdb,2.849476705488725,80.66,0.7584269662921348,0.0,0.2415730337078651,RPF_4,1,1.0,Solubilized
RPF_5,0.825881664239395,./colab_cas_att/RPF_5_unrelaxed_rank_001_alphafold2_ptm_model_2_seed_000.pdb,2.244274160386608,94.43,0.7752808988764045,0.0,0.2247191011235955,RPF_5,2,1.0,Solubilized
RPF_7,0.8298244449813269,./colab_cas_att/RPF_7_unrelaxed_rank_005_alphafold2_ptm_model_1_seed_000.pdb,2.2576418214335696,90.87,0.7247191011235955,0.0,0.2752808988764045,RPF_7,1,1.0,Solubilized
RPF_8,0.797274394075627,./colab_cas_att/RPF_8_unrelaxed_rank_004_alphafold2_ptm_model_2_seed_000.pdb,2.641874677603239,87.71,0.8426966292134831,0.0,0.1573033707865168,RPF_8,2,1.0,Solubilized
RPF_9,0.7830791382079602,./colab_cas_att/RPF_9_unrelaxed_rank_002_alphafold2_ptm_model_1_seed_000.pdb,2.900837055280864,94.58,0.8258426966292135,0.0,0.1741573033707865,RPF_9,1,1.0,Solubilized
RPF_10,0.7002686039352629,./colab_cas_att/RPF_10_unrelaxed_rank_001_alphafold2_ptm_model_2_seed_000.pdb,3.675371691886269,83.81,0.7303370786516854,0.0,0.2696629213483146,RPF_10,2,1.0,Solubilized
RPF_11,0.8196162220702062,./colab_cas_att/RPF_11_unrelaxed_rank_001_alphafold2_ptm_model_3_seed_000.pdb,2.5320667399904897,91.52,0.7247191011235955,0.0112359550561797,0.2640449438202247,RPF_11,3,1.0,Solubilized
RPF_12,0.7382067156068439,./colab_cas_att/RPF_12_unrelaxed_rank_003_alphafold2_ptm_model_1_seed_000.pdb,3.2617346624790544,92.01,0.8089887640449438,0.0,0.1910112359550561,RPF_12,1,1.0,Solubilized
RPF_13,0.7702025020399063,./colab_cas_att/RPF_13_unrelaxed_rank_005_alphafold2_ptm_model_3_seed_000.pdb,2.854328767129795,85.99,0.8089887640449438,0.0,0.1910112359550561,RPF_13,3,1.0,Solubilized
RPF_14,0.8401015747887003,./colab_cas_att/RPF_14_unrelaxed_rank_005_alphafold2_ptm_model_3_seed_000.pdb,2.130796624674161,77.34,0.7640449438202247,0.0112359550561797,0.2247191011235955,RPF_14,3,1.0,Solubilized
RPF_15,0.7892266259170513,./colab_cas_att/RPF_15_unrelaxed_rank_002_alphafold2_ptm_model_2_seed_000.pdb,2.6225088024415624,87.59,0.7808988764044944,0.0112359550561797,0.2078651685393258,RPF_15,2,1.0,Solubilized
1998469_0000,0.8107536242249135,./colab/1998469_0000_unrelaxed_rank_001_alphafold2_ptm_model_4_seed_000.pdb,1.2940257136765716,84.26,0.55,0.2,0.25,1998469_0000,4,1.0,Foldit
1998520_0002,0.8345894010997555,./colab/1998520_0002_unrelaxed_rank_001_alphafold2_ptm_model_4_seed_000.pdb,1.5879632582538263,90.8,0.3857142857142857,0.3714285714285714,0.2428571428571428,1998520_0002,4,1.0,Foldit
1998555_1041,0.4434627608094857,./colab/1998555_1041_unrelaxed_rank_001_alphafold2_ptm_model_5_seed_000.pdb,5.895704247125794,76.86,0.425,0.3125,0.2625,1998555_1041,5,1.0,Foldit
2000240_0002,0.7382152593984621,./colab/2000240_0002_unrelaxed_rank_001_alphafold2_ptm_model_2_seed_000.pdb,1.7454708089529836,84.66,0.5076923076923077,0.2769230769230769,0.2153846153846154,2000240_0002,2,1.0,Foldit
2000485_1070,0.5252720608522629,./colab/2000485_1070_unrelaxed_rank_001_alphafold2_ptm_model_3_seed_000.pdb,4.623173970527756,63.73,0.2,0.4588235294117647,0.3411764705882353,2000485_1070,3,1.0,Foldit
2000518_0000,0.4940358720508138,./colab/2000518_0000_unrelaxed_rank_001_alphafold2_ptm_model_5_seed_000.pdb,5.857291716392529,85.06,0.4,0.3555555555555555,0.2444444444444444,2000518_0000,5,1.0,Foldit
2000518_0003,0.9055375562309744,./colab/2000518_0003_unrelaxed_rank_001_alphafold2_ptm_model_5_seed_000.pdb,1.0366784666785238,86.28,0.4444444444444444,0.3111111111111111,0.2444444444444444,2000518_0003,5,1.0,Foldit
2000665_1003,0.5158224613121918,./colab/2000665_1003_unrelaxed_rank_001_alphafold2_ptm_model_2_seed_000.pdb,7.521423120589552,67.21,0.5333333333333333,0.1555555555555555,0.3111111111111111,2000665_1003,2,1.0,Foldit
2001044_0000,0.8165997974903122,./colab/2001044_0000_unrelaxed_rank_001_alphafold2_ptm_model_1_seed_000.pdb,1.25363767090052,88.72,0.5,0.2833333333333333,0.2166666666666666,2001044_0000,1,1.0,Foldit
2002089_0001,0.4690960041681809,./colab/2002089_0001_unrelaxed_rank_001_alphafold2_ptm_model_3_seed_000.pdb,5.837466941570573,89.94,0.0,0.7285714285714285,0.2714285714285714,2002089_0001,3,1.0,Foldit
2002089_1029,0.8307848389351984,./colab/2002089_1029_unrelaxed_rank_001_alphafold2_ptm_model_5_seed_000.pdb,1.96398048486487,83.91,0.0,0.7428571428571429,0.2571428571428571,2002089_1029,5,1.0,Foldit
2002243_1016,0.8204191001756349,./colab/2002243_1016_unrelaxed_rank_001_alphafold2_ptm_model_3_seed_000.pdb,1.271587586244231,88.17,0.4769230769230769,0.2615384615384615,0.2615384615384615,2002243_1016,3,1.0,Foldit
2002308_0000,0.9182256911970792,./colab/2002308_0000_unrelaxed_rank_001_alphafold2_ptm_model_2_seed_000.pdb,0.8073940820947533,84.9,0.4857142857142857,0.3142857142857143,0.2,2002308_0000,2,1.0,Foldit
2002308_0005,0.7904703135709251,./colab/2002308_0005_unrelaxed_rank_001_alphafold2_ptm_model_4_seed_000.pdb,1.6449274703155243,85.06,0.4714285714285714,0.3285714285714285,0.2,2002308_0005,4,1.0,Foldit
2002334_0005,0.4294162543636736,./colab/2002334_0005_unrelaxed_rank_001_alphafold2_ptm_model_1_seed_000.pdb,5.890319111862666,92.71,0.0,0.8,0.2,2002334_0005,1,1.0,Foldit
2002376_0000,0.8333991251177448,./colab/2002376_0000_unrelaxed_rank_001_alphafold2_ptm_model_3_seed_000.pdb,1.4494848061717085,78.18,0.4941176470588235,0.188235294117647,0.3176470588235294,2002376_0000,3,1.0,Foldit
2002376_0003,0.3699353624393398,./colab/2002376_0003_unrelaxed_rank_001_alphafold2_ptm_model_2_seed_000.pdb,23.029815500256227,78.07,0.4705882352941176,0.3411764705882353,0.188235294117647,2002376_0003,2,1.0,Foldit
2002469_0001,0.6286116354063427,./colab/2002469_0001_unrelaxed_rank_001_alphafold2_ptm_model_5_seed_000.pdb,3.773403382079502,88.74,0.475,0.2,0.325,2002469_0001,5,1.0,Foldit
2002486_0006,0.879626595244992,./colab/2002486_0006_unrelaxed_rank_001_alphafold2_ptm_model_5_seed_000.pdb,0.9740810265821632,75.39,0.0,0.6923076923076923,0.3076923076923077,2002486_0006,5,1.0,Foldit
2002486_1012,0.5927142214682406,./colab/2002486_1012_unrelaxed_rank_001_alphafold2_ptm_model_3_seed_000.pdb,4.47664128430339,85.96,0.4615384615384615,0.2615384615384615,0.2769230769230769,2002486_1012,3,1.0,Foldit
2002486_1048,0.5283263548414803,./colab/2002486_1048_unrelaxed_rank_001_alphafold2_ptm_model_1_seed_000.pdb,5.225398880533348,78.44,0.4461538461538462,0.2461538461538461,0.3076923076923077,2002486_1048,1,1.0,Foldit
2002544_0000,0.9265044260554464,./colab/2002544_0000_unrelaxed_rank_001_alphafold2_ptm_model_3_seed_000.pdb,0.7226986323010874,88.57,0.4857142857142857,0.2857142857142857,0.2285714285714285,2002544_0000,3,1.0,Foldit
2002553_0000,0.2877127101343474,./colab/2002553_0000_unrelaxed_rank_001_alphafold2_ptm_model_5_seed_000.pdb,26.61573651766723,85.37,0.9733333333333334,0.0,0.0266666666666666,2002553_0000,5,1.0,Foldit
2002565_0002,0.945612804213614,./colab/2002565_0002_unrelaxed_rank_001_alphafold2_ptm_model_3_seed_000.pdb,0.7045629560549372,86.68,0.4111111111111111,0.4111111111111111,0.1777777777777777,2002565_0002,3,1.0,Foldit
2002590_0001,0.7271518722552623,./colab/2002590_0001_unrelaxed_rank_001_alphafold2_ptm_model_3_seed_000.pdb,2.491438247727777,83.76,0.4615384615384615,0.3538461538461538,0.1846153846153846,2002590_0001,3,1.0,Foldit
2002613_0004,0.6731084450549255,./colab/2002613_0004_unrelaxed_rank_001_alphafold2_ptm_model_1_seed_000.pdb,3.11072234373633,82.27,0.4714285714285714,0.3285714285714285,0.2,2002613_0004,1,1.0,Foldit
2002713_0000,0.9398915911468636,./colab/2002713_0000_unrelaxed_rank_001_alphafold2_ptm_model_5_seed_000.pdb,0.6386539472349414,88.82,0.8923076923076924,0.0,0.1076923076923077,2002713_0000,5,1.0,Foldit
2002713_0004,0.8263506950057202,./colab/2002713_0004_unrelaxed_rank_001_alphafold2_ptm_model_3_seed_000.pdb,1.3616202263914057,86.59,0.8769230769230769,0.0,0.123076923076923,2002713_0004,3,1.0,Foldit
2002713_1006,0.8793117517673021,./colab/2002713_1006_unrelaxed_rank_001_alphafold2_ptm_model_3_seed_000.pdb,1.012612258737087,91.8,0.8769230769230769,0.0,0.123076923076923,2002713_1006,3,1.0,Foldit
2002745_0000,0.9011879063446387,./colab/2002745_0000_unrelaxed_rank_001_alphafold2_ptm_model_3_seed_000.pdb,1.0445491637674444,92.41,0.9176470588235294,0.0,0.0823529411764705,2002745_0000,3,1.0,Foldit
2002745_0001,0.3403252198450604,./colab/2002745_0001_unrelaxed_rank_001_alphafold2_ptm_model_3_seed_000.pdb,30.26249698189094,97.19,0.976470588235294,0.0,0.0235294117647058,2002745_0001,3,1.0,Foldit
2002745_0003,0.8648667085110948,./colab/2002745_0003_unrelaxed_rank_001_alphafold2_ptm_model_3_seed_000.pdb,1.269227743783846,91.02,0.9058823529411764,0.0,0.0941176470588235,2002745_0003,3,1.0,Foldit
2002745_0004,0.8316612283555684,./colab/2002745_0004_unrelaxed_rank_001_alphafold2_ptm_model_3_seed_000.pdb,1.448311671334947,90.33,0.8823529411764706,0.0,0.1176470588235294,2002745_0004,3,1.0,Foldit
2002745_0008,0.9533302113111508,./colab/2002745_0008_unrelaxed_rank_001_alphafold2_ptm_model_3_seed_000.pdb,0.649702071470484,93.77,0.9058823529411764,0.0,0.0941176470588235,2002745_0008,3,1.0,Foldit
2002766_0000,0.8846345328579445,./colab/2002766_0000_unrelaxed_rank_001_alphafold2_ptm_model_1_seed_000.pdb,1.0637756912704563,89.29,0.8714285714285714,0.0,0.1285714285714285,2002766_0000,1,1.0,Foldit
2002766_0001,0.9025073552149764,./colab/2002766_0001_unrelaxed_rank_001_alphafold2_ptm_model_2_seed_000.pdb,0.8850419864536281,93.89,0.9142857142857144,0.0,0.0857142857142857,2002766_0001,2,1.0,Foldit
2002766_0002,0.6495339354013511,./colab/2002766_0002_unrelaxed_rank_001_alphafold2_ptm_model_1_seed_000.pdb,3.4471142314615286,88.22,0.9,0.0,0.1,2002766_0002,1,1.0,Foldit
2002766_0003,0.3505498800495301,./colab/2002766_0003_unrelaxed_rank_001_alphafold2_ptm_model_3_seed_000.pdb,19.00440407955652,86.6,0.9428571428571428,0.0,0.0571428571428571,2002766_0003,3,1.0,Foldit
2002766_0004,0.7849911388116411,./colab/2002766_0004_unrelaxed_rank_001_alphafold2_ptm_model_5_seed_000.pdb,1.945389599718562,81.97,0.9,0.0,0.1,2002766_0004,5,1.0,Foldit
2002766_0006,0.8565563249028302,./colab/2002766_0006_unrelaxed_rank_001_alphafold2_ptm_model_3_seed_000.pdb,1.1336593471853336,90.76,0.8571428571428571,0.0,0.1428571428571428,2002766_0006,3,1.0,Foldit
2002787_0005,0.9411506147850937,./colab/2002787_0005_unrelaxed_rank_001_alphafold2_ptm_model_2_seed_000.pdb,0.6959876916310326,91.39,0.44,0.3333333333333333,0.2266666666666666,2002787_0005,2,1.0,Foldit
2002922_1013,0.88370240726186,./colab/2002922_1013_unrelaxed_rank_001_alphafold2_ptm_model_3_seed_000.pdb,1.0769038066245644,86.69,0.475,0.375,0.15,2002922_1013,3,1.0,Foldit
2002922_1018,0.8630717365217047,./colab/2002922_1018_unrelaxed_rank_001_alphafold2_ptm_model_2_seed_000.pdb,1.2360457835040877,84.38,0.4,0.4,0.2,2002922_1018,2,1.0,Foldit
2002949_0000,0.9337156386036856,./colab/2002949_0000_unrelaxed_rank_001_alphafold2_ptm_model_3_seed_000.pdb,0.6821594108286759,88.76,0.4923076923076923,0.2769230769230769,0.2307692307692307,2002949_0000,3,1.0,Foldit
2002949_0007,0.8118442095966156,./colab/2002949_0007_unrelaxed_rank_001_alphafold2_ptm_model_2_seed_000.pdb,1.311567146962845,85.55,0.4769230769230769,0.3230769230769231,0.2,2002949_0007,2,1.0,Foldit
2002990_0006,0.933518541047884,./colab/2002990_0006_unrelaxed_rank_001_alphafold2_ptm_model_3_seed_000.pdb,0.8153993059098694,87.9,0.4166666666666667,0.4404761904761904,0.1428571428571428,2002990_0006,3,1.0,Foldit
2002990_1031,0.916870893219925,./colab/2002990_1031_unrelaxed_rank_001_alphafold2_ptm_model_1_seed_000.pdb,0.9115177682476684,83.94,0.5058823529411764,0.3647058823529411,0.1294117647058823,2002990_1031,1,1.0,Foldit
2002990_1039,0.8926935963968647,./colab/2002990_1039_unrelaxed_rank_001_alphafold2_ptm_model_3_seed_000.pdb,1.1639224242625754,87.55,0.4941176470588235,0.2941176470588235,0.2117647058823529,2002990_1039,3,1.0,Foldit
2003048_0003,0.7934071906555137,./colab/2003048_0003_unrelaxed_rank_001_alphafold2_ptm_model_3_seed_000.pdb,1.4668998756318867,85.85,0.4857142857142857,0.3142857142857143,0.2,2003048_0003,3,1.0,Foldit
2003048_0005,0.2923488333555171,./colab/2003048_0005_unrelaxed_rank_001_alphafold2_ptm_model_5_seed_000.pdb,21.09779636348676,90.48,0.9428571428571428,0.0,0.0571428571428571,2003048_0005,5,1.0,Foldit
2003048_1024,0.4395288753164312,./colab/2003048_1024_unrelaxed_rank_001_alphafold2_ptm_model_4_seed_000.pdb,7.034867078278386,74.29,0.4714285714285714,0.3285714285714285,0.2,2003048_1024,4,1.0,Foldit
2003048_1050,0.8172717515757632,./colab/2003048_1050_unrelaxed_rank_001_alphafold2_ptm_model_5_seed_000.pdb,1.3775170031952313,86.29,0.4571428571428571,0.3285714285714285,0.2142857142857142,2003048_1050,5,1.0,Foldit
2003205_0000,0.953958951100888,./colab/2003205_0000_unrelaxed_rank_001_alphafold2_ptm_model_5_seed_000.pdb,0.5926040792256104,90.42,0.4666666666666667,0.3333333333333333,0.2,2003205_0000,5,1.0,Foldit
2003205_0002,0.9569214193354618,./colab/2003205_0002_unrelaxed_rank_001_alphafold2_ptm_model_2_seed_000.pdb,0.5914233813613466,91.4,0.4666666666666667,0.3333333333333333,0.2,2003205_0002,2,1.0,Foldit
2003205_0003,0.9736753261294404,./colab/2003205_0003_unrelaxed_rank_001_alphafold2_ptm_model_1_seed_000.pdb,0.4626717385540183,90.29,0.52,0.3066666666666666,0.1733333333333333,2003205_0003,1,1.0,Foldit
2003205_0006,0.4378800864249401,./colab/2003205_0006_unrelaxed_rank_001_alphafold2_ptm_model_5_seed_000.pdb,6.969999369783542,80.32,0.4666666666666667,0.3066666666666666,0.2266666666666666,2003205_0006,5,1.0,Foldit
2003205_0008,0.936944185749258,./colab/2003205_0008_unrelaxed_rank_001_alphafold2_ptm_model_3_seed_000.pdb,0.727103985103286,88.92,0.5066666666666667,0.3066666666666666,0.1866666666666666,2003205_0008,3,1.0,Foldit
2003205_1035,0.8177591389376343,./colab/2003205_1035_unrelaxed_rank_001_alphafold2_ptm_model_4_seed_000.pdb,1.4580021715961755,82.02,0.4,0.3733333333333333,0.2266666666666666,2003205_1035,4,1.0,Foldit
2003245_0004,0.9227830052747544,./colab/2003245_0004_unrelaxed_rank_001_alphafold2_ptm_model_5_seed_000.pdb,0.9233793291842038,91.07,0.4777777777777778,0.3333333333333333,0.1888888888888888,2003245_0004,5,1.0,Foldit
2003265_0007,0.9469476743383788,./colab/2003265_0007_unrelaxed_rank_001_alphafold2_ptm_model_3_seed_000.pdb,0.6618227729811113,91.36,0.45,0.4125,0.1375,2003265_0007,3,1.0,Foldit
2003265_1034,0.9660616710486511,./colab/2003265_1034_unrelaxed_rank_001_alphafold2_ptm_model_3_seed_000.pdb,0.5441714044586297,90.88,0.45,0.35,0.2,2003265_1034,3,1.0,Foldit
2003285_0000,0.9651096698519488,./colab/2003285_0000_unrelaxed_rank_001_alphafold2_ptm_model_2_seed_000.pdb,0.4898462981413121,93.88,0.5076923076923077,0.3076923076923077,0.1846153846153846,2003285_0000,2,1.0,Foldit
2003308_0004,0.8686135974088566,./colab/2003308_0004_unrelaxed_rank_001_alphafold2_ptm_model_2_seed_000.pdb,1.3212566967919646,89.59,0.5058823529411764,0.3411764705882353,0.1529411764705882,2003308_0004,2,1.0,Foldit
2003308_0005,0.7549391400491152,./colab/2003308_0005_unrelaxed_rank_001_alphafold2_ptm_model_1_seed_000.pdb,2.7504971249585366,81.84,0.4823529411764706,0.3529411764705882,0.1647058823529411,2003308_0005,1,1.0,Foldit
2003308_0009,0.8183165782976124,./colab/2003308_0009_unrelaxed_rank_001_alphafold2_ptm_model_4_seed_000.pdb,2.501617710638197,77.17,0.4352941176470588,0.3647058823529411,0.2,2003308_0009,4,1.0,Foldit
2003308_1010,0.8950699042564634,./colab/2003308_1010_unrelaxed_rank_001_alphafold2_ptm_model_2_seed_000.pdb,1.0587778167195447,92.6,0.4941176470588235,0.3176470588235294,0.188235294117647,2003308_1010,2,1.0,Foldit
2003333_0000,0.9235298006353092,./colab/2003333_0000_unrelaxed_rank_001_alphafold2_ptm_model_2_seed_000.pdb,0.7980419187095406,92.59,0.48,0.3066666666666666,0.2133333333333333,2003333_0000,2,1.0,Foldit
2003333_0005,0.8738372736458735,./colab/2003333_0005_unrelaxed_rank_001_alphafold2_ptm_model_1_seed_000.pdb,1.1138624196814566,88.0,0.44,0.3466666666666667,0.2133333333333333,2003333_0005,1,1.0,Foldit
2003333_0006,0.9663740603472216,./colab/2003333_0006_unrelaxed_rank_001_alphafold2_ptm_model_2_seed_000.pdb,0.5034302416193364,94.74,0.4533333333333333,0.3733333333333333,0.1733333333333333,2003333_0006,2,1.0,Foldit
2003333_1006,0.9077463201991176,./colab/2003333_1006_unrelaxed_rank_001_alphafold2_ptm_model_2_seed_000.pdb,0.8926496631589227,87.19,0.5066666666666667,0.3066666666666666,0.1866666666666666,2003333_1006,2,1.0,Foldit
2003333_1013,0.3456676162438126,./colab/2003333_1013_unrelaxed_rank_001_alphafold2_ptm_model_1_seed_000.pdb,15.650344788121505,77.33,0.44,0.28,0.28,2003333_1013,1,1.0,Foldit
2003360_0005,0.96790692882264,./colab/2003360_0005_unrelaxed_rank_001_alphafold2_ptm_model_5_seed_000.pdb,0.5378006226335321,91.99,0.4888888888888889,0.3555555555555555,0.1555555555555555,2003360_0005,5,1.0,Foldit
2003360_1013,0.8508321358028768,./colab/2003360_1013_unrelaxed_rank_001_alphafold2_ptm_model_2_seed_000.pdb,1.40686384329327,86.12,0.4777777777777778,0.2666666666666666,0.2555555555555555,2003360_1013,2,1.0,Foldit
2003382_0002,0.8041758920555129,./colab/2003382_0002_unrelaxed_rank_001_alphafold2_ptm_model_2_seed_000.pdb,2.2102302020503384,91.6,0.4,0.4,0.2,2003382_0002,2,1.0,Foldit
2003382_0004,0.4380471429178351,./colab/2003382_0004_unrelaxed_rank_001_alphafold2_ptm_model_1_seed_000.pdb,13.018115356469949,80.85,0.2285714285714285,0.4428571428571428,0.3285714285714285,2003382_0004,1,1.0,Foldit
2003382_0009,0.6366139416529254,./colab/2003382_0009_unrelaxed_rank_001_alphafold2_ptm_model_2_seed_000.pdb,6.210505058447766,71.42,0.3428571428571428,0.1428571428571428,0.5142857142857142,2003382_0009,2,1.0,Foldit
2003382_1021,0.8113134659042247,./colab/2003382_1021_unrelaxed_rank_001_alphafold2_ptm_model_2_seed_000.pdb,1.3761675880024895,83.93,0.4857142857142857,0.3285714285714285,0.1857142857142857,2003382_1021,2,1.0,Foldit
2003414_1018,0.8002333074144542,./colab/2003414_1018_unrelaxed_rank_001_alphafold2_ptm_model_3_seed_000.pdb,2.5101663376537564,85.47,0.4705882352941176,0.3647058823529411,0.1647058823529411,2003414_1018,3,1.0,Foldit
2003455_0001,0.8832513671265192,./colab/2003455_0001_unrelaxed_rank_001_alphafold2_ptm_model_3_seed_000.pdb,0.9584074701459452,86.54,0.5076923076923077,0.3076923076923077,0.1846153846153846,2003455_0001,3,1.0,Foldit
2003455_0002,0.9123206239451288,./colab/2003455_0002_unrelaxed_rank_001_alphafold2_ptm_model_2_seed_000.pdb,0.8182810815769817,79.98,0.4769230769230769,0.2615384615384615,0.2615384615384615,2003455_0002,2,1.0,Foldit
2003455_0009,0.4095425081971078,./colab/2003455_0009_unrelaxed_rank_001_alphafold2_ptm_model_1_seed_000.pdb,12.07359430301621,82.6,0.3846153846153846,0.3692307692307692,0.2461538461538461,2003455_0009,1,1.0,Foldit
2003455_1023,0.8806760860136978,./colab/2003455_1023_unrelaxed_rank_001_alphafold2_ptm_model_2_seed_000.pdb,0.9593002003096112,91.15,0.4838709677419355,0.2903225806451613,0.2258064516129032,2003455_1023,2,1.0,Foldit
2003485_0000,0.9026331870419024,./colab/2003485_0000_unrelaxed_rank_001_alphafold2_ptm_model_1_seed_000.pdb,0.9827301657630706,84.22,0.4125,0.375,0.2125,2003485_0000,1,1.0,Foldit
2003485_0002,0.9729262065256352,./colab/2003485_0002_unrelaxed_rank_001_alphafold2_ptm_model_2_seed_000.pdb,0.4724499900509398,91.7,0.55,0.2875,0.1625,2003485_0002,2,1.0,Foldit
2003485_1017,0.7779399522315067,./colab/2003485_1017_unrelaxed_rank_001_alphafold2_ptm_model_1_seed_000.pdb,1.7736871875403035,80.33,0.5125,0.2875,0.2,2003485_1017,1,1.0,Foldit
2003485_1029,0.6405508329466294,./colab/2003485_1029_unrelaxed_rank_001_alphafold2_ptm_model_5_seed_000.pdb,10.839697477420891,79.91,0.525,0.3375,0.1375,2003485_1029,5,1.0,Foldit
2003485_1036,0.8846127096919479,./colab/2003485_1036_unrelaxed_rank_001_alphafold2_ptm_model_3_seed_000.pdb,1.122149495337272,80.03,0.45,0.3375,0.2125,2003485_1036,3,1.0,Foldit
2003532_0000,0.8486570118437972,./colab/2003532_0000_unrelaxed_rank_001_alphafold2_ptm_model_3_seed_000.pdb,1.2387135416891173,88.77,0.4666666666666667,0.3066666666666666,0.2266666666666666,2003532_0000,3,1.0,Foldit
2003532_1020,0.8289436714259001,./colab/2003532_1020_unrelaxed_rank_001_alphafold2_ptm_model_2_seed_000.pdb,1.355265258442597,85.12,0.48,0.28,0.24,2003532_1020,2,1.0,Foldit
2003532_1022,0.7202471629868031,./colab/2003532_1022_unrelaxed_rank_001_alphafold2_ptm_model_1_seed_000.pdb,2.1910135571940383,87.38,0.4266666666666667,0.3333333333333333,0.24,2003532_1022,1,1.0,Foldit
2003594_0000,0.968381038059921,./colab/2003594_0000_unrelaxed_rank_001_alphafold2_ptm_model_2_seed_000.pdb,0.5994219410776946,94.45,0.49,0.36,0.15,2003594_0000,2,1.0,Foldit
997258_0001,0.715314368412784,./colab/997258_0001_unrelaxed_rank_001_alphafold2_ptm_model_3_seed_000.pdb,2.6736404608117903,86.88,0.9027777777777778,0.0,0.0972222222222222,997258_0001,3,1.0,Foldit
997258_0004,0.8716769757931738,./colab/997258_0004_unrelaxed_rank_001_alphafold2_ptm_model_1_seed_000.pdb,1.1092342980311494,87.4,0.875,0.0,0.125,997258_0004,1,1.0,Foldit
997523_0000,0.7198935464779519,./colab/997523_0000_unrelaxed_rank_001_alphafold2_ptm_model_4_seed_000.pdb,2.291714837356125,82.06,0.9157894736842104,0.0,0.0842105263157894,997523_0000,4,1.0,Foldit
997523_0003,0.7310464216397909,./colab/997523_0003_unrelaxed_rank_001_alphafold2_ptm_model_2_seed_000.pdb,3.7181475953019776,89.42,0.8736842105263158,0.0,0.1263157894736842,997523_0003,2,1.0,Foldit
997523_0005,0.5143823399302883,./colab/997523_0005_unrelaxed_rank_001_alphafold2_ptm_model_1_seed_000.pdb,6.323237346515515,86.4,0.8736842105263158,0.0,0.1263157894736842,997523_0005,1,1.0,Foldit
997523_0006,0.4858894564341807,./colab/997523_0006_unrelaxed_rank_001_alphafold2_ptm_model_5_seed_000.pdb,19.458777554468,92.63,0.8947368421052632,0.0,0.1052631578947368,997523_0006,5,1.0,Foldit
997523_0008,0.87537387208844,./colab/997523_0008_unrelaxed_rank_001_alphafold2_ptm_model_3_seed_000.pdb,1.2872109861618413,91.42,0.8631578947368421,0.0,0.1368421052631579,997523_0008,3,1.0,Foldit
997523_1003,0.4650686933706558,./colab/997523_1003_unrelaxed_rank_001_alphafold2_ptm_model_1_seed_000.pdb,6.987832461585374,82.25,0.8315789473684211,0.0,0.1684210526315789,997523_1003,1,1.0,Foldit
997523_1040,0.9251154389096418,./colab/997523_1040_unrelaxed_rank_001_alphafold2_ptm_model_2_seed_000.pdb,0.9563609712423612,94.31,0.8736842105263158,0.0,0.1263157894736842,997523_1040,2,1.0,Foldit
997791_1027,0.8308284931105078,./colab/997791_1027_unrelaxed_rank_001_alphafold2_ptm_model_3_seed_000.pdb,1.3579674093078862,91.06,0.8666666666666667,0.0,0.1333333333333333,997791_1027,3,1.0,Foldit
997915_0000,0.6929394456011846,./colab/997915_0000_unrelaxed_rank_001_alphafold2_ptm_model_3_seed_000.pdb,2.2213456563689733,88.24,0.8857142857142857,0.0,0.1142857142857142,997915_0000,3,1.0,Foldit
Pl2x3_BP_1,0.9091545801422604,./colab_comb/Pl2x3_BP_1_unrelaxed_rank_005_alphafold2_ptm_model_1_seed_000.pdb,1.207331540376137,78.65,0.5158730158730159,0.238095238095238,0.246031746031746,Pl2x3_BP_1,1,1.0,Rossman /
Pl2x3_BP_2,0.861806952318754,./colab_comb/Pl2x3_BP_2_unrelaxed_rank_001_alphafold2_ptm_model_3_seed_000.pdb,1.5830758666764424,85.3,0.5396825396825397,0.238095238095238,0.2222222222222222,Pl2x3_BP_2,3,1.0,Rossman /
Pl2x3_BP_3,0.8444089901156353,./colab_comb/Pl2x3_BP_3_unrelaxed_rank_005_alphafold2_ptm_model_2_seed_000.pdb,1.75311891263314,70.62,0.5317460317460317,0.1904761904761904,0.2777777777777778,Pl2x3_BP_3,2,1.0,Rossman /
Pl2x3_BP_4,0.859470993462406,./colab_comb/Pl2x3_BP_4_unrelaxed_rank_001_alphafold2_ptm_model_5_seed_000.pdb,1.6237247428285295,82.42,0.5079365079365079,0.2222222222222222,0.2698412698412698,Pl2x3_BP_4,5,1.0,Rossman /
Pl2x3_BP_5,0.8896148623565131,./colab_comb/Pl2x3_BP_5_unrelaxed_rank_004_alphafold2_ptm_model_2_seed_000.pdb,1.3856255588094413,83.87,0.5317460317460317,0.238095238095238,0.2301587301587301,Pl2x3_BP_5,2,1.0,Rossman /
Pl2x3_BP_6,0.8548814553797185,./colab_comb/Pl2x3_BP_6_unrelaxed_rank_005_alphafold2_ptm_model_3_seed_000.pdb,1.6553567261194233,81.97,0.5317460317460317,0.238095238095238,0.2301587301587301,Pl2x3_BP_6,3,1.0,Rossman /
Pl2x3_BP_7,0.9045666177862424,./colab_comb/Pl2x3_BP_7_unrelaxed_rank_002_alphafold2_ptm_model_2_seed_000.pdb,1.2669352645865322,88.08,0.5317460317460317,0.2301587301587301,0.238095238095238,Pl2x3_BP_7,2,1.0,Rossman /
Pl2x3_BP_8,0.85255688453795,./colab_comb/Pl2x3_BP_8_unrelaxed_rank_005_alphafold2_ptm_model_1_seed_000.pdb,1.6774119852750768,82.97,0.5238095238095238,0.2222222222222222,0.2539682539682539,Pl2x3_BP_8,1,1.0,Rossman /
Pl2x3_BP_9,0.8685275422997126,./colab_comb/Pl2x3_BP_9_unrelaxed_rank_004_alphafold2_ptm_model_1_seed_000.pdb,1.5466222935510348,84.66,0.5079365079365079,0.2301587301587301,0.2619047619047619,Pl2x3_BP_9,1,1.0,Rossman /
Pl2x3_BP_10,0.8245549745920205,./colab_comb/Pl2x3_BP_10_unrelaxed_rank_003_alphafold2_ptm_model_4_seed_000.pdb,1.870769603608921,84.81,0.5317460317460317,0.2301587301587301,0.238095238095238,Pl2x3_BP_10,4,1.0,Rossman /
Pl2x3_BP_11,0.9153391418054664,./colab_comb/Pl2x3_BP_11_unrelaxed_rank_001_alphafold2_ptm_model_3_seed_000.pdb,1.1793328501234073,82.41,0.5317460317460317,0.238095238095238,0.2301587301587301,Pl2x3_BP_11,3,1.0,Rossman /
Pl2x3_BP_12,0.8459170150761163,./colab_comb/Pl2x3_BP_12_unrelaxed_rank_002_alphafold2_ptm_model_3_seed_000.pdb,1.7346189139958632,84.48,0.5396825396825397,0.2301587301587301,0.2301587301587301,Pl2x3_BP_12,3,1.0,Rossman /
R2x3_BP1_A1,0.913986958216385,./colab_comb/R2x3_BP1_A1_unrelaxed_rank_004_alphafold2_ptm_model_4_seed_000.pdb,1.2098215130137706,89.59,0.5645161290322581,0.2338709677419354,0.2016129032258064,R2x3_BP1_A1,4,1.0,Rossman /
R2x3_BP1_A2,0.9012578407839362,./colab_comb/R2x3_BP1_A2_unrelaxed_rank_001_alphafold2_ptm_model_1_seed_000.pdb,1.2671113034360348,89.99,0.5403225806451613,0.2338709677419354,0.2258064516129032,R2x3_BP1_A2,1,1.0,Rossman /
R2x3_BP1_A3,0.9144132189849276,./colab_comb/R2x3_BP1_A3_unrelaxed_rank_002_alphafold2_ptm_model_1_seed_000.pdb,1.1677253250207862,78.0,0.532258064516129,0.2177419354838709,0.25,R2x3_BP1_A3,1,1.0,Rossman /
R2x3_BP1_A4,0.9193102400326918,./colab_comb/R2x3_BP1_A4_unrelaxed_rank_001_alphafold2_ptm_model_2_seed_000.pdb,1.0962483149720306,86.91,0.532258064516129,0.2338709677419354,0.2338709677419354,R2x3_BP1_A4,2,1.0,Rossman /
R2x3_BP1_A5,0.9179321217046504,./colab_comb/R2x3_BP1_A5_unrelaxed_rank_005_alphafold2_ptm_model_4_seed_000.pdb,1.1410391980190786,77.28,0.5564516129032258,0.2177419354838709,0.2258064516129032,R2x3_BP1_A5,4,1.0,Rossman /
R2x3_BP1_A6,0.8821893647755339,./colab_comb/R2x3_BP1_A6_unrelaxed_rank_004_alphafold2_ptm_model_4_seed_000.pdb,1.4082756376402643,76.14,0.5564516129032258,0.2338709677419354,0.2096774193548387,R2x3_BP1_A6,4,1.0,Rossman /
R2x3_BP1_A7,0.8378782385842742,./colab_comb/R2x3_BP1_A7_unrelaxed_rank_002_alphafold2_ptm_model_1_seed_000.pdb,1.7910715569830566,82.3,0.5483870967741935,0.2258064516129032,0.2258064516129032,R2x3_BP1_A7,1,1.0,Rossman /
R2x3_BP1_A8,0.9000783644820238,./colab_comb/R2x3_BP1_A8_unrelaxed_rank_002_alphafold2_ptm_model_3_seed_000.pdb,1.2747490196195588,84.99,0.5241935483870968,0.2580645161290322,0.2177419354838709,R2x3_BP1_A8,3,1.0,Rossman /
R2x3_BP1_A9,0.9306965270817544,./colab_comb/R2x3_BP1_A9_unrelaxed_rank_004_alphafold2_ptm_model_4_seed_000.pdb,1.0192356165511214,83.59,0.5564516129032258,0.2338709677419354,0.2096774193548387,R2x3_BP1_A9,4,1.0,Rossman /
R2x3_BP1_A10,0.8449194135118658,./colab_comb/R2x3_BP1_A10_unrelaxed_rank_001_alphafold2_ptm_model_4_seed_000.pdb,1.7374874239310143,76.39,0.5403225806451613,0.1774193548387097,0.282258064516129,R2x3_BP1_A10,4,1.0,Rossman /
R2x3_BP1_A12,0.8131386705010138,./colab_comb/R2x3_BP1_A12_unrelaxed_rank_004_alphafold2_ptm_model_5_seed_000.pdb,2.018696717304764,80.78,0.5080645161290323,0.25,0.2419354838709677,R2x3_BP1_A12,5,1.0,Rossman /
R2x3_BP1_A13,0.8680323080504175,./colab_comb/R2x3_BP1_A13_unrelaxed_rank_003_alphafold2_ptm_model_3_seed_000.pdb,1.55862703561602,77.49,0.5645161290322581,0.2177419354838709,0.2177419354838709,R2x3_BP1_A13,3,1.0,Rossman /
R2x3_BP1_A14,0.7906302800152112,./colab_comb/R2x3_BP1_A14_unrelaxed_rank_002_alphafold2_ptm_model_4_seed_000.pdb,2.3272470580520386,75.56,0.5080645161290323,0.25,0.2419354838709677,R2x3_BP1_A14,4,1.0,Rossman /
R2x3_BP1_A15,0.8312588663051804,./colab_comb/R2x3_BP1_A15_unrelaxed_rank_003_alphafold2_ptm_model_1_seed_000.pdb,1.8002722856477054,75.71,0.5564516129032258,0.2258064516129032,0.2177419354838709,R2x3_BP1_A15,1,1.0,Rossman /
R2x3_BP1_A16,0.7831964497117611,./colab_comb/R2x3_BP1_A16_unrelaxed_rank_004_alphafold2_ptm_model_1_seed_000.pdb,2.2042356677220862,84.86,0.532258064516129,0.2419354838709677,0.2258064516129032,R2x3_BP1_A16,1,1.0,Rossman /
R2x3_BP1_A17,0.7769142796151564,./colab_comb/R2x3_BP1_A17_unrelaxed_rank_003_alphafold2_ptm_model_2_seed_000.pdb,2.214685832537124,71.67,0.532258064516129,0.1935483870967742,0.2741935483870967,R2x3_BP1_A17,2,1.0,Rossman /
R2x3_BP1_A18,0.8070085693937817,./colab_comb/R2x3_BP1_A18_unrelaxed_rank_002_alphafold2_ptm_model_4_seed_000.pdb,2.1285312074840115,81.16,0.532258064516129,0.2580645161290322,0.2096774193548387,R2x3_BP1_A18,4,1.0,Rossman /
R2x3_BP1_B1,0.834691056138426,./colab_comb/R2x3_BP1_B1_unrelaxed_rank_004_alphafold2_ptm_model_3_seed_000.pdb,2.088380224769222,77.36,0.5241935483870968,0.2177419354838709,0.2580645161290322,R2x3_BP1_B1,3,1.0,Rossman /
R2x3_BP1_B2,0.7780557757007307,./colab_comb/R2x3_BP1_B2_unrelaxed_rank_005_alphafold2_ptm_model_1_seed_000.pdb,2.6519322966362666,68.12,0.5403225806451613,0.064516129032258,0.3951612903225806,R2x3_BP1_B2,1,1.0,Rossman /
R2x3_BP1_B3,0.7696026428140325,./colab_comb/R2x3_BP1_B3_unrelaxed_rank_004_alphafold2_ptm_model_2_seed_000.pdb,2.60664341267582,69.99,0.5403225806451613,0.0967741935483871,0.3629032258064516,R2x3_BP1_B3,2,1.0,Rossman /
R2x3_BP1_B4,0.8284739281164293,./colab_comb/R2x3_BP1_B4_unrelaxed_rank_002_alphafold2_ptm_model_1_seed_000.pdb,1.944691254945754,73.68,0.5403225806451613,0.2096774193548387,0.25,R2x3_BP1_B4,1,1.0,Rossman /
R2x3_BP1_B5,0.9231683759102586,./colab_comb/R2x3_BP1_B5_unrelaxed_rank_001_alphafold2_ptm_model_4_seed_000.pdb,1.1201703839664017,83.19,0.5564516129032258,0.2258064516129032,0.2177419354838709,R2x3_BP1_B5,4,1.0,Rossman /
R2x3_BP1_B6,0.9164846778029088,./colab_comb/R2x3_BP1_B6_unrelaxed_rank_002_alphafold2_ptm_model_1_seed_000.pdb,1.1662247018171346,88.38,0.5483870967741935,0.2177419354838709,0.2338709677419354,R2x3_BP1_B6,1,1.0,Rossman /
R2x3_BP1_B7,0.8967991040720581,./colab_comb/R2x3_BP1_B7_unrelaxed_rank_001_alphafold2_ptm_model_1_seed_000.pdb,1.321424439700692,86.1,0.5564516129032258,0.2258064516129032,0.2177419354838709,R2x3_BP1_B7,1,1.0,Rossman /
R2x3_BP1_B8,0.8285188950127487,./colab_comb/R2x3_BP1_B8_unrelaxed_rank_003_alphafold2_ptm_model_1_seed_000.pdb,1.8338115306273328,86.85,0.5564516129032258,0.2258064516129032,0.2177419354838709,R2x3_BP1_B8,1,1.0,Rossman /
R2x3_BP1_B9,0.8592256638213212,./colab_comb/R2x3_BP1_B9_unrelaxed_rank_005_alphafold2_ptm_model_5_seed_000.pdb,1.6105839119822072,82.93,0.5564516129032258,0.2096774193548387,0.2338709677419354,R2x3_BP1_B9,5,1.0,Rossman /
R2x3_BP1_B10,0.8903942481118233,./colab_comb/R2x3_BP1_B10_unrelaxed_rank_004_alphafold2_ptm_model_4_seed_000.pdb,1.366878112830153,87.74,0.532258064516129,0.2258064516129032,0.2419354838709677,R2x3_BP1_B10,4,1.0,Rossman /
R2x3_BP1_B11,0.8195864663282135,./colab_comb/R2x3_BP1_B11_unrelaxed_rank_004_alphafold2_ptm_model_5_seed_000.pdb,2.015506058694337,69.37,0.532258064516129,0.1532258064516129,0.314516129032258,R2x3_BP1_B11,5,1.0,Rossman /
R2x3_BP1_B12,0.8077014625003112,./colab_comb/R2x3_BP1_B12_unrelaxed_rank_003_alphafold2_ptm_model_4_seed_000.pdb,1.989700582722226,77.1,0.532258064516129,0.1774193548387097,0.2903225806451613,R2x3_BP1_B12,4,1.0,Rossman /
R2x3_BP1_B13,0.7917335758586683,./colab_comb/R2x3_BP1_B13_unrelaxed_rank_001_alphafold2_ptm_model_2_seed_000.pdb,2.358155518086293,82.0,0.5403225806451613,0.2016129032258064,0.2580645161290322,R2x3_BP1_B13,2,1.0,Rossman /
R2x3_BP2_1,0.9261754632806236,./colab_comb/R2x3_BP2_1_unrelaxed_rank_005_alphafold2_ptm_model_4_seed_000.pdb,1.039638769357058,89.14,0.5217391304347826,0.2260869565217391,0.2521739130434782,R2x3_BP2_1,4,1.0,Rossman /
R2x3_BP2_2,0.9155540914340544,./colab_comb/R2x3_BP2_2_unrelaxed_rank_005_alphafold2_ptm_model_2_seed_000.pdb,1.0732200434191297,87.0,0.5217391304347826,0.2260869565217391,0.2521739130434782,R2x3_BP2_2,2,1.0,Rossman /
R2x3_BP2_3,0.9203967022908036,./colab_comb/R2x3_BP2_3_unrelaxed_rank_004_alphafold2_ptm_model_1_seed_000.pdb,1.0516374271265936,85.35,0.5130434782608696,0.2260869565217391,0.2608695652173913,R2x3_BP2_3,1,1.0,Rossman /
R2x3_BP2_4,0.928010223276996,./colab_comb/R2x3_BP2_4_unrelaxed_rank_004_alphafold2_ptm_model_4_seed_000.pdb,0.9870374806180404,86.54,0.5217391304347826,0.2260869565217391,0.2521739130434782,R2x3_BP2_4,4,1.0,Rossman /
R2x3_BP2_5,0.9071313878207338,./colab_comb/R2x3_BP2_5_unrelaxed_rank_002_alphafold2_ptm_model_2_seed_000.pdb,1.18157352170059,90.25,0.5217391304347826,0.208695652173913,0.2695652173913043,R2x3_BP2_5,2,1.0,Rossman /
R2x3_BP2_6,0.9322035907080168,./colab_comb/R2x3_BP2_6_unrelaxed_rank_003_alphafold2_ptm_model_5_seed_000.pdb,0.982985041512413,86.54,0.5304347826086957,0.2260869565217391,0.2434782608695652,R2x3_BP2_6,5,1.0,Rossman /
R2x3_BP2_7,0.9403451775943776,./colab_comb/R2x3_BP2_7_unrelaxed_rank_004_alphafold2_ptm_model_4_seed_000.pdb,0.9055642126738358,88.94,0.5304347826086957,0.217391304347826,0.2521739130434782,R2x3_BP2_7,4,1.0,Rossman /
R2x3_BP2_8,0.8845700935988817,./colab_comb/R2x3_BP2_8_unrelaxed_rank_003_alphafold2_ptm_model_4_seed_000.pdb,1.399737318032492,85.57,0.5391304347826087,0.217391304347826,0.2434782608695652,R2x3_BP2_8,4,1.0,Rossman /
R3x3_BP1_2,0.8972762855369072,./colab_comb/R3x3_BP1_2_unrelaxed_rank_002_alphafold2_ptm_model_2_seed_000.pdb,1.4807292588241412,77.63,0.5263157894736842,0.2039473684210526,0.2697368421052631,R3x3_BP1_2,2,1.0,Rossman /
R3x3_BP1_3,0.8910228241260635,./colab_comb/R3x3_BP1_3_unrelaxed_rank_005_alphafold2_ptm_model_3_seed_000.pdb,1.576480310022909,78.22,0.506578947368421,0.2171052631578947,0.2763157894736842,R3x3_BP1_3,3,1.0,Rossman /
R3x3_BP1_4,0.8800895759863804,./colab_comb/R3x3_BP1_4_unrelaxed_rank_004_alphafold2_ptm_model_5_seed_000.pdb,1.713585489276739,77.27,0.5263157894736842,0.2302631578947368,0.2434210526315789,R3x3_BP1_4,5,1.0,Rossman /
R3x3_BP1_5,0.880452045754508,./colab_comb/R3x3_BP1_5_unrelaxed_rank_004_alphafold2_ptm_model_3_seed_000.pdb,1.66728397763118,76.63,0.5263157894736842,0.2105263157894736,0.2631578947368421,R3x3_BP1_5,3,1.0,Rossman /
R3x3_BP1_6,0.8909160769826496,./colab_comb/R3x3_BP1_6_unrelaxed_rank_001_alphafold2_ptm_model_4_seed_000.pdb,1.6153668898472182,77.0,0.5131578947368421,0.1973684210526315,0.2894736842105263,R3x3_BP1_6,4,1.0,Rossman /
R3x3_BP1_7,0.8865119336400531,./colab_comb/R3x3_BP1_7_unrelaxed_rank_002_alphafold2_ptm_model_4_seed_000.pdb,1.5792037436145527,79.26,0.5263157894736842,0.1973684210526315,0.2763157894736842,R3x3_BP1_7,4,1.0,Rossman /
R3x3_BP1_8,0.8702701157065938,./colab_comb/R3x3_BP1_8_unrelaxed_rank_004_alphafold2_ptm_model_4_seed_000.pdb,1.8111731128049344,75.71,0.5197368421052632,0.2171052631578947,0.2631578947368421,R3x3_BP1_8,4,1.0,Rossman /
R3x3_BP1_9,0.8699889499834407,./colab_comb/R3x3_BP1_9_unrelaxed_rank_005_alphafold2_ptm_model_5_seed_000.pdb,1.7539311953908616,76.8,0.5197368421052632,0.2105263157894736,0.2697368421052631,R3x3_BP1_9,5,1.0,Rossman /
R3x3_BP1_10,0.9067806176294464,./colab_comb/R3x3_BP1_10_unrelaxed_rank_001_alphafold2_ptm_model_2_seed_000.pdb,1.3960026040165612,75.91,0.5328947368421053,0.2368421052631578,0.2302631578947368,R3x3_BP1_10,2,1.0,Rossman /
R3x3_BP1_11,0.9100371035386244,./colab_comb/R3x3_BP1_11_unrelaxed_rank_003_alphafold2_ptm_model_4_seed_000.pdb,1.334560299252606,80.71,0.5131578947368421,0.2302631578947368,0.2565789473684211,R3x3_BP1_11,4,1.0,Rossman /
R3x3_BP1_12,0.8997074865949728,./colab_comb/R3x3_BP1_12_unrelaxed_rank_003_alphafold2_ptm_model_1_seed_000.pdb,1.3948412219982984,81.51,0.5263157894736842,0.2039473684210526,0.2697368421052631,R3x3_BP1_12,1,1.0,Rossman /
R3x3_BP2_1,0.9122990445610584,./colab_comb/R3x3_BP2_1_unrelaxed_rank_002_alphafold2_ptm_model_5_seed_000.pdb,1.2827653998059891,84.21,0.5,0.2054794520547945,0.2945205479452055,R3x3_BP2_1,5,1.0,Rossman /
R3x3_BP2_2,0.860531378050558,./colab_comb/R3x3_BP2_2_unrelaxed_rank_004_alphafold2_ptm_model_5_seed_000.pdb,1.7284610889491896,86.06,0.4931506849315068,0.2260273972602739,0.2808219178082192,R3x3_BP2_2,5,1.0,Rossman /
R3x3_BP2_3,0.8775642835932772,./colab_comb/R3x3_BP2_3_unrelaxed_rank_003_alphafold2_ptm_model_1_seed_000.pdb,1.5930075226828366,84.41,0.5,0.2260273972602739,0.273972602739726,R3x3_BP2_3,1,1.0,Rossman /
R3x3_BP2_4,0.889238698937418,./colab_comb/R3x3_BP2_4_unrelaxed_rank_004_alphafold2_ptm_model_1_seed_000.pdb,1.4723466630062811,81.99,0.4931506849315068,0.2397260273972602,0.2671232876712329,R3x3_BP2_4,1,1.0,Rossman /
R3x3_BP2_5,0.9101414753620904,./colab_comb/R3x3_BP2_5_unrelaxed_rank_003_alphafold2_ptm_model_4_seed_000.pdb,1.3058144987374378,85.29,0.5205479452054794,0.2123287671232876,0.2671232876712329,R3x3_BP2_5,4,1.0,Rossman /
R3x3_BP2_6,0.878136037879541,./colab_comb/R3x3_BP2_6_unrelaxed_rank_002_alphafold2_ptm_model_3_seed_000.pdb,1.5451062363294945,82.4,0.5205479452054794,0.2260273972602739,0.2534246575342466,R3x3_BP2_6,3,1.0,Rossman /
R3x3_BP2_7,0.8839110142497525,./colab_comb/R3x3_BP2_7_unrelaxed_rank_002_alphafold2_ptm_model_1_seed_000.pdb,1.4823308080280553,81.07,0.5342465753424658,0.2260273972602739,0.2397260273972602,R3x3_BP2_7,1,1.0,Rossman /
R3x3_BP2_8,0.9236884136668052,./colab_comb/R3x3_BP2_8_unrelaxed_rank_004_alphafold2_ptm_model_3_seed_000.pdb,1.1654223364701188,83.18,0.5205479452054794,0.2123287671232876,0.2671232876712329,R3x3_BP2_8,3,1.0,Rossman /
R3x3_BP2_9,0.8860690211008504,./colab_comb/R3x3_BP2_9_unrelaxed_rank_004_alphafold2_ptm_model_5_seed_000.pdb,1.5177319467078836,85.74,0.5273972602739726,0.2397260273972602,0.2328767123287671,R3x3_BP2_9,5,1.0,Rossman /
R3x3_BP2_10,0.892768526856396,./colab_comb/R3x3_BP2_10_unrelaxed_rank_001_alphafold2_ptm_model_3_seed_000.pdb,1.4533510865154409,86.32,0.4931506849315068,0.2260273972602739,0.2808219178082192,R3x3_BP2_10,3,1.0,Rossman /
R3x3_BP2_11,0.8694395028308626,./colab_comb/R3x3_BP2_11_unrelaxed_rank_002_alphafold2_ptm_model_4_seed_000.pdb,1.669568157476017,84.92,0.5342465753424658,0.2123287671232876,0.2534246575342466,R3x3_BP2_11,4,1.0,Rossman /
R3x3_BP2_12,0.8954559376762199,./colab_comb/R3x3_BP2_12_unrelaxed_rank_001_alphafold2_ptm_model_4_seed_000.pdb,1.4399182233206833,85.5,0.5205479452054794,0.2397260273972602,0.2397260273972602,R3x3_BP2_12,4,1.0,Rossman /
R3x3_BP2_13,0.9172906403804568,./colab_comb/R3x3_BP2_13_unrelaxed_rank_003_alphafold2_ptm_model_4_seed_000.pdb,1.239266057082154,80.85,0.5273972602739726,0.2260273972602739,0.2465753424657534,R3x3_BP2_13,4,1.0,Rossman /
R3x3_BP2_14,0.8732968189167685,./colab_comb/R3x3_BP2_14_unrelaxed_rank_005_alphafold2_ptm_model_5_seed_000.pdb,1.6131009416804505,86.29,0.5136986301369864,0.2397260273972602,0.2465753424657534,R3x3_BP2_14,5,1.0,Rossman /
R3x3_BP2_15,0.8967324998736466,./colab_comb/R3x3_BP2_15_unrelaxed_rank_003_alphafold2_ptm_model_4_seed_000.pdb,1.4506940473929535,82.5,0.5342465753424658,0.2123287671232876,0.2534246575342466,R3x3_BP2_15,4,1.0,Rossman /
R3x3_BP2_16,0.8964228852833133,./colab_comb/R3x3_BP2_16_unrelaxed_rank_002_alphafold2_ptm_model_1_seed_000.pdb,1.435803676346198,87.43,0.5273972602739726,0.2123287671232876,0.2602739726027397,R3x3_BP2_16,1,1.0,Rossman /
R3x3_BP3_1,0.9313254628947892,./colab_comb/R3x3_BP3_1_unrelaxed_rank_003_alphafold2_ptm_model_4_seed_000.pdb,1.0345952975673924,86.46,0.5,0.2109375,0.2890625,R3x3_BP3_1,4,1.0,Rossman /
R3x3_BP3_2,0.9013658826309974,./colab_comb/R3x3_BP3_2_unrelaxed_rank_003_alphafold2_ptm_model_3_seed_000.pdb,1.3137411323812234,85.09,0.4921875,0.203125,0.3046875,R3x3_BP3_2,3,1.0,Rossman /
R3x3_BP3_3,0.9676000022020652,./colab_comb/R3x3_BP3_3_unrelaxed_rank_002_alphafold2_ptm_model_1_seed_000.pdb,0.680852094860707,88.22,0.5,0.2109375,0.2890625,R3x3_BP3_3,1,1.0,Rossman /
R3x3_BP3_4,0.9601088737421154,./colab_comb/R3x3_BP3_4_unrelaxed_rank_001_alphafold2_ptm_model_3_seed_000.pdb,0.769724351088476,87.22,0.5078125,0.2109375,0.28125,R3x3_BP3_4,3,1.0,Rossman /
R3x3_BP3_5,0.9573930069254082,./colab_comb/R3x3_BP3_5_unrelaxed_rank_002_alphafold2_ptm_model_1_seed_000.pdb,0.7582049951890424,85.5,0.5,0.2109375,0.2890625,R3x3_BP3_5,1,1.0,Rossman /
R3x3_BP3_6,0.9537053694440676,./colab_comb/R3x3_BP3_6_unrelaxed_rank_002_alphafold2_ptm_model_5_seed_000.pdb,0.8566765405114338,80.18,0.5078125,0.1953125,0.296875,R3x3_BP3_6,5,1.0,Rossman /
R3x3_BP3_7,0.963895945183994,./colab_comb/R3x3_BP3_7_unrelaxed_rank_003_alphafold2_ptm_model_4_seed_000.pdb,0.7024874156713946,86.7,0.5078125,0.1953125,0.296875,R3x3_BP3_7,4,1.0,Rossman /
R3x3_BP3_8,0.9276994268916812,./colab_comb/R3x3_BP3_8_unrelaxed_rank_005_alphafold2_ptm_model_2_seed_000.pdb,1.196454030251498,81.46,0.4765625,0.1953125,0.328125,R3x3_BP3_8,2,1.0,Rossman /
R3x3_BP3_9,0.9365754597454362,./colab_comb/R3x3_BP3_9_unrelaxed_rank_002_alphafold2_ptm_model_1_seed_000.pdb,0.9837373638700898,85.62,0.5078125,0.2109375,0.28125,R3x3_BP3_9,1,1.0,Rossman /
R3x3_BP3_10,0.9211871619507804,./colab_comb/R3x3_BP3_10_unrelaxed_rank_002_alphafold2_ptm_model_1_seed_000.pdb,1.0859979676958098,85.22,0.5,0.2109375,0.2890625,R3x3_BP3_10,1,1.0,Rossman /
NF1-01,0.8970355642405088,./colab_comb/NF1-01_unrelaxed_rank_001_alphafold2_ptm_model_5_seed_000.pdb,1.1815885794899434,86.33,0.5196078431372549,0.2156862745098039,0.2647058823529412,NF1-01,5,1.0,novel /
NF1-02,0.8895779938489322,./colab_comb/NF1-02_unrelaxed_rank_001_alphafold2_ptm_model_5_seed_000.pdb,1.2366072589617054,89.06,0.5294117647058824,0.2254901960784313,0.2450980392156862,NF1-02,5,1.0,novel /
NF1-03,0.7578832019737375,./colab_comb/NF1-03_unrelaxed_rank_001_alphafold2_ptm_model_1_seed_000.pdb,2.2195181181180894,76.23,0.5196078431372549,0.2549019607843137,0.2254901960784313,NF1-03,1,1.0,novel /
NF1-04,0.903882385398572,./colab_comb/NF1-04_unrelaxed_rank_003_alphafold2_ptm_model_2_seed_000.pdb,1.1396361091114977,85.45,0.5196078431372549,0.2156862745098039,0.2647058823529412,NF1-04,2,1.0,novel /
NF1-05,0.8994955415761718,./colab_comb/NF1-05_unrelaxed_rank_001_alphafold2_ptm_model_3_seed_000.pdb,1.1717154238866014,88.47,0.5196078431372549,0.2254901960784313,0.2549019607843137,NF1-05,3,1.0,novel /
NF1-06,0.8914886356512174,./colab_comb/NF1-06_unrelaxed_rank_001_alphafold2_ptm_model_5_seed_000.pdb,1.2327554030895436,84.15,0.5196078431372549,0.2254901960784313,0.2549019607843137,NF1-06,5,1.0,novel /
NF1-07,0.9524891665575872,./colab_comb/NF1-07_unrelaxed_rank_001_alphafold2_ptm_model_5_seed_000.pdb,0.7428401911018045,88.21,0.5196078431372549,0.2254901960784313,0.2549019607843137,NF1-07,5,1.0,novel /
NF1-08,0.934304685468019,./colab_comb/NF1-08_unrelaxed_rank_001_alphafold2_ptm_model_3_seed_000.pdb,0.8873207620200398,90.32,0.5196078431372549,0.2254901960784313,0.2549019607843137,NF1-08,3,1.0,novel /
NF1-09,0.9092508335971928,./colab_comb/NF1-09_unrelaxed_rank_001_alphafold2_ptm_model_3_seed_000.pdb,1.114428904396993,87.63,0.5098039215686274,0.2254901960784313,0.2647058823529412,NF1-09,3,1.0,novel /
NF1-10,0.7657794125015038,./colab_comb/NF1-10_unrelaxed_rank_004_alphafold2_ptm_model_2_seed_000.pdb,2.249016048005557,75.22,0.5098039215686274,0.2156862745098039,0.2745098039215686,NF1-10,2,1.0,novel /
NF1-11,0.83585952750593,./colab_comb/NF1-11_unrelaxed_rank_001_alphafold2_ptm_model_3_seed_000.pdb,1.7007721930624915,83.03,0.5196078431372549,0.2254901960784313,0.2549019607843137,NF1-11,3,1.0,novel /
NF1-12,0.7140273329635798,./colab_comb/NF1-12_unrelaxed_rank_003_alphafold2_ptm_model_1_seed_000.pdb,2.730006752114183,84.32,0.5196078431372549,0.196078431372549,0.284313725490196,NF1-12,1,1.0,novel /
NF1-13,0.8457938086530598,./colab_comb/NF1-13_unrelaxed_rank_001_alphafold2_ptm_model_3_seed_000.pdb,1.5453178695004255,83.69,0.5196078431372549,0.2254901960784313,0.2549019607843137,NF1-13,3,1.0,novel /
NF1-14,0.9503698713627912,./colab_comb/NF1-14_unrelaxed_rank_001_alphafold2_ptm_model_3_seed_000.pdb,0.7419060322355121,88.02,0.5196078431372549,0.2254901960784313,0.2549019607843137,NF1-14,3,1.0,novel /
NF1-15,0.9262612411359814,./colab_comb/NF1-15_unrelaxed_rank_001_alphafold2_ptm_model_1_seed_000.pdb,0.9665474793471642,87.35,0.5098039215686274,0.2352941176470588,0.2549019607843137,NF1-15,1,1.0,novel /
NF1-16,0.9086465622986862,./colab_comb/NF1-16_unrelaxed_rank_001_alphafold2_ptm_model_3_seed_000.pdb,1.0850183982193249,87.49,0.5196078431372549,0.2352941176470588,0.2450980392156862,NF1-16,3,1.0,novel /
NF2-01,0.8791860527465594,./colab_comb/NF2-01_unrelaxed_rank_002_alphafold2_ptm_model_1_seed_000.pdb,0.9947305454612542,90.64,0.4117647058823529,0.3676470588235294,0.2205882352941176,NF2-01,1,1.0,novel /
NF2-02,0.9383440558004078,./colab_comb/NF2-02_unrelaxed_rank_003_alphafold2_ptm_model_4_seed_000.pdb,0.6503549577676117,90.77,0.4117647058823529,0.3676470588235294,0.2205882352941176,NF2-02,4,1.0,novel /
NF2-03,0.947621040487388,./colab_comb/NF2-03_unrelaxed_rank_001_alphafold2_ptm_model_3_seed_000.pdb,0.597790894546929,92.84,0.3970588235294117,0.3235294117647059,0.2794117647058823,NF2-03,3,1.0,novel /
NF2-04,0.9183770668236886,./colab_comb/NF2-04_unrelaxed_rank_005_alphafold2_ptm_model_3_seed_000.pdb,0.8209080115507545,82.15,0.3970588235294117,0.3529411764705882,0.25,NF2-04,3,1.0,novel /
NF3-01,0.942521047208894,./colab_comb/NF3-01_unrelaxed_rank_003_alphafold2_ptm_model_4_seed_000.pdb,0.8268302768007163,86.41,0.57,0.21,0.22,NF3-01,4,1.0,novel /
NF3-02,0.9562933367236814,./colab_comb/NF3-02_unrelaxed_rank_001_alphafold2_ptm_model_4_seed_000.pdb,0.7167187063614685,89.62,0.57,0.2,0.23,NF3-02,4,1.0,novel /
NF3-03,0.9559422653217337,./colab_comb/NF3-03_unrelaxed_rank_005_alphafold2_ptm_model_2_seed_000.pdb,0.7163605867120447,86.75,0.56,0.22,0.22,NF3-03,2,1.0,novel /
NF3-04,0.9207053195727224,./colab_comb/NF3-04_unrelaxed_rank_001_alphafold2_ptm_model_1_seed_000.pdb,0.9753997948340034,86.48,0.57,0.22,0.21,NF3-04,1,1.0,novel /
NF4-01,0.8668005328131779,./colab_comb/NF4-01_unrelaxed_rank_005_alphafold2_ptm_model_2_seed_000.pdb,1.4790445071449956,85.08,0.4956521739130435,0.2347826086956521,0.2695652173913043,NF4-01,2,1.0,novel /
NF4-02,0.8586572507926576,./colab_comb/NF4-02_unrelaxed_rank_001_alphafold2_ptm_model_5_seed_000.pdb,1.5379284765836512,85.18,0.5391304347826087,0.2347826086956521,0.2260869565217391,NF4-02,5,1.0,novel /
NF4-03,0.940091145101846,./colab_comb/NF4-03_unrelaxed_rank_005_alphafold2_ptm_model_2_seed_000.pdb,0.906701649956959,87.23,0.5391304347826087,0.2260869565217391,0.2347826086956521,NF4-03,2,1.0,novel /
NF4-04,0.8967928255366845,./colab_comb/NF4-04_unrelaxed_rank_005_alphafold2_ptm_model_4_seed_000.pdb,1.2850991446348587,87.75,0.5304347826086957,0.2260869565217391,0.2434782608695652,NF4-04,4,1.0,novel /
NF4-05,0.9137032463804362,./colab_comb/NF4-05_unrelaxed_rank_001_alphafold2_ptm_model_1_seed_000.pdb,1.120179863194192,89.17,0.5304347826086957,0.2260869565217391,0.2434782608695652,NF4-05,1,1.0,novel /
NF4-06,0.8942230507564966,./colab_comb/NF4-06_unrelaxed_rank_001_alphafold2_ptm_model_3_seed_000.pdb,1.288482964397947,88.25,0.5391304347826087,0.2347826086956521,0.2260869565217391,NF4-06,3,1.0,novel /
NF5-01,0.4558101348981498,./colab_comb/NF5-01_unrelaxed_rank_004_alphafold2_ptm_model_1_seed_000.pdb,9.420304806933563,67.07,0.4851485148514851,0.2178217821782178,0.297029702970297,NF5-01,1,1.0,novel /
NF5-02,0.8888723000064441,./colab_comb/NF5-02_unrelaxed_rank_001_alphafold2_ptm_model_1_seed_000.pdb,1.2262132749074532,88.39,0.5247524752475248,0.2178217821782178,0.2574257425742574,NF5-02,1,1.0,novel /
NF5-03,0.9233075811618568,./colab_comb/NF5-03_unrelaxed_rank_005_alphafold2_ptm_model_4_seed_000.pdb,1.0007207031243357,88.65,0.5247524752475248,0.2178217821782178,0.2574257425742574,NF5-03,4,1.0,novel /
NF5-04,0.9068100540656404,./colab_comb/NF5-04_unrelaxed_rank_003_alphafold2_ptm_model_3_seed_000.pdb,1.1167798690037185,86.81,0.5247524752475248,0.2178217821782178,0.2574257425742574,NF5-04,3,1.0,novel /
NF5-05,0.9499009423786808,./colab_comb/NF5-05_unrelaxed_rank_002_alphafold2_ptm_model_5_seed_000.pdb,0.7776030024998678,86.1,0.5247524752475248,0.2178217821782178,0.2574257425742574,NF5-05,5,1.0,novel /
NF5-06,0.94059186148827,./colab_comb/NF5-06_unrelaxed_rank_003_alphafold2_ptm_model_4_seed_000.pdb,0.8390293631726605,88.28,0.5247524752475248,0.2178217821782178,0.2574257425742574,NF5-06,4,1.0,novel /
NF6-01,0.8774831991590811,./colab_comb/NF6-01_unrelaxed_rank_003_alphafold2_ptm_model_2_seed_000.pdb,1.362569426735017,87.58,0.5,0.2244897959183673,0.2755102040816326,NF6-01,2,1.0,novel /
NF6-02,0.8961638044280087,./colab_comb/NF6-02_unrelaxed_rank_003_alphafold2_ptm_model_1_seed_000.pdb,1.183912310877692,88.47,0.5204081632653061,0.2244897959183673,0.2551020408163265,NF6-02,1,1.0,novel /
NF6-03,0.916718851058096,./colab_comb/NF6-03_unrelaxed_rank_002_alphafold2_ptm_model_5_seed_000.pdb,1.030266019632078,80.33,0.5204081632653061,0.2244897959183673,0.2551020408163265,NF6-03,5,1.0,novel /
NF6-04,0.9274940540360646,./colab_comb/NF6-04_unrelaxed_rank_001_alphafold2_ptm_model_3_seed_000.pdb,0.9467868132950736,89.39,0.5204081632653061,0.2244897959183673,0.2551020408163265,NF6-04,3,1.0,novel /
NF6-05,0.9542810832357508,./colab_comb/NF6-05_unrelaxed_rank_001_alphafold2_ptm_model_3_seed_000.pdb,0.7192057228733375,85.87,0.5204081632653061,0.2142857142857142,0.2653061224489796,NF6-05,3,1.0,novel /
NF6-06,0.9376935073352444,./colab_comb/NF6-06_unrelaxed_rank_005_alphafold2_ptm_model_2_seed_000.pdb,0.8615793166911431,83.51,0.5,0.173469387755102,0.3265306122448979,NF6-06,2,1.0,novel /
NF7-01,0.9122808961799068,./colab_comb/NF7-01_unrelaxed_rank_005_alphafold2_ptm_model_5_seed_000.pdb,1.1497748612166718,85.0,0.5258620689655172,0.2327586206896551,0.2413793103448276,NF7-01,5,1.0,novel /
NF7-02,0.9395448396360788,./colab_comb/NF7-02_unrelaxed_rank_002_alphafold2_ptm_model_5_seed_000.pdb,0.9500908909273156,86.54,0.5344827586206896,0.2241379310344827,0.2413793103448276,NF7-02,5,1.0,novel /
NF7-03,0.9174297131420648,./colab_comb/NF7-03_unrelaxed_rank_004_alphafold2_ptm_model_5_seed_000.pdb,1.1514226586954108,86.69,0.5172413793103449,0.2241379310344827,0.2586206896551724,NF7-03,5,1.0,novel /
NF7-04,0.7437366403735752,./colab_comb/NF7-04_unrelaxed_rank_001_alphafold2_ptm_model_2_seed_000.pdb,2.368411938703165,85.58,0.5086206896551724,0.2413793103448276,0.25,NF7-04,2,1.0,novel /
NF7-05,0.9362520111589784,./colab_comb/NF7-05_unrelaxed_rank_001_alphafold2_ptm_model_5_seed_000.pdb,0.9523918062200551,87.82,0.5172413793103449,0.2327586206896551,0.25,NF7-05,5,1.0,novel /
NF7-06,0.9039566685607004,./colab_comb/NF7-06_unrelaxed_rank_001_alphafold2_ptm_model_1_seed_000.pdb,1.2783340979100832,86.25,0.4913793103448275,0.2241379310344827,0.2844827586206896,NF7-06,1,1.0,novel /
NF8-01,0.9332815698316926,./colab_comb/NF8-01_unrelaxed_rank_001_alphafold2_ptm_model_3_seed_000.pdb,0.8046529534455865,90.63,0.45,0.3,0.25,NF8-01,3,1.0,novel /
NF8-02,0.9178855685697868,./colab_comb/NF8-02_unrelaxed_rank_001_alphafold2_ptm_model_2_seed_000.pdb,0.8908260995682225,91.43,0.4375,0.325,0.2375,NF8-02,2,1.0,novel /
NF8-03,0.9179657402575552,./colab_comb/NF8-03_unrelaxed_rank_003_alphafold2_ptm_model_1_seed_000.pdb,0.9004303389748707,88.98,0.45,0.3,0.25,NF8-03,1,1.0,novel /
NF8-04,0.5372609865683008,./colab_comb/NF8-04_unrelaxed_rank_003_alphafold2_ptm_model_1_seed_000.pdb,6.809227144334938,76.62,0.4125,0.25,0.3375,NF8-04,1,1.0,novel /
NF8-05,0.84541395028233,./colab_comb/NF8-05_unrelaxed_rank_001_alphafold2_ptm_model_3_seed_000.pdb,1.3201692669830738,89.29,0.4375,0.3375,0.225,NF8-05,3,1.0,novel /
NF8-06,0.9191989179141756,./colab_comb/NF8-06_unrelaxed_rank_001_alphafold2_ptm_model_3_seed_000.pdb,0.8622367513998318,92.76,0.4625,0.3,0.2375,NF8-06,3,1.0,novel /
NF8-07,0.5042124300270039,./colab_comb/NF8-07_unrelaxed_rank_005_alphafold2_ptm_model_4_seed_000.pdb,8.020678821864832,66.46,0.4875,0.125,0.3875,NF8-07,4,1.0,novel /
NF8-08,0.5178295565473052,./colab_comb/NF8-08_unrelaxed_rank_003_alphafold2_ptm_model_3_seed_000.pdb,8.090129908502519,68.88,0.4625,0.2125,0.325,NF8-08,3,1.0,novel /
NF8-09,0.6671419394849961,./colab_comb/NF8-09_unrelaxed_rank_004_alphafold2_ptm_model_4_seed_000.pdb,2.780066209768221,70.64,0.4375,0.225,0.3375,NF8-09,4,1.0,novel /
NF8-10,0.5820473051481848,./colab_comb/NF8-10_unrelaxed_rank_001_alphafold2_ptm_model_1_seed_000.pdb,7.367038272903303,76.76,0.375,0.25,0.375,NF8-10,1,1.0,novel /
NF8-11,0.5547254711479638,./colab_comb/NF8-11_unrelaxed_rank_002_alphafold2_ptm_model_1_seed_000.pdb,7.460171524633353,72.78,0.3625,0.2875,0.35,NF8-11,1,1.0,novel /
NF8-12,0.6327782961487569,./colab_comb/NF8-12_unrelaxed_rank_005_alphafold2_ptm_model_2_seed_000.pdb,7.935868427695741,71.12,0.4,0.2875,0.3125,NF8-12,2,1.0,novel /
H5_fold-0-Ana,0.845466569710167,./colab_comb/H5_fold-0-Ana_unrelaxed_rank_004_alphafold2_ptm_model_5_seed_000.pdb,1.4104834474723662,88.65,0.8351648351648352,0.0,0.1648351648351648,H5_fold-0-Ana,5,1.0,complex 
H5_fold-0-Bill,0.8503551830210665,./colab_comb/H5_fold-0-Bill_unrelaxed_rank_005_alphafold2_ptm_model_4_seed_000.pdb,1.4071030462590668,87.47,0.8241758241758241,0.0,0.1758241758241758,H5_fold-0-Bill,4,1.0,complex 
H5_fold-0-Chantal,0.9459002803864928,./colab_comb/H5_fold-0-Chantal_unrelaxed_rank_004_alphafold2_ptm_model_1_seed_000.pdb,0.7607832979705192,90.74,0.8351648351648352,0.0,0.1648351648351648,H5_fold-0-Chantal,1,1.0,complex 
H5_fold-0-Chris,0.9457653517922076,./colab_comb/H5_fold-0-Chris_unrelaxed_rank_002_alphafold2_ptm_model_1_seed_000.pdb,0.7431739074247363,89.78,0.8351648351648352,0.0,0.1648351648351648,H5_fold-0-Chris,1,1.0,complex 
H5_fold-0-Danny,0.9273396334037156,./colab_comb/H5_fold-0-Danny_unrelaxed_rank_005_alphafold2_ptm_model_1_seed_000.pdb,0.9164890378859804,88.95,0.8241758241758241,0.0,0.1758241758241758,H5_fold-0-Danny,1,1.0,complex 
H5_fold-0-Elsa,0.944075178809814,./colab_comb/H5_fold-0-Elsa_unrelaxed_rank_001_alphafold2_ptm_model_2_seed_000.pdb,0.7721477246189731,90.81,0.8241758241758241,0.0,0.1758241758241758,H5_fold-0-Elsa,2,1.0,complex 
H5_fold-0-Fay,0.9538986673163286,./colab_comb/H5_fold-0-Fay_unrelaxed_rank_001_alphafold2_ptm_model_3_seed_000.pdb,0.6989450144564702,92.02,0.8351648351648352,0.0,0.1648351648351648,H5_fold-0-Fay,3,1.0,complex 
H5_fold-0-Flanklin,0.9104197526561048,./colab_comb/H5_fold-0-Flanklin_unrelaxed_rank_001_alphafold2_ptm_model_3_seed_000.pdb,1.016124467903539,91.41,0.8351648351648352,0.0,0.1648351648351648,H5_fold-0-Flanklin,3,1.0,complex 
H5_fold-0-Hermine,0.8558298175737625,./colab_comb/H5_fold-0-Hermine_unrelaxed_rank_004_alphafold2_ptm_model_1_seed_000.pdb,1.3360008719661325,85.24,0.8351648351648352,0.0,0.1648351648351648,H5_fold-0-Hermine,1,1.0,complex 
H5_fold-0-Larry,0.872309401217695,./colab_comb/H5_fold-0-Larry_unrelaxed_rank_003_alphafold2_ptm_model_1_seed_000.pdb,1.260054216993358,89.79,0.8241758241758241,0.0,0.1758241758241758,H5_fold-0-Larry,1,1.0,complex 
H6_fold-C-Cyrus,0.891958079534459,./colab_comb/H6_fold-C-Cyrus_unrelaxed_rank_005_alphafold2_ptm_model_4_seed_000.pdb,1.3012540908596628,89.03,0.8495575221238938,0.0,0.1504424778761062,H6_fold-C-Cyrus,4,1.0,complex 
H6_fold-C-Dan,0.9279064888345506,./colab_comb/H6_fold-C-Dan_unrelaxed_rank_002_alphafold2_ptm_model_2_seed_000.pdb,1.0251700617483286,92.85,0.8495575221238938,0.0,0.1504424778761062,H6_fold-C-Dan,2,1.0,complex 
H6_fold-C-Max,0.9062612587416886,./colab_comb/H6_fold-C-Max_unrelaxed_rank_004_alphafold2_ptm_model_1_seed_000.pdb,1.1882665250416249,91.07,0.8495575221238938,0.0,0.1504424778761062,H6_fold-C-Max,1,1.0,complex 
H6_fold-C-Melvin,0.944635742842015,./colab_comb/H6_fold-C-Melvin_unrelaxed_rank_005_alphafold2_ptm_model_2_seed_000.pdb,0.8426776660229823,84.81,0.8495575221238938,0.0,0.1504424778761062,H6_fold-C-Melvin,2,1.0,complex 
H6_fold-C-Moca,0.8962904966965809,./colab_comb/H6_fold-C-Moca_unrelaxed_rank_004_alphafold2_ptm_model_1_seed_000.pdb,1.269300487950353,92.9,0.8495575221238938,0.0,0.1504424778761062,H6_fold-C-Moca,1,1.0,complex 
H6_fold-C-Paul,0.9125771639556643,./colab_comb/H6_fold-C-Paul_unrelaxed_rank_002_alphafold2_ptm_model_5_seed_000.pdb,1.1121002099670176,88.99,0.8495575221238938,0.0,0.1504424778761062,H6_fold-C-Paul,5,1.0,complex 
H6_fold-C-Rei,0.9506104011410808,./colab_comb/H6_fold-C-Rei_unrelaxed_rank_005_alphafold2_ptm_model_1_seed_000.pdb,0.762717684648483,88.96,0.8495575221238938,0.0,0.1504424778761062,H6_fold-C-Rei,1,1.0,complex 
H6_fold-Z-Gogy,0.9189901346324856,./colab_comb/H6_fold-Z-Gogy_unrelaxed_rank_001_alphafold2_ptm_model_3_seed_000.pdb,1.1505843513978296,92.33,0.8524590163934426,0.0,0.1475409836065573,H6_fold-Z-Gogy,3,1.0,complex 
H6_fold-Z-Hoto,0.8605193898158182,./colab_comb/H6_fold-Z-Hoto_unrelaxed_rank_003_alphafold2_ptm_model_1_seed_000.pdb,1.5580591241556752,90.76,0.8524590163934426,0.0,0.1475409836065573,H6_fold-Z-Hoto,1,1.0,complex 
H6_fold-Z-Kome,0.8752721828658654,./colab_comb/H6_fold-Z-Kome_unrelaxed_rank_005_alphafold2_ptm_model_5_seed_000.pdb,1.4644189062827897,87.23,0.860655737704918,0.0,0.1393442622950819,H6_fold-Z-Kome,5,1.0,complex 
H6_fold-Z-Nazu,0.8776648408315016,./colab_comb/H6_fold-Z-Nazu_unrelaxed_rank_005_alphafold2_ptm_model_4_seed_000.pdb,1.45823670661399,84.31,0.860655737704918,0.0,0.1393442622950819,H6_fold-Z-Nazu,4,1.0,complex 
H6_fold-Z-Seri,0.8932782605974772,./colab_comb/H6_fold-Z-Seri_unrelaxed_rank_001_alphafold2_ptm_model_3_seed_000.pdb,1.3211798428356567,89.71,0.8688524590163934,0.0,0.1311475409836065,H6_fold-Z-Seri,3,1.0,complex 
H6_fold-Z-Siro,0.9069962985190853,./colab_comb/H6_fold-Z-Siro_unrelaxed_rank_002_alphafold2_ptm_model_1_seed_000.pdb,1.2006296951257858,90.26,0.860655737704918,0.0,0.1393442622950819,H6_fold-Z-Siro,1,1.0,complex 
H6_fold-Z-Suzu,0.8705628302955417,./colab_comb/H6_fold-Z-Suzu_unrelaxed_rank_004_alphafold2_ptm_model_5_seed_000.pdb,1.4912184425905377,90.24,0.8524590163934426,0.0,0.1475409836065573,H6_fold-Z-Suzu,5,1.0,complex 
H6_fold-U-Cacyd,0.9350776135865532,./colab_comb/H6_fold-U-Cacyd_unrelaxed_rank_001_alphafold2_ptm_model_3_seed_000.pdb,0.9587568537379886,91.5,0.8508771929824561,0.0,0.1491228070175438,H6_fold-U-Cacyd,3,1.0,complex 
H6_fold-U-Hatake,0.9228697545743304,./colab_comb/H6_fold-U-Hatake_unrelaxed_rank_003_alphafold2_ptm_model_1_seed_000.pdb,1.034214097447316,89.83,0.868421052631579,0.0,0.131578947368421,H6_fold-U-Hatake,1,1.0,complex 
H6_fold-U-Kazi,0.9451203917969236,./colab_comb/H6_fold-U-Kazi_unrelaxed_rank_001_alphafold2_ptm_model_3_seed_000.pdb,0.8663448465857359,90.81,0.868421052631579,0.0,0.131578947368421,H6_fold-U-Kazi,3,1.0,complex 
H6_fold-U-Morit,0.9147798969586264,./colab_comb/H6_fold-U-Morit_unrelaxed_rank_002_alphafold2_ptm_model_1_seed_000.pdb,1.129424369850777,86.77,0.8508771929824561,0.0,0.1491228070175438,H6_fold-U-Morit,1,1.0,complex 
H6_fold-U-Nomur,0.9625388011076508,./colab_comb/H6_fold-U-Nomur_unrelaxed_rank_001_alphafold2_ptm_model_2_seed_000.pdb,0.6580907229186684,88.1,0.868421052631579,0.0,0.131578947368421,H6_fold-U-Nomur,2,1.0,complex 
H6_fold-U-Sait,0.9516284068757588,./colab_comb/H6_fold-U-Sait_unrelaxed_rank_001_alphafold2_ptm_model_3_seed_000.pdb,0.7867210650024382,92.89,0.8508771929824561,0.0,0.1491228070175438,H6_fold-U-Sait,3,1.0,complex 
H6_fold-U-Sho,0.9214996277171178,./colab_comb/H6_fold-U-Sho_unrelaxed_rank_001_alphafold2_ptm_model_3_seed_000.pdb,1.0435316141709554,91.5,0.868421052631579,0.0,0.131578947368421,H6_fold-U-Sho,3,1.0,complex 
H6_fold-U-Takin,0.913902383844382,./colab_comb/H6_fold-U-Takin_unrelaxed_rank_003_alphafold2_ptm_model_2_seed_000.pdb,1.131358933519954,88.16,0.8508771929824561,0.0,0.1491228070175438,H6_fold-U-Takin,2,1.0,complex 
H7_fold-K-Chario,0.9071591315448324,./colab_comb/H7_fold-K-Chario_unrelaxed_rank_004_alphafold2_ptm_model_1_seed_000.pdb,1.2213108020857883,91.0,0.8449612403100775,0.0,0.1550387596899224,H7_fold-K-Chario,1,1.0,complex 
H7_fold-K-Dark,0.9071648974615424,./colab_comb/H7_fold-K-Dark_unrelaxed_rank_004_alphafold2_ptm_model_4_seed_000.pdb,1.245249858728074,89.27,0.8527131782945736,0.0,0.1472868217054263,H7_fold-K-Dark,4,1.0,complex 
H7_fold-K-Jazzbird,0.8692144793700092,./colab_comb/H7_fold-K-Jazzbird_unrelaxed_rank_004_alphafold2_ptm_model_4_seed_000.pdb,1.5559772890915309,87.85,0.8604651162790697,0.0,0.1395348837209302,H7_fold-K-Jazzbird,4,1.0,complex 
H7_fold-K-Mussoc,0.8845561055992516,./colab_comb/H7_fold-K-Mussoc_unrelaxed_rank_001_alphafold2_ptm_model_3_seed_000.pdb,1.878454778335439,90.91,0.8372093023255814,0.0,0.1627906976744186,H7_fold-K-Mussoc,3,1.0,complex 
H7_fold-K-NewWave,0.8980812213489554,./colab_comb/H7_fold-K-NewWave_unrelaxed_rank_004_alphafold2_ptm_model_5_seed_000.pdb,1.315776257192133,86.76,0.8538461538461538,0.0,0.1461538461538461,H7_fold-K-NewWave,5,1.0,complex 
H7_fold-K-R3,0.9516445917158808,./colab_comb/H7_fold-K-R3_unrelaxed_rank_002_alphafold2_ptm_model_2_seed_000.pdb,0.8553464738206866,93.52,0.8294573643410853,0.0,0.1705426356589147,H7_fold-K-R3,2,1.0,complex 
H7_fold-K-Rush,0.8953309254086899,./colab_comb/H7_fold-K-Rush_unrelaxed_rank_001_alphafold2_ptm_model_3_seed_000.pdb,1.36207438336626,94.33,0.8449612403100775,0.0,0.1550387596899224,H7_fold-K-Rush,3,1.0,complex 
H7_fold-K-Third,0.9155784411765908,./colab_comb/H7_fold-K-Third_unrelaxed_rank_002_alphafold2_ptm_model_2_seed_000.pdb,1.2193348409994402,92.66,0.8449612403100775,0.0,0.1550387596899224,H7_fold-K-Third,2,1.0,complex 
