,tm_score,sample_path,rmsd,plddt,pct_helix,pct_strand,pct_coil,prot,data
HBI_b_01,0.9633691985912596,./esmf_re48/HBI_b_01_sample_9.pdb,0.65136019670414,86.0,0.036036036036036,0.6936936936936937,0.2702702702702703,HBI_b_01,WSB
HBI_b_02,0.9265197079234206,./esmf_re48/HBI_b_02_sample_10.pdb,0.9473730837574263,75.22,0.036036036036036,0.6756756756756757,0.2882882882882883,HBI_b_02,WSB
HBI_b_03,0.8998976888309352,./esmf_re48/HBI_b_03_sample_6.pdb,1.1638687389863676,83.24,0.036036036036036,0.6846846846846847,0.2792792792792792,HBI_b_03,WSB
HBI_b_04,0.9688211088397568,./esmf_re48/HBI_b_04_sample_12.pdb,0.5837739618997875,79.12,0.036036036036036,0.7027027027027027,0.2612612612612612,HBI_b_04,WSB
HBI_b_07,0.9388577113740564,./esmf_re48/HBI_b_07_sample_13.pdb,0.8690539172837538,84.36,0.063063063063063,0.6756756756756757,0.2612612612612612,HBI_b_07,WSB
HBI_b_08,0.9224579903115798,./esmf_re48/HBI_b_08_sample_14.pdb,1.0096711220739487,78.79,0.045045045045045,0.6756756756756757,0.2792792792792792,HBI_b_08,WSB
HBI_b_09,0.943428438778862,./esmf_re48/HBI_b_09_sample_15.pdb,0.8285284922742865,76.28,0.036036036036036,0.6936936936936937,0.2702702702702703,HBI_b_09,WSB
HBI_b_10,0.9460012128500568,./esmf_re48/HBI_b_10_sample_16.pdb,0.7627801468129808,82.73,0.063063063063063,0.6486486486486487,0.2882882882882883,HBI_b_10,WSB
HBI_b_13,0.920679245470433,./esmf_re48/HBI_b_13_sample_7.pdb,1.0301666510709169,78.27,0.036036036036036,0.6756756756756757,0.2882882882882883,HBI_b_13,WSB
HBI_b_14,0.9126460517463724,./esmf_re48/HBI_b_14_sample_18.pdb,1.135087254982903,80.64,0.054054054054054,0.6666666666666666,0.2792792792792792,HBI_b_14,WSB
HBI_b_15,0.8669264880199434,./esmf_re48/HBI_b_15_sample_19.pdb,1.464957619806452,74.67,0.045045045045045,0.6666666666666666,0.2882882882882883,HBI_b_15,WSB
HBI_b_16,0.949091772475992,./esmf_re48/HBI_b_16_sample_20.pdb,0.7896702708781366,83.32,0.036036036036036,0.6936936936936937,0.2702702702702703,HBI_b_16,WSB
HBI_b_17,0.9522248408674348,./esmf_re48/HBI_b_17_sample_21.pdb,0.7629858031861274,85.65,0.036036036036036,0.6936936936936937,0.2702702702702703,HBI_b_17,WSB
HBI_b_19,0.940640937177305,./esmf_re48/HBI_b_19_sample_22.pdb,0.8180100301733023,77.76,0.0,0.6936936936936937,0.3063063063063063,HBI_b_19,WSB
HBI_b_20,0.960306848043073,./esmf_re48/HBI_b_20_sample_23.pdb,0.6910680345229987,81.66,0.054054054054054,0.6756756756756757,0.2702702702702703,HBI_b_20,WSB
HBI_b_21,0.9299888800658712,./esmf_re48/HBI_b_21_sample_3.pdb,0.8980170779703484,81.14,0.054054054054054,0.6486486486486487,0.2972972972972973,HBI_b_21,WSB
HBI_b_22,0.9517876920207816,./esmf_re48/HBI_b_22_sample_0.pdb,0.7437703118783981,84.69,0.045045045045045,0.6936936936936937,0.2612612612612612,HBI_b_22,WSB
HBI_b_23,0.9561158249637808,./esmf_re48/HBI_b_23_sample_8.pdb,0.7105356302251976,82.58,0.036036036036036,0.6936936936936937,0.2702702702702703,HBI_b_23,WSB
HBI_b_25,0.9189565410066394,./esmf_re48/HBI_b_25_sample_2.pdb,1.0169267868991685,78.06,0.0,0.6756756756756757,0.3243243243243243,HBI_b_25,WSB
HBI_b_26,0.934096506662516,./esmf_re48/HBI_b_26_sample_3.pdb,0.941633609822231,84.86,0.063063063063063,0.6756756756756757,0.2612612612612612,HBI_b_26,WSB
HBI_b_27,0.9354581058667534,./esmf_re48/HBI_b_27_sample_4.pdb,0.8925089126704933,78.76,0.045045045045045,0.6576576576576577,0.2972972972972973,HBI_b_27,WSB
HBI_b_28,0.9245792544967254,./esmf_re48/HBI_b_28_sample_5.pdb,0.9787162451365606,83.12,0.036036036036036,0.6666666666666666,0.2972972972972973,HBI_b_28,WSB
HBI_b_29,0.9438311881821564,./esmf_re48/HBI_b_29_sample_6.pdb,0.822580960007757,80.88,0.036036036036036,0.6756756756756757,0.2882882882882883,HBI_b_29,WSB
HBI_b_31,0.8967862283917211,./esmf_re48/HBI_b_31_sample_7.pdb,1.2483773783836212,76.56,0.054054054054054,0.6666666666666666,0.2792792792792792,HBI_b_31,WSB
HBI_b_32,0.9523366765173126,./esmf_re48/HBI_b_32_sample_8.pdb,0.7646361123088286,83.72,0.063063063063063,0.6756756756756757,0.2612612612612612,HBI_b_32,WSB
HBI_b_33,0.9256816097897428,./esmf_re48/HBI_b_33_sample_9.pdb,0.9696735709308492,81.71,0.036036036036036,0.6846846846846847,0.2792792792792792,HBI_b_33,WSB
HBI_b_34,0.8056219350764288,./esmf_re48/HBI_b_34_sample_10.pdb,2.05593344738337,84.7,0.036036036036036,0.6576576576576577,0.3063063063063063,HBI_b_34,WSB
HBI_b_35,0.8215366286430054,./esmf_re48/HBI_b_35_sample_11.pdb,1.897845975831521,76.85,0.027027027027027,0.6846846846846847,0.2882882882882883,HBI_b_35,WSB
HBI_b_37,0.9617382418822268,./esmf_re48/HBI_b_37_sample_12.pdb,0.6942885985622487,81.84,0.036036036036036,0.6846846846846847,0.2792792792792792,HBI_b_37,WSB
HBI_b_38,0.9163769888706929,./esmf_re48/HBI_b_38_sample_13.pdb,1.0258216123497914,80.54,0.036036036036036,0.6486486486486487,0.3153153153153153,HBI_b_38,WSB
HBI_b_39,0.9264060270032436,./esmf_re48/HBI_b_39_sample_14.pdb,0.9710501458004934,84.72,0.045045045045045,0.6936936936936937,0.2612612612612612,HBI_b_39,WSB
HBI_b_40,0.9182384871314008,./esmf_re48/HBI_b_40_sample_15.pdb,1.0238527610491146,78.17,0.045045045045045,0.6396396396396397,0.3153153153153153,HBI_b_40,WSB
HBI_b_41,0.9159888334537832,./esmf_re48/HBI_b_41_sample_16.pdb,1.0745977865045542,80.02,0.054054054054054,0.6846846846846847,0.2612612612612612,HBI_b_41,WSB
HBI_b_43,0.9553562104479082,./esmf_re48/HBI_b_43_sample_9.pdb,0.7535972240749698,79.19,0.036036036036036,0.6666666666666666,0.2972972972972973,HBI_b_43,WSB
HBI_b_44,0.94048879726451,./esmf_re48/HBI_b_44_sample_18.pdb,0.8498210032345209,83.27,0.036036036036036,0.6756756756756757,0.2882882882882883,HBI_b_44,WSB
HBI_b_45,0.9570130749132002,./esmf_re48/HBI_b_45_sample_19.pdb,0.7106763185376783,83.37,0.045045045045045,0.6936936936936937,0.2612612612612612,HBI_b_45,WSB
HBI_b_46,0.928365032660295,./esmf_re48/HBI_b_46_sample_20.pdb,0.9266672928404488,81.25,0.045045045045045,0.6846846846846847,0.2702702702702703,HBI_b_46,WSB
HBI_b_49,0.9478092922098434,./esmf_re48/HBI_b_49_sample_21.pdb,0.7881692568383598,85.98,0.045045045045045,0.6936936936936937,0.2612612612612612,HBI_b_49,WSB
HBI_b_50,0.945508370381789,./esmf_re48/HBI_b_50_sample_22.pdb,0.8298994447522162,87.28,0.036036036036036,0.6666666666666666,0.2972972972972973,HBI_b_50,WSB
HBI_b_53,0.949114337068117,./esmf_re48/HBI_b_53_sample_10.pdb,0.7791518225008986,81.91,0.036036036036036,0.6756756756756757,0.2882882882882883,HBI_b_53,WSB
HBI_b_55,0.9629837458371344,./esmf_re48/HBI_b_55_sample_4.pdb,0.6443222257039986,83.76,0.036036036036036,0.7027027027027027,0.2612612612612612,HBI_b_55,WSB
HBI_b_56,0.9241095916087588,./esmf_re48/HBI_b_56_sample_0.pdb,0.9836421544311132,78.91,0.045045045045045,0.6576576576576577,0.2972972972972973,HBI_b_56,WSB
TMB2.1,0.9150252956654896,./esmf_re48/TMB2.1_sample_17.pdb,1.1627627693875269,78.79,0.0,0.717741935483871,0.282258064516129,TMB2.1,TMB
TMB2.12,0.901895054323066,./esmf_re48/TMB2.12_sample_19.pdb,1.2635080872135915,68.65,0.0,0.7016129032258065,0.2983870967741935,TMB2.12,TMB
TMB2.14,0.952772561154196,./esmf_re48/TMB2.14_sample_20.pdb,0.7929537235417707,81.71,0.0,0.7338709677419355,0.2661290322580645,TMB2.14,TMB
TMB2.15,0.9538935234288252,./esmf_re48/TMB2.15_sample_21.pdb,0.7685709366942062,80.8,0.0,0.75,0.25,TMB2.15,TMB
TMB2.17,0.9449453875670064,./esmf_re48/TMB2.17_sample_22.pdb,0.8947721293841249,83.97,0.0,0.7096774193548387,0.2903225806451613,TMB2.17,TMB
TMB2.18,0.8971003508713654,./esmf_re48/TMB2.18_sample_23.pdb,1.2859990611466832,78.41,0.0,0.6774193548387096,0.3225806451612903,TMB2.18,TMB
TMB2.19,0.9428108916733868,./esmf_re48/TMB2.19_sample_5.pdb,0.8678886284073924,78.26,0.0,0.6854838709677419,0.314516129032258,TMB2.19,TMB
TMB2.2,0.90452096297687,./esmf_re48/TMB2.2_sample_0.pdb,1.2569466543806351,79.15,0.0,0.717741935483871,0.282258064516129,TMB2.2,TMB
TMB2.20,0.9519753003260584,./esmf_re48/TMB2.20_sample_1.pdb,0.8071793650357013,78.63,0.0,0.7096774193548387,0.2903225806451613,TMB2.20,TMB
TMB2.21,0.9601910727982996,./esmf_re48/TMB2.21_sample_2.pdb,0.7120430073250505,79.87,0.0,0.7258064516129032,0.2741935483870967,TMB2.21,TMB
TMB2.22,0.9574216681880332,./esmf_re48/TMB2.22_sample_3.pdb,0.7528167530439337,80.06,0.0,0.7016129032258065,0.2983870967741935,TMB2.22,TMB
TMB2.23,0.9221929794157504,./esmf_re48/TMB2.23_sample_1.pdb,1.1163997057347113,79.13,0.0,0.717741935483871,0.282258064516129,TMB2.23,TMB
TMB2.24,0.9292282674457516,./esmf_re48/TMB2.24_sample_4.pdb,1.0742718155849864,75.09,0.0,0.6935483870967742,0.3064516129032258,TMB2.24,TMB
TMB2.25,0.9435673016611624,./esmf_re48/TMB2.25_sample_5.pdb,0.9037077123396184,81.0,0.0,0.7096774193548387,0.2903225806451613,TMB2.25,TMB
TMB2.26,0.9616546997964353,./esmf_re48/TMB2.26_sample_6.pdb,0.7585045438510974,73.38,0.0,0.7258064516129032,0.2741935483870967,TMB2.26,TMB
TMB2.27,0.9530280998678944,./esmf_re48/TMB2.27_sample_7.pdb,0.8160459573757471,78.28,0.0,0.7096774193548387,0.2903225806451613,TMB2.27,TMB
TMB2.28,0.9552909242864608,./esmf_re48/TMB2.28_sample_8.pdb,0.8088424166343177,81.35,0.0,0.7338709677419355,0.2661290322580645,TMB2.28,TMB
TMB2.29,0.9436366174630938,./esmf_re48/TMB2.29_sample_9.pdb,0.9036335577933176,80.35,0.0,0.717741935483871,0.282258064516129,TMB2.29,TMB
TMB2.3,0.9469739254722268,./esmf_re48/TMB2.3_sample_3.pdb,0.8437461312062474,79.84,0.0,0.6854838709677419,0.314516129032258,TMB2.3,TMB
TMB2.30,0.934064378715215,./esmf_re48/TMB2.30_sample_11.pdb,0.9722330690158631,79.25,0.0,0.7258064516129032,0.2741935483870967,TMB2.30,TMB
TMB2.31,0.9307877032819254,./esmf_re48/TMB2.31_sample_12.pdb,1.0034548462951,79.58,0.0,0.7016129032258065,0.2983870967741935,TMB2.31,TMB
TMB2.32,0.961489753651498,./esmf_re48/TMB2.32_sample_13.pdb,0.7054597380821744,80.11,0.0,0.7096774193548387,0.2903225806451613,TMB2.32,TMB
TMB2.33,0.9483085639983658,./esmf_re48/TMB2.33_sample_2.pdb,0.8383172131746051,79.71,0.0,0.717741935483871,0.282258064516129,TMB2.33,TMB
TMB2.34,0.9413535392918098,./esmf_re48/TMB2.34_sample_14.pdb,0.9413611868857248,79.22,0.0,0.717741935483871,0.282258064516129,TMB2.34,TMB
TMB2.35,0.9281926105352608,./esmf_re48/TMB2.35_sample_15.pdb,1.0371886511749346,79.58,0.0,0.7096774193548387,0.2903225806451613,TMB2.35,TMB
TMB2.36,0.9396483627874672,./esmf_re48/TMB2.36_sample_16.pdb,0.9486503404897716,80.26,0.0,0.6935483870967742,0.3064516129032258,TMB2.36,TMB
TMB2.37,0.929855439313686,./esmf_re48/TMB2.37_sample_17.pdb,1.0089102485158097,73.74,0.0,0.7016129032258065,0.2983870967741935,TMB2.37,TMB
TMB2.38,0.8834290050744055,./esmf_re48/TMB2.38_sample_18.pdb,1.3847576395594063,77.01,0.0,0.6774193548387096,0.3225806451612903,TMB2.38,TMB
TMB2.39,0.9066267176695422,./esmf_re48/TMB2.39_sample_19.pdb,1.2110107288789604,78.07,0.0,0.7258064516129032,0.2741935483870967,TMB2.39,TMB
TMB2.4,0.9615407550322802,./esmf_re48/TMB2.4_sample_20.pdb,0.6925599701678412,78.55,0.0,0.6935483870967742,0.3064516129032258,TMB2.4,TMB
TMB2.41,0.9451767586314618,./esmf_re48/TMB2.41_sample_21.pdb,0.9004138444050941,80.6,0.0,0.717741935483871,0.282258064516129,TMB2.41,TMB
TMB2.42,0.916205311062376,./esmf_re48/TMB2.42_sample_6.pdb,1.1197845131085715,80.29,0.0,0.7096774193548387,0.2903225806451613,TMB2.42,TMB
TMB2.43,0.934987348905848,./esmf_re48/TMB2.43_sample_4.pdb,0.996915074912872,78.84,0.0,0.7096774193548387,0.2903225806451613,TMB2.43,TMB
TMB2.44,0.9123773355252373,./esmf_re48/TMB2.44_sample_1.pdb,1.1812146170049005,80.19,0.0,0.717741935483871,0.282258064516129,TMB2.44,TMB
TMB2.45,0.9237136913480072,./esmf_re48/TMB2.45_sample_2.pdb,1.1040323378462191,75.45,0.0,0.717741935483871,0.282258064516129,TMB2.45,TMB
TMB2.47,0.9611562173809872,./esmf_re48/TMB2.47_sample_3.pdb,0.7249733893167202,80.97,0.0,0.7016129032258065,0.2983870967741935,TMB2.47,TMB
TMB2.48,0.9573073742996918,./esmf_re48/TMB2.48_sample_4.pdb,0.7370342129832491,82.46,0.0,0.6774193548387096,0.3225806451612903,TMB2.48,TMB
TMB2.49,0.9454319404608592,./esmf_re48/TMB2.49_sample_5.pdb,0.8738233169869727,78.58,0.0,0.717741935483871,0.282258064516129,TMB2.49,TMB
TMB2.5,0.9563133110493902,./esmf_re48/TMB2.5_sample_6.pdb,0.7520208634287396,77.92,0.0,0.6854838709677419,0.314516129032258,TMB2.5,TMB
TMB2.50,0.948635880109361,./esmf_re48/TMB2.50_sample_7.pdb,0.8697690057404295,80.41,0.0,0.6774193548387096,0.3225806451612903,TMB2.50,TMB
TMB2.51,0.9061127115215216,./esmf_re48/TMB2.51_sample_8.pdb,1.2230709782009526,78.23,0.0,0.7016129032258065,0.2983870967741935,TMB2.51,TMB
TMB2.52,0.8929661407471586,./esmf_re48/TMB2.52_sample_9.pdb,1.318162481188765,67.56,0.0,0.6935483870967742,0.3064516129032258,TMB2.52,TMB
TMB2.54,0.9408478935366824,./esmf_re48/TMB2.54_sample_10.pdb,0.8947655413297044,80.22,0.0,0.6935483870967742,0.3064516129032258,TMB2.54,TMB
TMB2.55,0.9441504494574368,./esmf_re48/TMB2.55_sample_11.pdb,0.861525634550522,79.11,0.0,0.6935483870967742,0.3064516129032258,TMB2.55,TMB
TMB2.56,0.9454688616743008,./esmf_re48/TMB2.56_sample_12.pdb,0.8560129115412298,81.98,0.0,0.7096774193548387,0.2903225806451613,TMB2.56,TMB
TMB2.57,0.9587259268948592,./esmf_re48/TMB2.57_sample_13.pdb,0.7491398994689815,80.7,0.0,0.7096774193548387,0.2903225806451613,TMB2.57,TMB
TMB2.58,0.9202897944744868,./esmf_re48/TMB2.58_sample_14.pdb,1.1729613639803689,80.87,0.0,0.717741935483871,0.282258064516129,TMB2.58,TMB
TMB2.59,0.904748653894998,./esmf_re48/TMB2.59_sample_15.pdb,1.2402630189200377,80.9,0.0,0.7016129032258065,0.2983870967741935,TMB2.59,TMB
TMB2.6,0.9313497776033596,./esmf_re48/TMB2.6_sample_16.pdb,1.0131748650398142,76.42,0.0,0.6935483870967742,0.3064516129032258,TMB2.6,TMB
TMB2.60,0.9137896134303076,./esmf_re48/TMB2.60_sample_17.pdb,1.148429904717449,78.83,0.0,0.7338709677419355,0.2661290322580645,TMB2.60,TMB
TMB2.62,0.9658723407109768,./esmf_re48/TMB2.62_sample_18.pdb,0.7034222322701815,80.5,0.0,0.7016129032258065,0.2983870967741935,TMB2.62,TMB
TMB2.63,0.9061184348648924,./esmf_re48/TMB2.63_sample_5.pdb,1.2278343491173107,76.34,0.0,0.6935483870967742,0.3064516129032258,TMB2.63,TMB
TMB2.64,0.90939415580727,./esmf_re48/TMB2.64_sample_19.pdb,1.1972332976272917,76.95,0.0,0.7096774193548387,0.2903225806451613,TMB2.64,TMB
TMB2.65,0.9303254799006082,./esmf_re48/TMB2.65_sample_20.pdb,0.9851521938086668,80.83,0.0,0.7016129032258065,0.2983870967741935,TMB2.65,TMB
TMB2.66,0.8707992467246028,./esmf_re48/TMB2.66_sample_21.pdb,1.485367803142218,77.99,0.0,0.7338709677419355,0.2661290322580645,TMB2.66,TMB
TMB2.67,0.933061985709892,./esmf_re48/TMB2.67_sample_22.pdb,1.0156488804100223,80.57,0.0,0.7016129032258065,0.2983870967741935,TMB2.67,TMB
TMB2.68,0.940210450325212,./esmf_re48/TMB2.68_sample_7.pdb,0.9399196173442048,79.54,0.0,0.717741935483871,0.282258064516129,TMB2.68,TMB
TMB2.69,0.9495525809137084,./esmf_re48/TMB2.69_sample_8.pdb,0.8458646766267846,79.6,0.0,0.7258064516129032,0.2741935483870967,TMB2.69,TMB
TMB2.7,0.9155473263409514,./esmf_re48/TMB2.7_sample_9.pdb,1.1578993799124089,72.26,0.0,0.6935483870967742,0.3064516129032258,TMB2.7,TMB
TMB2.70,0.9340654592726656,./esmf_re48/TMB2.70_sample_10.pdb,0.9664285047775624,79.71,0.0,0.7016129032258065,0.2983870967741935,TMB2.70,TMB
TMB2.71,0.9438522645249664,./esmf_re48/TMB2.71_sample_11.pdb,0.8743898481081817,79.13,0.0,0.7096774193548387,0.2903225806451613,TMB2.71,TMB
TMB2.72,0.8815268976182213,./esmf_re48/TMB2.72_sample_12.pdb,1.4424072724623291,72.49,0.0,0.6854838709677419,0.314516129032258,TMB2.72,TMB
TMB2.73,0.9188245188459684,./esmf_re48/TMB2.73_sample_6.pdb,1.1125413175252807,72.08,0.0,0.6774193548387096,0.3225806451612903,TMB2.73,TMB
TMB2.74,0.9122442512414048,./esmf_re48/TMB2.74_sample_13.pdb,1.166017768405307,73.0,0.0,0.6774193548387096,0.3225806451612903,TMB2.74,TMB
TMB2.75,0.9217156666438344,./esmf_re48/TMB2.75_sample_14.pdb,1.0878400573408336,76.79,0.0,0.717741935483871,0.282258064516129,TMB2.75,TMB
TMB2.76,0.9511048857300588,./esmf_re48/TMB2.76_sample_15.pdb,0.8272698225715783,79.74,0.0,0.7258064516129032,0.2741935483870967,TMB2.76,TMB
TMB2.77,0.9474211988312136,./esmf_re48/TMB2.77_sample_16.pdb,0.8394266990670979,77.73,0.0,0.6854838709677419,0.314516129032258,TMB2.77,TMB
TMB2.78,0.9392310619701696,./esmf_re48/TMB2.78_sample_17.pdb,0.9317874492332986,80.22,0.0,0.7016129032258065,0.2983870967741935,TMB2.78,TMB
TMB2.79,0.9182815449953796,./esmf_re48/TMB2.79_sample_18.pdb,1.1471819468261286,77.77,0.0,0.717741935483871,0.282258064516129,TMB2.79,TMB
TMB2.8,0.8976231121161931,./esmf_re48/TMB2.8_sample_19.pdb,1.291900640079484,80.16,0.0,0.6935483870967742,0.3064516129032258,TMB2.8,TMB
TMB2.80,0.9300845713405416,./esmf_re48/TMB2.80_sample_20.pdb,1.110166800980729,75.88,0.0,0.7338709677419355,0.2661290322580645,TMB2.80,TMB
TMB2.81,0.9363384330112466,./esmf_re48/TMB2.81_sample_21.pdb,0.946045086723525,78.19,0.0,0.7016129032258065,0.2983870967741935,TMB2.81,TMB
TMB2.82,0.9393954866222992,./esmf_re48/TMB2.82_sample_22.pdb,0.9217674596393408,80.66,0.0,0.7016129032258065,0.2983870967741935,TMB2.82,TMB
TMB2.83,0.9309367114291818,./esmf_re48/TMB2.83_sample_7.pdb,1.0155352751936462,80.16,0.0,0.6935483870967742,0.3064516129032258,TMB2.83,TMB
TMB2.84,0.938321217303178,./esmf_re48/TMB2.84_sample_0.pdb,0.9270034604870848,82.46,0.0,0.6935483870967742,0.3064516129032258,TMB2.84,TMB
TMB2.85,0.9393545029689068,./esmf_re48/TMB2.85_sample_1.pdb,0.9203225552362418,81.9,0.0,0.6935483870967742,0.3064516129032258,TMB2.85,TMB
TMB2.86,0.9377694573750603,./esmf_re48/TMB2.86_sample_2.pdb,0.9356951041212076,77.82,0.0,0.7016129032258065,0.2983870967741935,TMB2.86,TMB
TMB2.87,0.9401505723354086,./esmf_re48/TMB2.87_sample_3.pdb,0.9167166090982828,71.05,0.0,0.7096774193548387,0.2903225806451613,TMB2.87,TMB
TMB2.88,0.8957751933648137,./esmf_re48/TMB2.88_sample_4.pdb,1.3050898584283617,74.44,0.0,0.7016129032258065,0.2983870967741935,TMB2.88,TMB
TMB2.89,0.9467075382866388,./esmf_re48/TMB2.89_sample_5.pdb,0.8673808612080447,78.88,0.0,0.6935483870967742,0.3064516129032258,TMB2.89,TMB
TMB2.9,0.9241116042142492,./esmf_re48/TMB2.9_sample_6.pdb,1.0798647374574333,74.47,0.0,0.7096774193548387,0.2903225806451613,TMB2.9,TMB
GLF_2,0.8676365674943248,./esmf_re48_att/GLF_2_sample_22.pdb,4.1608574735350805,86.34,0.8863636363636364,0.0,0.1136363636363636,GLF_2,Solubilized
GLF_3,0.8599043401429957,./esmf_re48_att/GLF_3_sample_1.pdb,4.100563043664685,85.67,0.8818181818181818,0.0,0.1181818181818181,GLF_3,Solubilized
GLF_4,0.848436300160709,./esmf_re48_att/GLF_4_sample_19.pdb,3.9887294804045976,81.19,0.8863636363636364,0.0,0.1136363636363636,GLF_4,Solubilized
GLF_5,0.8357284730605357,./esmf_re48_att/GLF_5_sample_6.pdb,4.199048390036566,60.21,0.9,0.0,0.1,GLF_5,Solubilized
GLF_6,0.8141716735000977,./esmf_re48_att/GLF_6_sample_14.pdb,4.388169568607924,85.27,0.8863636363636364,0.0,0.1136363636363636,GLF_6,Solubilized
GLF_7,0.827287050942791,./esmf_re48_att/GLF_7_sample_15.pdb,4.344650244756379,84.72,0.8909090909090909,0.0,0.109090909090909,GLF_7,Solubilized
GLF_8,0.8339167356307078,./esmf_re48_att/GLF_8_sample_16.pdb,4.612114568566221,67.52,0.8863636363636364,0.0,0.1136363636363636,GLF_8,Solubilized
GLF_9,0.8119325424313287,./esmf_re48_att/GLF_9_sample_17.pdb,4.619310055680221,79.18,0.8909090909090909,0.0,0.109090909090909,GLF_9,Solubilized
GLF_10,0.8419460904296057,./esmf_re48_att/GLF_10_sample_13.pdb,4.475066763670677,83.55,0.8818181818181818,0.0,0.1181818181818181,GLF_10,Solubilized
GLF_11,0.8341389530081905,./esmf_re48_att/GLF_11_sample_14.pdb,4.607514067319482,84.54,0.8909090909090909,0.0,0.109090909090909,GLF_11,Solubilized
GLF_12,0.8171595818321002,./esmf_re48_att/GLF_12_sample_15.pdb,4.681597482556141,62.35,0.8818181818181818,0.0,0.1181818181818181,GLF_12,Solubilized
GLF_13,0.7857373806319475,./esmf_re48_att/GLF_13_sample_22.pdb,4.9239909190363695,82.82,0.9136363636363636,0.0,0.0863636363636363,GLF_13,Solubilized
GLF_14,0.8589389199150169,./esmf_re48_att/GLF_14_sample_16.pdb,4.043192426798293,70.12,0.9045454545454544,0.0,0.0954545454545454,GLF_14,Solubilized
GLF_15,0.8489496252288631,./esmf_re48_att/GLF_15_sample_17.pdb,4.0061245636836915,78.32,0.8863636363636364,0.0,0.1136363636363636,GLF_15,Solubilized
GLF_16,0.8607492930533013,./esmf_re48_att/GLF_16_sample_18.pdb,4.20721160154299,72.22,0.9,0.0,0.1,GLF_16,Solubilized
GLF_17,0.8483956870677367,./esmf_re48_att/GLF_17_sample_19.pdb,4.306892699369033,85.06,0.8909090909090909,0.0,0.109090909090909,GLF_17,Solubilized
GLF_18,0.8563331858560703,./esmf_re48_att/GLF_18_sample_20.pdb,4.21549634246003,84.74,0.8909090909090909,0.0,0.109090909090909,GLF_18,Solubilized
GLF_19,0.8512805088452327,./esmf_re48_att/GLF_19_sample_21.pdb,4.289667433515438,83.59,0.8909090909090909,0.0,0.109090909090909,GLF_19,Solubilized
GLF_20,0.8284240098620166,./esmf_re48_att/GLF_20_sample_0.pdb,4.2809387354074815,80.55,0.8909090909090909,0.0,0.109090909090909,GLF_20,Solubilized
GLF_21,0.8312806878420111,./esmf_re48_att/GLF_21_sample_0.pdb,4.297662422759862,80.91,0.8909090909090909,0.0,0.109090909090909,GLF_21,Solubilized
GLF_22,0.832279364046545,./esmf_re48_att/GLF_22_sample_1.pdb,4.175473478858779,83.86,0.9,0.0,0.1,GLF_22,Solubilized
GLF_23,0.7911341247561734,./esmf_re48_att/GLF_23_sample_23.pdb,4.784657186221896,72.67,0.8181818181818182,0.0,0.1818181818181818,GLF_23,Solubilized
GLF_24,0.8420997744207499,./esmf_re48_att/GLF_24_sample_3.pdb,4.2422829284842,73.02,0.8863636363636364,0.0,0.1136363636363636,GLF_24,Solubilized
GLF_25,0.8035024413230345,./esmf_re48_att/GLF_25_sample_4.pdb,4.707482139797189,80.33,0.8954545454545455,0.0,0.1045454545454545,GLF_25,Solubilized
GLF_26,0.8378035310233283,./esmf_re48_att/GLF_26_sample_5.pdb,4.417398627364215,86.47,0.9090909090909092,0.0,0.0909090909090909,GLF_26,Solubilized
GLF_27,0.858494549853388,./esmf_re48_att/GLF_27_sample_6.pdb,4.238843312860728,77.29,0.8863636363636364,0.0,0.1136363636363636,GLF_27,Solubilized
GLF_29,0.857677941679147,./esmf_re48_att/GLF_29_sample_8.pdb,4.196393358484476,82.89,0.8772727272727273,0.0,0.1227272727272727,GLF_29,Solubilized
GLF_30,0.823389482008331,./esmf_re48_att/GLF_30_sample_10.pdb,4.5183622047200185,79.78,0.8909090909090909,0.0,0.109090909090909,GLF_30,Solubilized
GLF_31,0.8479799337126755,./esmf_re48_att/GLF_31_sample_11.pdb,4.259767525355383,87.41,0.8909090909090909,0.0,0.109090909090909,GLF_31,Solubilized
GLF_32,0.8479445250199773,./esmf_re48_att/GLF_32_sample_12.pdb,4.251073252627622,86.71,0.8909090909090909,0.0,0.109090909090909,GLF_32,Solubilized
GLF_33,0.8551279835363645,./esmf_re48_att/GLF_33_sample_9.pdb,4.254034291692657,85.0,0.8909090909090909,0.0,0.109090909090909,GLF_33,Solubilized
GLF_34,0.8696683827019265,./esmf_re48_att/GLF_34_sample_13.pdb,4.023068222198137,75.97,0.8772727272727273,0.0,0.1227272727272727,GLF_34,Solubilized
GLF_35,0.8643176216974653,./esmf_re48_att/GLF_35_sample_14.pdb,3.955144046955661,83.26,0.9,0.0,0.1,GLF_35,Solubilized
GLF_36,0.8595573926051838,./esmf_re48_att/GLF_36_sample_15.pdb,4.007853173863134,86.08,0.9,0.0,0.1,GLF_36,Solubilized
GLF_37,0.8636379112128477,./esmf_re48_att/GLF_37_sample_16.pdb,3.9462956094502624,84.77,0.9,0.0,0.1,GLF_37,Solubilized
GLF_38,0.862894378377341,./esmf_re48_att/GLF_38_sample_17.pdb,4.019668208653552,85.55,0.8863636363636364,0.0,0.1136363636363636,GLF_38,Solubilized
GLF_39,0.7938612812711744,./esmf_re48_att/GLF_39_sample_18.pdb,4.283286837369172,71.79,0.8727272727272727,0.0,0.1272727272727272,GLF_39,Solubilized
GLF_40,0.8341412536295371,./esmf_re48_att/GLF_40_sample_20.pdb,4.394842146733085,71.33,0.8909090909090909,0.0,0.109090909090909,GLF_40,Solubilized
GLF_41,0.8438252893925344,./esmf_re48_att/GLF_41_sample_21.pdb,4.292908612766754,85.73,0.9,0.0,0.1,GLF_41,Solubilized
GLF_42,0.8369964755535407,./esmf_re48_att/GLF_42_sample_22.pdb,4.25831417835269,86.87,0.9045454545454544,0.0,0.0954545454545454,GLF_42,Solubilized
GLF_43,0.8364949723787589,./esmf_re48_att/GLF_43_sample_0.pdb,4.277340889224087,86.94,0.9045454545454544,0.0,0.0954545454545454,GLF_43,Solubilized
GLF_44,0.8353458254276469,./esmf_re48_att/GLF_44_sample_0.pdb,4.340709248489075,83.28,0.8727272727272727,0.0,0.1272727272727272,GLF_44,Solubilized
GLF_45,0.8202113053289243,./esmf_re48_att/GLF_45_sample_1.pdb,4.299205745985159,82.92,0.8818181818181818,0.0,0.1181818181818181,GLF_45,Solubilized
GLF_46,0.8666078854468262,./esmf_re48_att/GLF_46_sample_2.pdb,4.10108148844615,63.31,0.8909090909090909,0.0,0.109090909090909,GLF_46,Solubilized
GLF_47,0.8459837366754137,./esmf_re48_att/GLF_47_sample_3.pdb,4.175342454433048,84.26,0.8772727272727273,0.0,0.1227272727272727,GLF_47,Solubilized
GLF_48,0.8703149675662933,./esmf_re48_att/GLF_48_sample_4.pdb,4.021853917305068,67.74,0.8727272727272727,0.0,0.1272727272727272,GLF_48,Solubilized
GLF_49,0.7892213427961378,./esmf_re48_att/GLF_49_sample_5.pdb,4.744488704616813,69.41,0.8909090909090909,0.0,0.109090909090909,GLF_49,Solubilized
GLF_50,0.7812104205963584,./esmf_re48_att/GLF_50_sample_7.pdb,4.803134320659519,76.6,0.8909090909090909,0.0,0.109090909090909,GLF_50,Solubilized
GLF_51,0.8099208818061296,./esmf_re48_att/GLF_51_sample_8.pdb,4.765623531523286,81.59,0.8863636363636364,0.0,0.1136363636363636,GLF_51,Solubilized
GLF_52,0.8499414798690407,./esmf_re48_att/GLF_52_sample_9.pdb,4.123528756004271,74.04,0.9,0.0,0.1,GLF_52,Solubilized
GLF_53,0.8358485371324844,./esmf_re48_att/GLF_53_sample_1.pdb,4.198444698591407,59.88,0.9,0.0,0.1,GLF_53,Solubilized
GLF_54,0.8166053427371331,./esmf_re48_att/GLF_54_sample_10.pdb,4.390973192867256,84.53,0.8909090909090909,0.0,0.109090909090909,GLF_54,Solubilized
GLF_55,0.8075756022193562,./esmf_re48_att/GLF_55_sample_11.pdb,4.309808636672432,78.34,0.8863636363636364,0.0,0.1136363636363636,GLF_55,Solubilized
GLF_56,0.8339148268364026,./esmf_re48_att/GLF_56_sample_12.pdb,4.233909339107965,83.53,0.9090909090909092,0.0,0.0909090909090909,GLF_56,Solubilized
GLF_57,0.7999830416553558,./esmf_re48_att/GLF_57_sample_13.pdb,4.449758675296544,86.99,0.8954545454545455,0.0,0.1045454545454545,GLF_57,Solubilized
CLF_1,0.8264237846667242,./esmf_re48_att/CLF_1_sample_47.pdb,2.3085921361804616,78.9,0.6795580110497238,0.1049723756906077,0.2154696132596685,CLF_1,Solubilized
CLF_2,0.8255119766540009,./esmf_re48_att/CLF_2_sample_4.pdb,2.26936844810924,77.74,0.6795580110497238,0.0939226519337016,0.2265193370165746,CLF_2,Solubilized
CLF_3,0.8209251896230437,./esmf_re48_att/CLF_3_sample_5.pdb,2.424325700586588,80.1,0.6961325966850829,0.1215469613259668,0.1823204419889502,CLF_3,Solubilized
CLF_4,0.8094829228157472,./esmf_re48_att/CLF_4_sample_6.pdb,2.551827592357574,80.24,0.7016574585635359,0.1104972375690607,0.1878453038674033,CLF_4,Solubilized
CLF_5,0.9031868414910564,./esmf_re48_att/CLF_5_sample_7.pdb,1.5062708447316742,85.31,0.6629834254143646,0.1049723756906077,0.2320441988950276,CLF_5,Solubilized
CLF_6,0.8762052376497994,./esmf_re48_att/CLF_6_sample_8.pdb,1.812332154881736,85.4,0.6685082872928176,0.1160220994475138,0.2154696132596685,CLF_6,Solubilized
CLF_7,0.8633316082894604,./esmf_re48_att/CLF_7_sample_9.pdb,1.9250054921368072,84.05,0.7292817679558011,0.1325966850828729,0.1381215469613259,CLF_7,Solubilized
CLF_8,0.8747654182560568,./esmf_re48_att/CLF_8_sample_10.pdb,1.871250064595956,83.48,0.6629834254143646,0.1049723756906077,0.2320441988950276,CLF_8,Solubilized
CLF_9,0.8594498923476386,./esmf_re48_att/CLF_9_sample_11.pdb,1.9636107616775251,82.91,0.712707182320442,0.1104972375690607,0.1767955801104972,CLF_9,Solubilized
CLF_10,0.8658945148587561,./esmf_re48_att/CLF_10_sample_48.pdb,1.955607149451393,79.79,0.7016574585635359,0.1104972375690607,0.1878453038674033,CLF_10,Solubilized
CLF_11,0.8574439267700041,./esmf_re48_att/CLF_11_sample_2.pdb,2.052792035187422,78.15,0.6740331491712708,0.1104972375690607,0.2154696132596685,CLF_11,Solubilized
CLF_12,0.833571440284975,./esmf_re48_att/CLF_12_sample_3.pdb,2.270496380362642,83.83,0.6629834254143646,0.1049723756906077,0.2320441988950276,CLF_12,Solubilized
CLF_13,0.7985106716904318,./esmf_re48_att/CLF_13_sample_21.pdb,2.7518202752392686,80.4,0.6850828729281768,0.1104972375690607,0.2044198895027624,CLF_13,Solubilized
RPF_1,0.7973609657303692,./esmf_re48_att/RPF_1_sample_47.pdb,3.27491763755471,74.95,0.7865168539325843,0.0,0.2134831460674157,RPF_1,Solubilized
RPF_2,0.7638392408645099,./esmf_re48_att/RPF_2_sample_9.pdb,2.958100624280028,78.86,0.6853932584269663,0.0112359550561797,0.3033707865168539,RPF_2,Solubilized
RPF_4,0.7852248341310828,./esmf_re48_att/RPF_4_sample_11.pdb,2.7670511245503455,77.16,0.7584269662921348,0.0,0.2415730337078651,RPF_4,Solubilized
RPF_5,0.6958313167236877,./esmf_re48_att/RPF_5_sample_12.pdb,7.808110993699317,75.61,0.7865168539325843,0.0,0.2134831460674157,RPF_5,Solubilized
RPF_7,0.8046752687545609,./esmf_re48_att/RPF_7_sample_14.pdb,2.6163007569395536,78.56,0.7359550561797753,0.0,0.2640449438202247,RPF_7,Solubilized
RPF_8,0.7786812270231026,./esmf_re48_att/RPF_8_sample_15.pdb,2.930824975890531,85.78,0.8202247191011236,0.0,0.1797752808988764,RPF_8,Solubilized
RPF_9,0.775183969577655,./esmf_re48_att/RPF_9_sample_16.pdb,2.982756859173477,85.5,0.797752808988764,0.0,0.2022471910112359,RPF_9,Solubilized
RPF_10,0.709414485520176,./esmf_re48_att/RPF_10_sample_4.pdb,3.749654608993049,71.61,0.7528089887640449,0.0,0.247191011235955,RPF_10,Solubilized
RPF_11,0.8173996041796866,./esmf_re48_att/RPF_11_sample_5.pdb,2.458617674772023,82.92,0.7303370786516854,0.0112359550561797,0.2584269662921348,RPF_11,Solubilized
RPF_12,0.590127319169572,./esmf_re48_att/RPF_12_sample_6.pdb,6.17860331561158,77.89,0.797752808988764,0.0,0.2022471910112359,RPF_12,Solubilized
RPF_13,0.7738565024811906,./esmf_re48_att/RPF_13_sample_0.pdb,2.8771092259086597,76.96,0.797752808988764,0.0,0.2022471910112359,RPF_13,Solubilized
RPF_14,0.7234020056760859,./esmf_re48_att/RPF_14_sample_7.pdb,3.179713936179533,56.49,0.7528089887640449,0.0112359550561797,0.2359550561797752,RPF_14,Solubilized
RPF_15,0.7866725732083175,./esmf_re48_att/RPF_15_sample_8.pdb,2.6467679191676967,76.56,0.7584269662921348,0.0112359550561797,0.2303370786516854,RPF_15,Solubilized
1998469_0000,0.5748662232845242,./esmf_re48/1998469_0000_sample_7.pdb,3.1044481188532767,73.51,0.55,0.2333333333333333,0.2166666666666666,1998469_0000,Foldit
1998520_0002,0.2879746423618112,./esmf_re48/1998520_0002_sample_0.pdb,15.517672356762665,59.95,0.4428571428571428,0.1428571428571428,0.4142857142857143,1998520_0002,Foldit
1998555_1041,0.4416032907947239,./esmf_re48/1998555_1041_sample_1.pdb,6.093917506913845,59.54,0.4,0.325,0.275,1998555_1041,Foldit
2000240_0002,0.6834302061739588,./esmf_re48/2000240_0002_sample_4.pdb,2.0216238681802934,69.22,0.5384615384615384,0.2615384615384615,0.2,2000240_0002,Foldit
2000485_1070,0.3571448102345274,./esmf_re48/2000485_1070_sample_6.pdb,8.698501078365183,45.27,0.2235294117647059,0.4352941176470588,0.3411764705882353,2000485_1070,Foldit
2000518_0000,0.7207099713203293,./esmf_re48/2000518_0000_sample_7.pdb,3.3442734732151917,57.57,0.4111111111111111,0.3777777777777777,0.2111111111111111,2000518_0000,Foldit
2000518_0003,0.6192278449249258,./esmf_re48/2000518_0003_sample_0.pdb,3.544557267948414,58.64,0.4444444444444444,0.3222222222222222,0.2333333333333333,2000518_0003,Foldit
2000665_1003,0.3299763694538473,./esmf_re48/2000665_1003_sample_1.pdb,10.235935596851215,46.71,0.5666666666666667,0.1888888888888888,0.2444444444444444,2000665_1003,Foldit
2001044_0000,0.8063535396470851,./esmf_re48/2001044_0000_sample_11.pdb,1.2983520660920966,70.98,0.4833333333333333,0.2833333333333333,0.2333333333333333,2001044_0000,Foldit
2002089_0001,0.8411521259967113,./esmf_re48/2002089_0001_sample_12.pdb,1.222782663234348,60.6,0.0,0.7571428571428571,0.2428571428571428,2002089_0001,Foldit
2002089_1029,0.765823601308595,./esmf_re48/2002089_1029_sample_13.pdb,1.6609122678843076,55.43,0.0,0.7428571428571429,0.2571428571428571,2002089_1029,Foldit
2002243_1016,0.8465732531368464,./esmf_re48/2002243_1016_sample_14.pdb,1.1486151656821884,77.99,0.4769230769230769,0.2769230769230769,0.2461538461538461,2002243_1016,Foldit
2002308_0000,0.8358974090614537,./esmf_re48/2002308_0000_sample_16.pdb,1.2437106356118055,68.4,0.4857142857142857,0.2857142857142857,0.2285714285714285,2002308_0000,Foldit
2002308_0005,0.7325857019169456,./esmf_re48/2002308_0005_sample_17.pdb,1.9233968087136817,64.92,0.4857142857142857,0.3285714285714285,0.1857142857142857,2002308_0005,Foldit
2002334_0005,0.8654251765522806,./esmf_re48/2002334_0005_sample_19.pdb,1.1668505978544277,67.23,0.0,0.8,0.2,2002334_0005,Foldit
2002376_0000,0.7990716046691178,./esmf_re48/2002376_0000_sample_20.pdb,1.6882937140025571,59.49,0.5058823529411764,0.3058823529411765,0.188235294117647,2002376_0000,Foldit
2002376_0003,0.615127713404491,./esmf_re48/2002376_0003_sample_2.pdb,2.990535525132676,61.66,0.4941176470588235,0.3294117647058823,0.1764705882352941,2002376_0003,Foldit
2002469_0001,0.6718387749275851,./esmf_re48/2002469_0001_sample_22.pdb,2.4277340239793057,62.08,0.5125,0.2,0.2875,2002469_0001,Foldit
2002486_0006,0.8884278152442708,./esmf_re48/2002486_0006_sample_24.pdb,0.9416951709508016,61.25,0.0,0.7076923076923077,0.2923076923076923,2002486_0006,Foldit
2002486_1012,0.7411472851561947,./esmf_re48/2002486_1012_sample_25.pdb,1.8396522360757137,65.31,0.4615384615384615,0.3076923076923077,0.2307692307692307,2002486_1012,Foldit
2002486_1048,0.5637417509922004,./esmf_re48/2002486_1048_sample_26.pdb,4.949335319515856,51.67,0.4461538461538462,0.2307692307692307,0.3230769230769231,2002486_1048,Foldit
2002544_0000,0.931078627026966,./esmf_re48/2002544_0000_sample_27.pdb,0.7101912242110078,79.03,0.4714285714285714,0.2857142857142857,0.2428571428571428,2002544_0000,Foldit
2002553_0000,0.8916437514467332,./esmf_re48/2002553_0000_sample_28.pdb,1.87080353111734,70.8,0.4933333333333333,0.2933333333333333,0.2133333333333333,2002553_0000,Foldit
2002565_0002,0.6423649000231203,./esmf_re48/2002565_0002_sample_30.pdb,9.176512877913622,65.67,0.4222222222222222,0.4111111111111111,0.1666666666666666,2002565_0002,Foldit
2002590_0001,0.3573502604651461,./esmf_re48/2002590_0001_sample_31.pdb,10.576266092457152,64.0,0.4461538461538462,0.2769230769230769,0.2769230769230769,2002590_0001,Foldit
2002613_0004,0.7186274582183992,./esmf_re48/2002613_0004_sample_33.pdb,2.7256950993561855,67.34,0.4571428571428571,0.3428571428571428,0.2,2002613_0004,Foldit
2002713_0000,0.6390785463218065,./esmf_re48/2002713_0000_sample_34.pdb,14.020794911028773,69.53,0.9230769230769232,0.0,0.0769230769230769,2002713_0000,Foldit
2002713_0004,0.8736392067566723,./esmf_re48/2002713_0004_sample_35.pdb,1.0161185364443843,81.72,0.8615384615384616,0.0,0.1384615384615384,2002713_0004,Foldit
2002713_1006,0.9398786282825622,./esmf_re48/2002713_1006_sample_36.pdb,0.6621322542326307,80.84,0.8769230769230769,0.0,0.123076923076923,2002713_1006,Foldit
2002745_0000,0.3288782488572236,./esmf_re48/2002745_0000_sample_37.pdb,32.1180741406996,77.75,0.976470588235294,0.0,0.0235294117647058,2002745_0000,Foldit
2002745_0001,0.4982235715325774,./esmf_re48/2002745_0001_sample_38.pdb,19.27539118879091,74.58,0.9294117647058824,0.0,0.0705882352941176,2002745_0001,Foldit
2002745_0003,0.9143307688526668,./esmf_re48/2002745_0003_sample_4.pdb,0.9375412162234376,81.38,0.8941176470588236,0.0,0.1058823529411764,2002745_0003,Foldit
2002745_0004,0.8395819084346173,./esmf_re48/2002745_0004_sample_40.pdb,1.4039109080573555,78.47,0.8823529411764706,0.0,0.1176470588235294,2002745_0004,Foldit
2002745_0008,0.9329107931253452,./esmf_re48/2002745_0008_sample_41.pdb,0.8237977632795298,72.9,0.8823529411764706,0.0,0.1176470588235294,2002745_0008,Foldit
2002766_0000,0.810261834892989,./esmf_re48/2002766_0000_sample_42.pdb,1.4896872331905735,85.48,0.8714285714285714,0.0,0.1285714285714285,2002766_0000,Foldit
2002766_0001,0.9011523724305768,./esmf_re48/2002766_0001_sample_43.pdb,0.919363353305939,85.07,0.8857142857142857,0.0,0.1142857142857142,2002766_0001,Foldit
2002766_0002,0.5886767415842057,./esmf_re48/2002766_0002_sample_44.pdb,14.77865160886624,81.14,0.9142857142857144,0.0,0.0857142857142857,2002766_0002,Foldit
2002766_0003,0.3340990768897247,./esmf_re48/2002766_0003_sample_5.pdb,27.172382824665473,81.19,0.9714285714285714,0.0,0.0285714285714285,2002766_0003,Foldit
2002766_0004,0.6234558833102509,./esmf_re48/2002766_0004_sample_46.pdb,14.73094902061078,72.38,0.9285714285714286,0.0,0.0714285714285714,2002766_0004,Foldit
2002766_0006,0.3221786659915219,./esmf_re48/2002766_0006_sample_47.pdb,25.72920063510511,79.71,0.9714285714285714,0.0,0.0285714285714285,2002766_0006,Foldit
2002787_0005,0.9331876489697,./esmf_re48/2002787_0005_sample_48.pdb,0.7544522353386163,67.04,0.44,0.3333333333333333,0.2266666666666666,2002787_0005,Foldit
2002922_1013,0.9144715250421188,./esmf_re48/2002922_1013_sample_6.pdb,0.9124917810109924,70.85,0.475,0.3375,0.1875,2002922_1013,Foldit
2002922_1018,0.8834655943855507,./esmf_re48/2002922_1018_sample_1.pdb,1.105463207057388,66.92,0.4,0.4125,0.1875,2002922_1018,Foldit
2002949_0000,0.927805727480984,./esmf_re48/2002949_0000_sample_3.pdb,0.6947448805375231,84.71,0.4923076923076923,0.2769230769230769,0.2307692307692307,2002949_0000,Foldit
2002949_0007,0.7036544202308571,./esmf_re48/2002949_0007_sample_4.pdb,2.5403930359950126,63.82,0.4307692307692308,0.3076923076923077,0.2615384615384615,2002949_0007,Foldit
2002990_0006,0.9086623774963364,./esmf_re48/2002990_0006_sample_5.pdb,0.9892243169165555,73.48,0.4047619047619047,0.4404761904761904,0.1547619047619047,2002990_0006,Foldit
2002990_1031,0.7519558657531518,./esmf_re48/2002990_1031_sample_6.pdb,1.9051098016069743,64.26,0.5058823529411764,0.3647058823529411,0.1294117647058823,2002990_1031,Foldit
2002990_1039,0.7865788541086284,./esmf_re48/2002990_1039_sample_7.pdb,1.789409481198844,74.71,0.4470588235294118,0.3058823529411765,0.2470588235294117,2002990_1039,Foldit
2003048_0003,0.9425764875223156,./esmf_re48/2003048_0003_sample_7.pdb,0.665207632635218,76.13,0.4857142857142857,0.3285714285714285,0.1857142857142857,2003048_0003,Foldit
2003048_0005,0.477874739596666,./esmf_re48/2003048_0005_sample_10.pdb,13.243290774027384,74.47,0.5428571428571428,0.3285714285714285,0.1285714285714285,2003048_0005,Foldit
2003048_1024,0.4215773438939268,./esmf_re48/2003048_1024_sample_11.pdb,7.928707035613709,60.27,0.4857142857142857,0.3142857142857143,0.2,2003048_1024,Foldit
2003048_1050,0.3465282790061067,./esmf_re48/2003048_1050_sample_12.pdb,9.003917896842259,60.14,0.4142857142857143,0.3285714285714285,0.2571428571428571,2003048_1050,Foldit
2003205_0000,0.9267767185364134,./esmf_re48/2003205_0000_sample_18.pdb,0.7966570142140977,79.66,0.4666666666666667,0.3733333333333333,0.16,2003205_0000,Foldit
2003205_0002,0.9509861520381312,./esmf_re48/2003205_0002_sample_19.pdb,0.6374830322285671,75.18,0.48,0.3333333333333333,0.1866666666666666,2003205_0002,Foldit
2003205_0003,0.964139140895057,./esmf_re48/2003205_0003_sample_9.pdb,0.5471565202617987,82.9,0.52,0.3066666666666666,0.1733333333333333,2003205_0003,Foldit
2003205_0006,0.5220982928157732,./esmf_re48/2003205_0006_sample_21.pdb,6.459668547426085,56.87,0.4533333333333333,0.2666666666666666,0.28,2003205_0006,Foldit
2003205_0008,0.90994827123216,./esmf_re48/2003205_0008_sample_22.pdb,0.9133936027477372,68.01,0.5066666666666667,0.3066666666666666,0.1866666666666666,2003205_0008,Foldit
2003205_1035,0.8435355400295388,./esmf_re48/2003205_1035_sample_23.pdb,1.2332986683151033,65.98,0.4,0.3733333333333333,0.2266666666666666,2003205_1035,Foldit
2003245_0004,0.9379358845524084,./esmf_re48/2003245_0004_sample_27.pdb,0.8259132343972664,77.44,0.4777777777777778,0.3555555555555555,0.1666666666666666,2003245_0004,Foldit
2003265_0007,0.9531190488946636,./esmf_re48/2003265_0007_sample_30.pdb,0.6007304991521093,77.19,0.45,0.4125,0.1375,2003265_0007,Foldit
2003265_1034,0.948112949249166,./esmf_re48/2003265_1034_sample_31.pdb,0.665577062810088,80.99,0.4375,0.35,0.2125,2003265_1034,Foldit
2003285_0000,0.9677405825088844,./esmf_re48/2003285_0000_sample_37.pdb,0.4702395949870278,85.11,0.5076923076923077,0.2769230769230769,0.2153846153846154,2003285_0000,Foldit
2003308_0004,0.9006621560358068,./esmf_re48/2003308_0004_sample_41.pdb,1.0641261143170375,75.73,0.5058823529411764,0.3411764705882353,0.1529411764705882,2003308_0004,Foldit
2003308_0005,0.7713152954867306,./esmf_re48/2003308_0005_sample_42.pdb,2.014351022023068,60.16,0.4823529411764706,0.3529411764705882,0.1647058823529411,2003308_0005,Foldit
2003308_0009,0.8910188537257959,./esmf_re48/2003308_0009_sample_43.pdb,1.1083562510857814,67.32,0.4470588235294118,0.3411764705882353,0.2117647058823529,2003308_0009,Foldit
2003308_1010,0.9258679404369198,./esmf_re48/2003308_1010_sample_44.pdb,0.8571699005293748,83.28,0.4823529411764706,0.3411764705882353,0.1764705882352941,2003308_1010,Foldit
2003333_0000,0.9348743283393168,./esmf_re48/2003333_0000_sample_45.pdb,0.7404335165956559,77.4,0.48,0.3066666666666666,0.2133333333333333,2003333_0000,Foldit
2003333_0005,0.8988578868613009,./esmf_re48/2003333_0005_sample_46.pdb,0.9903357230160232,63.95,0.4266666666666667,0.3466666666666667,0.2266666666666666,2003333_0005,Foldit
2003333_0006,0.9377823624728692,./esmf_re48/2003333_0006_sample_47.pdb,0.7137049074358053,87.28,0.4133333333333333,0.3733333333333333,0.2133333333333333,2003333_0006,Foldit
2003333_1006,0.8062501238002064,./esmf_re48/2003333_1006_sample_48.pdb,2.3109310058462413,77.31,0.5066666666666667,0.3066666666666666,0.1866666666666666,2003333_1006,Foldit
2003333_1013,0.6374386001199637,./esmf_re48/2003333_1013_sample_12.pdb,11.22782184407252,63.56,0.4933333333333333,0.28,0.2266666666666666,2003333_1013,Foldit
2003360_0005,0.950740208582636,./esmf_re48/2003360_0005_sample_2.pdb,0.683971861381347,77.6,0.4888888888888889,0.3555555555555555,0.1555555555555555,2003360_0005,Foldit
2003360_1013,0.8648062873406028,./esmf_re48/2003360_1013_sample_14.pdb,1.3181689202963345,59.94,0.4777777777777778,0.2666666666666666,0.2555555555555555,2003360_1013,Foldit
2003382_0002,0.7890336931698606,./esmf_re48/2003382_0002_sample_8.pdb,2.2001461606045893,70.39,0.4,0.4285714285714285,0.1714285714285714,2003382_0002,Foldit
2003382_0004,0.608266710131931,./esmf_re48/2003382_0004_sample_9.pdb,5.395071529995082,52.31,0.2285714285714285,0.4,0.3714285714285714,2003382_0004,Foldit
2003382_0009,0.8230863057446902,./esmf_re48/2003382_0009_sample_10.pdb,1.336477756447878,78.71,0.4857142857142857,0.2285714285714285,0.2857142857142857,2003382_0009,Foldit
2003382_1021,0.4238298459031255,./esmf_re48/2003382_1021_sample_11.pdb,14.272441539056052,65.55,0.4857142857142857,0.3428571428571428,0.1714285714285714,2003382_1021,Foldit
2003414_1018,0.6061156668692883,./esmf_re48/2003414_1018_sample_14.pdb,3.5885162797362136,64.72,0.4705882352941176,0.3529411764705882,0.1764705882352941,2003414_1018,Foldit
2003455_0001,0.6933425233238804,./esmf_re48/2003455_0001_sample_15.pdb,2.947860769087388,72.08,0.5076923076923077,0.2615384615384615,0.2307692307692307,2003455_0001,Foldit
2003455_0002,0.4702905539771491,./esmf_re48/2003455_0002_sample_16.pdb,4.138075714508668,60.43,0.4923076923076923,0.2615384615384615,0.2461538461538461,2003455_0002,Foldit
2003455_0009,0.4444385902404982,./esmf_re48/2003455_0009_sample_17.pdb,4.622491612007298,59.95,0.3846153846153846,0.3538461538461538,0.2615384615384615,2003455_0009,Foldit
2003455_1023,0.8442711673454807,./esmf_re48/2003455_1023_sample_16.pdb,1.138189824451316,72.22,0.4838709677419355,0.3225806451612903,0.1935483870967742,2003455_1023,Foldit
2003485_0000,0.747683755584369,./esmf_re48/2003485_0000_sample_22.pdb,2.045270691124625,75.39,0.4,0.375,0.225,2003485_0000,Foldit
2003485_0002,0.9659701622504968,./esmf_re48/2003485_0002_sample_23.pdb,0.5556972278082256,79.57,0.5125,0.2875,0.2,2003485_0002,Foldit
2003485_1017,0.8689846751580808,./esmf_re48/2003485_1017_sample_24.pdb,1.2150669310375153,65.96,0.5125,0.2625,0.225,2003485_1017,Foldit
2003485_1029,0.6146520287436749,./esmf_re48/2003485_1029_sample_25.pdb,5.213286219010522,60.92,0.4625,0.325,0.2125,2003485_1029,Foldit
2003485_1036,0.815146434031442,./esmf_re48/2003485_1036_sample_26.pdb,1.5098542506887394,62.77,0.45,0.3375,0.2125,2003485_1036,Foldit
2003532_0000,0.7998772426759169,./esmf_re48/2003532_0000_sample_28.pdb,1.5358142521592713,63.23,0.5066666666666667,0.3066666666666666,0.1866666666666666,2003532_0000,Foldit
2003532_1020,0.7972306983878976,./esmf_re48/2003532_1020_sample_29.pdb,1.5210770663003743,72.4,0.4533333333333333,0.28,0.2666666666666666,2003532_1020,Foldit
2003532_1022,0.5992932930023934,./esmf_re48/2003532_1022_sample_30.pdb,3.6746438397081658,61.2,0.4133333333333333,0.2933333333333333,0.2933333333333333,2003532_1022,Foldit
2003594_0000,0.970932719499046,./esmf_re48/2003594_0000_sample_31.pdb,0.5435838035925153,82.13,0.5,0.36,0.14,2003594_0000,Foldit
997258_0001,0.5015532719068806,./esmf_re48/997258_0001_sample_35.pdb,13.010768004236471,74.41,0.9166666666666666,0.0,0.0833333333333333,997258_0001,Foldit
997258_0004,0.4280587225764811,./esmf_re48/997258_0004_sample_36.pdb,17.80966400865621,76.08,0.9166666666666666,0.0,0.0833333333333333,997258_0004,Foldit
997523_0000,0.5599688746606105,./esmf_re48/997523_0000_sample_38.pdb,20.97741800734868,71.39,0.9473684210526316,0.0,0.0526315789473684,997523_0000,Foldit
997523_0003,0.9362944505144328,./esmf_re48/997523_0003_sample_19.pdb,0.838393760676539,77.77,0.8947368421052632,0.0,0.1052631578947368,997523_0003,Foldit
997523_0005,0.7372798326711344,./esmf_re48/997523_0005_sample_40.pdb,2.1636116111839656,64.94,0.8947368421052632,0.0,0.1052631578947368,997523_0005,Foldit
997523_0006,0.7804611377207251,./esmf_re48/997523_0006_sample_41.pdb,1.986781427075463,77.37,0.9473684210526316,0.0,0.0526315789473684,997523_0006,Foldit
997523_0008,0.8961995307356765,./esmf_re48/997523_0008_sample_42.pdb,1.1027377406155587,82.08,0.8421052631578947,0.0,0.1578947368421052,997523_0008,Foldit
997523_1003,0.32348569634414,./esmf_re48/997523_1003_sample_20.pdb,34.155496290005864,75.05,0.936842105263158,0.0,0.0631578947368421,997523_1003,Foldit
997523_1040,0.3412721828235602,./esmf_re48/997523_1040_sample_44.pdb,35.68625593531155,79.17,0.9789473684210528,0.0,0.0210526315789473,997523_1040,Foldit
997791_1027,0.8761337340985068,./esmf_re48/997791_1027_sample_45.pdb,1.1262932279138047,77.23,0.8666666666666667,0.0,0.1333333333333333,997791_1027,Foldit
997915_0000,0.7873335338890128,./esmf_re48/997915_0000_sample_46.pdb,1.5623789798027827,72.81,0.8714285714285714,0.0,0.1285714285714285,997915_0000,Foldit
Pl2x3_BP_1,0.7925343812198815,./esmf_re48/Pl2x3_BP_1_sample_10.pdb,2.186536332042125,70.13,0.5238095238095238,0.2142857142857142,0.2619047619047619,Pl2x3_BP_1,Rossman ⍺/β
Pl2x3_BP_2,0.8798711977107149,./esmf_re48/Pl2x3_BP_2_sample_14.pdb,1.457659514338531,66.7,0.5158730158730159,0.2301587301587301,0.2539682539682539,Pl2x3_BP_2,Rossman ⍺/β
Pl2x3_BP_3,0.8204075511752131,./esmf_re48/Pl2x3_BP_3_sample_15.pdb,1.986571925966217,63.25,0.5317460317460317,0.2142857142857142,0.2539682539682539,Pl2x3_BP_3,Rossman ⍺/β
Pl2x3_BP_4,0.8077521776341408,./esmf_re48/Pl2x3_BP_4_sample_16.pdb,2.009725008810939,63.26,0.5317460317460317,0.2142857142857142,0.2539682539682539,Pl2x3_BP_4,Rossman ⍺/β
Pl2x3_BP_5,0.8283174163834628,./esmf_re48/Pl2x3_BP_5_sample_17.pdb,1.8971076702885823,62.83,0.5317460317460317,0.1904761904761904,0.2777777777777778,Pl2x3_BP_5,Rossman ⍺/β
Pl2x3_BP_6,0.7755263462908083,./esmf_re48/Pl2x3_BP_6_sample_18.pdb,2.279858814033672,64.38,0.5317460317460317,0.1825396825396825,0.2857142857142857,Pl2x3_BP_6,Rossman ⍺/β
Pl2x3_BP_7,0.8001267524001644,./esmf_re48/Pl2x3_BP_7_sample_19.pdb,2.1323972143715424,64.21,0.5238095238095238,0.1269841269841269,0.3492063492063492,Pl2x3_BP_7,Rossman ⍺/β
Pl2x3_BP_8,0.8024902887291869,./esmf_re48/Pl2x3_BP_8_sample_20.pdb,2.077440892850455,63.75,0.5238095238095238,0.2142857142857142,0.2619047619047619,Pl2x3_BP_8,Rossman ⍺/β
Pl2x3_BP_9,0.7707596083694847,./esmf_re48/Pl2x3_BP_9_sample_21.pdb,2.290927829321986,56.09,0.5238095238095238,0.1031746031746031,0.373015873015873,Pl2x3_BP_9,Rossman ⍺/β
Pl2x3_BP_10,0.795540502044293,./esmf_re48/Pl2x3_BP_10_sample_11.pdb,2.121849186299354,65.08,0.5317460317460317,0.1269841269841269,0.3412698412698413,Pl2x3_BP_10,Rossman ⍺/β
Pl2x3_BP_11,0.9197085625551844,./esmf_re48/Pl2x3_BP_11_sample_12.pdb,1.140903809911138,70.87,0.5317460317460317,0.238095238095238,0.2301587301587301,Pl2x3_BP_11,Rossman ⍺/β
Pl2x3_BP_12,0.8287143358305838,./esmf_re48/Pl2x3_BP_12_sample_13.pdb,1.8678428920346937,73.15,0.5317460317460317,0.2301587301587301,0.238095238095238,Pl2x3_BP_12,Rossman ⍺/β
R2x3_BP1_A1,0.8933128524802406,./esmf_re48/R2x3_BP1_A1_sample_22.pdb,1.3425409827405783,75.89,0.5483870967741935,0.2338709677419354,0.2177419354838709,R2x3_BP1_A1,Rossman ⍺/β
R2x3_BP1_A2,0.8681097629508164,./esmf_re48/R2x3_BP1_A2_sample_31.pdb,1.517422146844172,69.18,0.5483870967741935,0.2338709677419354,0.2177419354838709,R2x3_BP1_A2,Rossman ⍺/β
R2x3_BP1_A3,0.801081166766248,./esmf_re48/R2x3_BP1_A3_sample_21.pdb,2.0630840593411843,64.04,0.532258064516129,0.2177419354838709,0.25,R2x3_BP1_A3,Rossman ⍺/β
R2x3_BP1_A4,0.9313163991177296,./esmf_re48/R2x3_BP1_A4_sample_33.pdb,1.01610097806653,76.49,0.5403225806451613,0.2338709677419354,0.2258064516129032,R2x3_BP1_A4,Rossman ⍺/β
R2x3_BP1_A5,0.8606213093327569,./esmf_re48/R2x3_BP1_A5_sample_34.pdb,1.5982424369687136,72.81,0.5483870967741935,0.2177419354838709,0.2338709677419354,R2x3_BP1_A5,Rossman ⍺/β
R2x3_BP1_A6,0.8443800986481237,./esmf_re48/R2x3_BP1_A6_sample_35.pdb,1.723924469050783,72.01,0.5483870967741935,0.2177419354838709,0.2338709677419354,R2x3_BP1_A6,Rossman ⍺/β
R2x3_BP1_A7,0.8290139362784867,./esmf_re48/R2x3_BP1_A7_sample_36.pdb,1.8313567971061608,68.91,0.5564516129032258,0.2338709677419354,0.2096774193548387,R2x3_BP1_A7,Rossman ⍺/β
R2x3_BP1_A8,0.8767771216364041,./esmf_re48/R2x3_BP1_A8_sample_37.pdb,1.5094436691741646,74.84,0.5241935483870968,0.25,0.2258064516129032,R2x3_BP1_A8,Rossman ⍺/β
R2x3_BP1_A9,0.9112916482575156,./esmf_re48/R2x3_BP1_A9_sample_38.pdb,1.246139618989905,72.76,0.5564516129032258,0.2258064516129032,0.2177419354838709,R2x3_BP1_A9,Rossman ⍺/β
R2x3_BP1_A10,0.7492062315091765,./esmf_re48/R2x3_BP1_A10_sample_23.pdb,2.522530646115419,61.86,0.5483870967741935,0.1370967741935483,0.314516129032258,R2x3_BP1_A10,Rossman ⍺/β
R2x3_BP1_A12,0.8583903275107458,./esmf_re48/R2x3_BP1_A12_sample_25.pdb,1.6213975339362503,75.2,0.5,0.2338709677419354,0.2661290322580645,R2x3_BP1_A12,Rossman ⍺/β
R2x3_BP1_A13,0.8936926127141829,./esmf_re48/R2x3_BP1_A13_sample_20.pdb,1.3368282751074592,75.66,0.5483870967741935,0.2338709677419354,0.2177419354838709,R2x3_BP1_A13,Rossman ⍺/β
R2x3_BP1_A14,0.7472876021891023,./esmf_re48/R2x3_BP1_A14_sample_26.pdb,2.578559337599708,63.26,0.5564516129032258,0.1370967741935483,0.3064516129032258,R2x3_BP1_A14,Rossman ⍺/β
R2x3_BP1_A15,0.8362604996187911,./esmf_re48/R2x3_BP1_A15_sample_27.pdb,1.7583361548086385,60.75,0.5483870967741935,0.2096774193548387,0.2419354838709677,R2x3_BP1_A15,Rossman ⍺/β
R2x3_BP1_A16,0.7284533501549874,./esmf_re48/R2x3_BP1_A16_sample_28.pdb,2.6846802394017892,72.39,0.5403225806451613,0.2741935483870967,0.1854838709677419,R2x3_BP1_A16,Rossman ⍺/β
R2x3_BP1_A17,0.8013189872390708,./esmf_re48/R2x3_BP1_A17_sample_29.pdb,2.1847634718670643,65.08,0.532258064516129,0.2177419354838709,0.25,R2x3_BP1_A17,Rossman ⍺/β
R2x3_BP1_A18,0.7948107138542027,./esmf_re48/R2x3_BP1_A18_sample_30.pdb,2.1472966596324756,67.75,0.5483870967741935,0.2580645161290322,0.1935483870967742,R2x3_BP1_A18,Rossman ⍺/β
R2x3_BP1_B1,0.7617496150582186,./esmf_re48/R2x3_BP1_B1_sample_39.pdb,2.933285473226612,66.23,0.5403225806451613,0.2419354838709677,0.2177419354838709,R2x3_BP1_B1,Rossman ⍺/β
R2x3_BP1_B2,0.7439700599148369,./esmf_re48/R2x3_BP1_B2_sample_43.pdb,2.8840696761695876,70.28,0.5403225806451613,0.2016129032258064,0.2580645161290322,R2x3_BP1_B2,Rossman ⍺/β
R2x3_BP1_B3,0.7334429596535889,./esmf_re48/R2x3_BP1_B3_sample_23.pdb,3.0835780009811375,64.39,0.5403225806451613,0.1854838709677419,0.2741935483870967,R2x3_BP1_B3,Rossman ⍺/β
R2x3_BP1_B4,0.7817013859967292,./esmf_re48/R2x3_BP1_B4_sample_45.pdb,2.2440847235178385,70.55,0.5403225806451613,0.2419354838709677,0.2177419354838709,R2x3_BP1_B4,Rossman ⍺/β
R2x3_BP1_B5,0.8012941287171166,./esmf_re48/R2x3_BP1_B5_sample_46.pdb,2.079272254634331,64.67,0.5564516129032258,0.1612903225806451,0.282258064516129,R2x3_BP1_B5,Rossman ⍺/β
R2x3_BP1_B6,0.8703275791216689,./esmf_re48/R2x3_BP1_B6_sample_2.pdb,1.5498844527521616,66.68,0.5564516129032258,0.2096774193548387,0.2338709677419354,R2x3_BP1_B6,Rossman ⍺/β
R2x3_BP1_B7,0.7903583858214405,./esmf_re48/R2x3_BP1_B7_sample_3.pdb,2.2182175065105274,66.93,0.5403225806451613,0.2096774193548387,0.25,R2x3_BP1_B7,Rossman ⍺/β
R2x3_BP1_B8,0.8558890826203976,./esmf_re48/R2x3_BP1_B8_sample_0.pdb,1.6225474536541369,64.71,0.532258064516129,0.2258064516129032,0.2419354838709677,R2x3_BP1_B8,Rossman ⍺/β
R2x3_BP1_B9,0.791479125080425,./esmf_re48/R2x3_BP1_B9_sample_1.pdb,2.102757870129084,67.35,0.532258064516129,0.2177419354838709,0.25,R2x3_BP1_B9,Rossman ⍺/β
R2x3_BP1_B10,0.8435316708601821,./esmf_re48/R2x3_BP1_B10_sample_40.pdb,1.7129760784163994,63.37,0.5564516129032258,0.2016129032258064,0.2419354838709677,R2x3_BP1_B10,Rossman ⍺/β
R2x3_BP1_B11,0.8143865449964599,./esmf_re48/R2x3_BP1_B11_sample_41.pdb,2.339973750558517,59.23,0.5403225806451613,0.1612903225806451,0.2983870967741935,R2x3_BP1_B11,Rossman ⍺/β
R2x3_BP1_B12,0.7631351335536481,./esmf_re48/R2x3_BP1_B12_sample_42.pdb,2.623298885687988,60.72,0.5403225806451613,0.2338709677419354,0.2258064516129032,R2x3_BP1_B12,Rossman ⍺/β
R2x3_BP1_B13,0.7561344960926224,./esmf_re48/R2x3_BP1_B13_sample_22.pdb,2.9222655186174795,66.81,0.5403225806451613,0.2096774193548387,0.25,R2x3_BP1_B13,Rossman ⍺/β
R2x3_BP2_1,0.8555866295945495,./esmf_re48/R2x3_BP2_1_sample_2.pdb,1.5901566273865548,76.72,0.5217391304347826,0.2260869565217391,0.2521739130434782,R2x3_BP2_1,Rossman ⍺/β
R2x3_BP2_2,0.9164536187984336,./esmf_re48/R2x3_BP2_2_sample_3.pdb,1.0748710415934617,80.2,0.5304347826086957,0.217391304347826,0.2521739130434782,R2x3_BP2_2,Rossman ⍺/β
R2x3_BP2_3,0.8741047678596349,./esmf_re48/R2x3_BP2_3_sample_4.pdb,1.4345556802397117,81.08,0.5391304347826087,0.217391304347826,0.2434782608695652,R2x3_BP2_3,Rossman ⍺/β
R2x3_BP2_4,0.9025797429183748,./esmf_re48/R2x3_BP2_4_sample_5.pdb,1.1926648085746554,84.1,0.5217391304347826,0.2,0.2782608695652174,R2x3_BP2_4,Rossman ⍺/β
R2x3_BP2_5,0.903637691332364,./esmf_re48/R2x3_BP2_5_sample_6.pdb,1.2108882587289669,79.7,0.5304347826086957,0.2,0.2695652173913043,R2x3_BP2_5,Rossman ⍺/β
R2x3_BP2_6,0.8948638944742549,./esmf_re48/R2x3_BP2_6_sample_7.pdb,1.2689268285159476,81.45,0.5130434782608696,0.2260869565217391,0.2608695652173913,R2x3_BP2_6,Rossman ⍺/β
R2x3_BP2_7,0.9265807774969544,./esmf_re48/R2x3_BP2_7_sample_8.pdb,1.0257636647405524,78.2,0.5043478260869565,0.2260869565217391,0.2695652173913043,R2x3_BP2_7,Rossman ⍺/β
R2x3_BP2_8,0.8439694967205481,./esmf_re48/R2x3_BP2_8_sample_9.pdb,1.7398612211771267,73.92,0.4869565217391304,0.2260869565217391,0.2869565217391304,R2x3_BP2_8,Rossman ⍺/β
R3x3_BP1_2,0.8915536413396399,./esmf_re48/R3x3_BP1_2_sample_14.pdb,1.512466060264118,69.67,0.5328947368421053,0.2236842105263158,0.2434210526315789,R3x3_BP1_2,Rossman ⍺/β
R3x3_BP1_3,0.8715079906238059,./esmf_re48/R3x3_BP1_3_sample_15.pdb,1.7076423364814592,74.44,0.5,0.2302631578947368,0.2697368421052631,R3x3_BP1_3,Rossman ⍺/β
R3x3_BP1_4,0.8575741331368,./esmf_re48/R3x3_BP1_4_sample_16.pdb,1.7840154786357727,73.47,0.5328947368421053,0.1973684210526315,0.2697368421052631,R3x3_BP1_4,Rossman ⍺/β
R3x3_BP1_5,0.8656297200049231,./esmf_re48/R3x3_BP1_5_sample_17.pdb,1.755452847904043,73.24,0.5197368421052632,0.2236842105263158,0.2565789473684211,R3x3_BP1_5,Rossman ⍺/β
R3x3_BP1_6,0.8523749459665703,./esmf_re48/R3x3_BP1_6_sample_18.pdb,1.851133313437348,69.81,0.506578947368421,0.2236842105263158,0.2697368421052631,R3x3_BP1_6,Rossman ⍺/β
R3x3_BP1_7,0.889757333389507,./esmf_re48/R3x3_BP1_7_sample_19.pdb,1.5397813576045338,70.56,0.5197368421052632,0.2236842105263158,0.2565789473684211,R3x3_BP1_7,Rossman ⍺/β
R3x3_BP1_8,0.8942567974591338,./esmf_re48/R3x3_BP1_8_sample_20.pdb,1.56230104729576,72.43,0.5263157894736842,0.2434210526315789,0.2302631578947368,R3x3_BP1_8,Rossman ⍺/β
R3x3_BP1_9,0.8401493953796363,./esmf_re48/R3x3_BP1_9_sample_21.pdb,1.9595583145524127,74.54,0.5263157894736842,0.2434210526315789,0.2302631578947368,R3x3_BP1_9,Rossman ⍺/β
R3x3_BP1_10,0.9099943467106972,./esmf_re48/R3x3_BP1_10_sample_11.pdb,1.3725449133310557,76.75,0.5197368421052632,0.2368421052631578,0.2434210526315789,R3x3_BP1_10,Rossman ⍺/β
R3x3_BP1_11,0.8684349665743414,./esmf_re48/R3x3_BP1_11_sample_12.pdb,1.9902373539599747,68.96,0.5,0.2368421052631578,0.2631578947368421,R3x3_BP1_11,Rossman ⍺/β
R3x3_BP1_12,0.8724930318690232,./esmf_re48/R3x3_BP1_12_sample_13.pdb,1.7068819733500722,69.29,0.5197368421052632,0.2302631578947368,0.25,R3x3_BP1_12,Rossman ⍺/β
R3x3_BP2_1,0.8783478976010051,./esmf_re48/R3x3_BP2_1_sample_22.pdb,1.557938648555873,68.49,0.5205479452054794,0.2260273972602739,0.2534246575342466,R3x3_BP2_1,Rossman ⍺/β
R3x3_BP2_2,0.8473750500762137,./esmf_re48/R3x3_BP2_2_sample_29.pdb,1.8609974458345373,76.91,0.5205479452054794,0.2260273972602739,0.2534246575342466,R3x3_BP2_2,Rossman ⍺/β
R3x3_BP2_3,0.8784605794794589,./esmf_re48/R3x3_BP2_3_sample_30.pdb,1.5776093361096832,71.14,0.5,0.2260273972602739,0.273972602739726,R3x3_BP2_3,Rossman ⍺/β
R3x3_BP2_4,0.8532075458852507,./esmf_re48/R3x3_BP2_4_sample_31.pdb,1.768675008541504,69.51,0.5136986301369864,0.2397260273972602,0.2465753424657534,R3x3_BP2_4,Rossman ⍺/β
R3x3_BP2_5,0.9004220023709885,./esmf_re48/R3x3_BP2_5_sample_32.pdb,1.371034596513307,71.53,0.5273972602739726,0.2260273972602739,0.2465753424657534,R3x3_BP2_5,Rossman ⍺/β
R3x3_BP2_6,0.8729750374951573,./esmf_re48/R3x3_BP2_6_sample_33.pdb,1.5845979402592014,73.81,0.5205479452054794,0.2397260273972602,0.2397260273972602,R3x3_BP2_6,Rossman ⍺/β
R3x3_BP2_7,0.8456640868468027,./esmf_re48/R3x3_BP2_7_sample_34.pdb,1.8205409988963563,71.39,0.5342465753424658,0.2397260273972602,0.2260273972602739,R3x3_BP2_7,Rossman ⍺/β
R3x3_BP2_8,0.8977035085139821,./esmf_re48/R3x3_BP2_8_sample_35.pdb,1.413050343954102,71.32,0.5273972602739726,0.2123287671232876,0.2602739726027397,R3x3_BP2_8,Rossman ⍺/β
R3x3_BP2_9,0.8658156163466139,./esmf_re48/R3x3_BP2_9_sample_36.pdb,1.7001032605964297,75.19,0.5205479452054794,0.2260273972602739,0.2534246575342466,R3x3_BP2_9,Rossman ⍺/β
R3x3_BP2_10,0.865938021328594,./esmf_re48/R3x3_BP2_10_sample_23.pdb,1.6841398518971256,71.96,0.5068493150684932,0.2397260273972602,0.2534246575342466,R3x3_BP2_10,Rossman ⍺/β
R3x3_BP2_11,0.8860206230780762,./esmf_re48/R3x3_BP2_11_sample_24.pdb,1.5360390231123526,67.29,0.5342465753424658,0.2123287671232876,0.2534246575342466,R3x3_BP2_11,Rossman ⍺/β
R3x3_BP2_12,0.8649167726081916,./esmf_re48/R3x3_BP2_12_sample_25.pdb,1.6565065826086622,73.48,0.5205479452054794,0.2397260273972602,0.2397260273972602,R3x3_BP2_12,Rossman ⍺/β
R3x3_BP2_13,0.8562605629469688,./esmf_re48/R3x3_BP2_13_sample_2.pdb,1.7479070261825465,66.49,0.5205479452054794,0.1917808219178082,0.2876712328767123,R3x3_BP2_13,Rossman ⍺/β
R3x3_BP2_14,0.8571528521637508,./esmf_re48/R3x3_BP2_14_sample_26.pdb,1.7423847151509888,76.46,0.4931506849315068,0.2397260273972602,0.2671232876712329,R3x3_BP2_14,Rossman ⍺/β
R3x3_BP2_15,0.8874511127850946,./esmf_re48/R3x3_BP2_15_sample_27.pdb,1.4892845609131484,71.03,0.5342465753424658,0.1986301369863013,0.2671232876712329,R3x3_BP2_15,Rossman ⍺/β
R3x3_BP2_16,0.8328525542816522,./esmf_re48/R3x3_BP2_16_sample_28.pdb,2.2242403062886926,75.32,0.5205479452054794,0.2191780821917808,0.2602739726027397,R3x3_BP2_16,Rossman ⍺/β
R3x3_BP3_1,0.908117769293282,./esmf_re48/R3x3_BP3_1_sample_37.pdb,1.255171075184935,65.47,0.5,0.2109375,0.2890625,R3x3_BP3_1,Rossman ⍺/β
R3x3_BP3_2,0.8505800441946859,./esmf_re48/R3x3_BP3_2_sample_39.pdb,1.7525863038202758,73.39,0.5,0.1953125,0.3046875,R3x3_BP3_2,Rossman ⍺/β
R3x3_BP3_3,0.960809499291844,./esmf_re48/R3x3_BP3_3_sample_40.pdb,0.7541799056880227,78.14,0.53125,0.203125,0.265625,R3x3_BP3_3,Rossman ⍺/β
R3x3_BP3_4,0.9423001564408376,./esmf_re48/R3x3_BP3_4_sample_41.pdb,0.9469721206096164,79.03,0.5,0.2109375,0.2890625,R3x3_BP3_4,Rossman ⍺/β
R3x3_BP3_5,0.9379843881123536,./esmf_re48/R3x3_BP3_5_sample_42.pdb,1.0127793923193666,75.78,0.53125,0.203125,0.265625,R3x3_BP3_5,Rossman ⍺/β
R3x3_BP3_6,0.7174033558381685,./esmf_re48/R3x3_BP3_6_sample_43.pdb,2.9156715792763848,55.94,0.4921875,0.1796875,0.328125,R3x3_BP3_6,Rossman ⍺/β
R3x3_BP3_7,0.9444718888480494,./esmf_re48/R3x3_BP3_7_sample_44.pdb,0.8987870632355708,71.82,0.5078125,0.2109375,0.28125,R3x3_BP3_7,Rossman ⍺/β
R3x3_BP3_8,0.932052679874459,./esmf_re48/R3x3_BP3_8_sample_45.pdb,1.1710215640623416,75.62,0.4765625,0.1953125,0.328125,R3x3_BP3_8,Rossman ⍺/β
R3x3_BP3_9,0.7136894635359065,./esmf_re48/R3x3_BP3_9_sample_46.pdb,4.866228024717422,60.87,0.5,0.1796875,0.3203125,R3x3_BP3_9,Rossman ⍺/β
R3x3_BP3_10,0.8540190870409766,./esmf_re48/R3x3_BP3_10_sample_38.pdb,1.794620481966713,77.33,0.5,0.203125,0.296875,R3x3_BP3_10,Rossman ⍺/β
NF1-01,0.8980048700942277,./esmf_re48/NF1-01_sample_1.pdb,1.1909161631189422,74.51,0.5145631067961165,0.2233009708737864,0.2621359223300971,NF1-01,novel ⍺/β
NF1-02,0.8774619346669201,./esmf_re48/NF1-02_sample_0.pdb,1.3084960607668497,78.49,0.5,0.2254901960784313,0.2745098039215686,NF1-02,novel ⍺/β
NF1-03,0.9069430462681856,./esmf_re48/NF1-03_sample_11.pdb,1.0986540882408105,78.2,0.5196078431372549,0.2254901960784313,0.2549019607843137,NF1-03,novel ⍺/β
NF1-04,0.8930986339289082,./esmf_re48/NF1-04_sample_2.pdb,1.2144762315746165,78.3,0.5294117647058824,0.2254901960784313,0.2450980392156862,NF1-04,novel ⍺/β
NF1-05,0.9089408563932416,./esmf_re48/NF1-05_sample_3.pdb,1.107721335328024,79.44,0.5098039215686274,0.2156862745098039,0.2745098039215686,NF1-05,novel ⍺/β
NF1-06,0.8652152723949764,./esmf_re48/NF1-06_sample_4.pdb,1.3942329274193903,72.68,0.5196078431372549,0.0980392156862745,0.3823529411764705,NF1-06,novel ⍺/β
NF1-07,0.9459039477277256,./esmf_re48/NF1-07_sample_5.pdb,0.8229266581897178,82.04,0.5,0.2254901960784313,0.2745098039215686,NF1-07,novel ⍺/β
NF1-08,0.9117221795349306,./esmf_re48/NF1-08_sample_6.pdb,1.0515164910910528,83.09,0.5294117647058824,0.2254901960784313,0.2450980392156862,NF1-08,novel ⍺/β
NF1-09,0.916117242247546,./esmf_re48/NF1-09_sample_7.pdb,1.035165800066851,82.63,0.5,0.2254901960784313,0.2745098039215686,NF1-09,novel ⍺/β
NF1-10,0.9493913579826848,./esmf_re48/NF1-10_sample_8.pdb,0.7869826310753957,83.47,0.5196078431372549,0.2254901960784313,0.2549019607843137,NF1-10,novel ⍺/β
NF1-11,0.955293567335085,./esmf_re48/NF1-11_sample_9.pdb,0.7093756557569526,80.59,0.5196078431372549,0.2254901960784313,0.2549019607843137,NF1-11,novel ⍺/β
NF1-12,0.9395661504223988,./esmf_re48/NF1-12_sample_10.pdb,0.8542567563412103,81.34,0.5196078431372549,0.2254901960784313,0.2549019607843137,NF1-12,novel ⍺/β
NF1-13,0.8779190316068962,./esmf_re48/NF1-13_sample_12.pdb,1.358316851827369,83.14,0.5098039215686274,0.2254901960784313,0.2647058823529412,NF1-13,novel ⍺/β
NF1-14,0.4758545265225312,./esmf_re48/NF1-14_sample_12.pdb,9.993172553094444,60.33,0.5,0.1470588235294117,0.3529411764705882,NF1-14,novel ⍺/β
NF1-15,0.9277847713614312,./esmf_re48/NF1-15_sample_13.pdb,0.9665408858036908,77.33,0.5098039215686274,0.2254901960784313,0.2647058823529412,NF1-15,novel ⍺/β
NF1-16,0.8918216018634921,./esmf_re48/NF1-16_sample_14.pdb,1.18269616808459,79.9,0.5294117647058824,0.2352941176470588,0.2352941176470588,NF1-16,novel ⍺/β
NF2-01,0.8846240114204894,./esmf_re48/NF2-01_sample_15.pdb,0.9673930807743332,80.89,0.3970588235294117,0.3088235294117647,0.2941176470588235,NF2-01,novel ⍺/β
NF2-02,0.8962136126852647,./esmf_re48/NF2-02_sample_16.pdb,0.9457228611350204,81.29,0.3970588235294117,0.3235294117647059,0.2794117647058823,NF2-02,novel ⍺/β
NF2-03,0.7898947193526151,./esmf_re48/NF2-03_sample_13.pdb,2.1283273894411803,79.41,0.3970588235294117,0.3235294117647059,0.2794117647058823,NF2-03,novel ⍺/β
NF2-04,0.8071224579006316,./esmf_re48/NF2-04_sample_18.pdb,1.4110474016528192,67.75,0.3970588235294117,0.3088235294117647,0.2941176470588235,NF2-04,novel ⍺/β
NF3-01,0.9191204542225492,./esmf_re48/NF3-01_sample_19.pdb,1.0133337125428703,71.57,0.57,0.21,0.22,NF3-01,novel ⍺/β
NF3-02,0.9540623980354888,./esmf_re48/NF3-02_sample_20.pdb,0.7490157854512638,83.24,0.57,0.2,0.23,NF3-02,novel ⍺/β
NF3-03,0.9376606952602056,./esmf_re48/NF3-03_sample_14.pdb,0.903099582888556,83.62,0.56,0.22,0.22,NF3-03,novel ⍺/β
NF3-04,0.8803360575255667,./esmf_re48/NF3-04_sample_22.pdb,1.2375609480398568,76.73,0.56,0.21,0.23,NF3-04,novel ⍺/β
NF4-01,0.8678930300911429,./esmf_re48/NF4-01_sample_23.pdb,1.4977128838303329,77.44,0.4956521739130435,0.2347826086956521,0.2695652173913043,NF4-01,novel ⍺/β
NF4-02,0.8372205482484361,./esmf_re48/NF4-02_sample_24.pdb,1.6664834840788785,76.96,0.5391304347826087,0.2260869565217391,0.2347826086956521,NF4-02,novel ⍺/β
NF4-03,0.8924790088927547,./esmf_re48/NF4-03_sample_15.pdb,1.2860503371770482,81.16,0.5391304347826087,0.2260869565217391,0.2347826086956521,NF4-03,novel ⍺/β
NF4-04,0.8857832483883458,./esmf_re48/NF4-04_sample_26.pdb,1.3760158068868815,77.53,0.5391304347826087,0.2260869565217391,0.2347826086956521,NF4-04,novel ⍺/β
NF4-05,0.8806621546115446,./esmf_re48/NF4-05_sample_27.pdb,1.409901546443855,79.41,0.5217391304347826,0.2260869565217391,0.2521739130434782,NF4-05,novel ⍺/β
NF4-06,0.8642929450448316,./esmf_re48/NF4-06_sample_28.pdb,1.5835446027235982,81.22,0.5391304347826087,0.2260869565217391,0.2347826086956521,NF4-06,novel ⍺/β
NF5-01,0.4343135183493127,./esmf_re48/NF5-01_sample_29.pdb,10.410676778957576,53.94,0.504950495049505,0.1881188118811881,0.3069306930693069,NF5-01,novel ⍺/β
NF5-02,0.8707871238204303,./esmf_re48/NF5-02_sample_30.pdb,1.4012393153457017,62.64,0.4752475247524752,0.2178217821782178,0.3069306930693069,NF5-02,novel ⍺/β
NF5-03,0.8810171468825796,./esmf_re48/NF5-03_sample_16.pdb,1.294570927440074,81.4,0.5247524752475248,0.2079207920792079,0.2673267326732673,NF5-03,novel ⍺/β
NF5-04,0.8989675480232723,./esmf_re48/NF5-04_sample_32.pdb,1.1577027362634138,77.3,0.5148514851485149,0.2178217821782178,0.2673267326732673,NF5-04,novel ⍺/β
NF5-05,0.8912136910234125,./esmf_re48/NF5-05_sample_33.pdb,1.2124395942894926,60.61,0.5148514851485149,0.2178217821782178,0.2673267326732673,NF5-05,novel ⍺/β
NF5-06,0.8476736540928911,./esmf_re48/NF5-06_sample_34.pdb,1.5270579164927545,83.29,0.5148514851485149,0.198019801980198,0.2871287128712871,NF5-06,novel ⍺/β
NF6-01,0.8630887613148329,./esmf_re48/NF6-01_sample_35.pdb,1.3948982385952569,79.43,0.5102040816326531,0.2244897959183673,0.2653061224489796,NF6-01,novel ⍺/β
NF6-02,0.8701556804999987,./esmf_re48/NF6-02_sample_36.pdb,1.3998991475161744,80.86,0.5102040816326531,0.2142857142857142,0.2755102040816326,NF6-02,novel ⍺/β
NF6-03,0.9366595075740096,./esmf_re48/NF6-03_sample_17.pdb,0.8685566204424672,68.56,0.4795918367346938,0.2244897959183673,0.2959183673469387,NF6-03,novel ⍺/β
NF6-04,0.869543582295628,./esmf_re48/NF6-04_sample_38.pdb,1.4007953169887466,82.5,0.5,0.2142857142857142,0.2857142857142857,NF6-04,novel ⍺/β
NF6-05,0.9335906635652732,./esmf_re48/NF6-05_sample_39.pdb,0.8838852221804169,73.23,0.4897959183673469,0.2142857142857142,0.2959183673469387,NF6-05,novel ⍺/β
NF6-06,0.935857997453108,./esmf_re48/NF6-06_sample_40.pdb,0.8512190940605023,75.9,0.5102040816326531,0.2244897959183673,0.2653061224489796,NF6-06,novel ⍺/β
NF7-01,0.7620014079988415,./esmf_re48/NF7-01_sample_41.pdb,2.2607979011159536,68.41,0.4913793103448275,0.2155172413793103,0.293103448275862,NF7-01,novel ⍺/β
NF7-02,0.7803502863895944,./esmf_re48/NF7-02_sample_42.pdb,2.125723846999518,75.15,0.4913793103448275,0.2155172413793103,0.293103448275862,NF7-02,novel ⍺/β
NF7-03,0.7056142022862962,./esmf_re48/NF7-03_sample_18.pdb,2.702902499526495,63.0,0.5086206896551724,0.1982758620689655,0.293103448275862,NF7-03,novel ⍺/β
NF7-04,0.7522300160267412,./esmf_re48/NF7-04_sample_44.pdb,2.3419541103049895,73.6,0.5,0.2155172413793103,0.2844827586206896,NF7-04,novel ⍺/β
NF7-05,0.7874178852005818,./esmf_re48/NF7-05_sample_45.pdb,2.0550983515720893,63.31,0.5431034482758621,0.2155172413793103,0.2413793103448276,NF7-05,novel ⍺/β
NF7-06,0.7525404375889139,./esmf_re48/NF7-06_sample_46.pdb,2.407912890087889,67.97,0.4913793103448275,0.1896551724137931,0.3189655172413793,NF7-06,novel ⍺/β
NF8-01,0.9158366651197036,./esmf_re48/NF8-01_sample_47.pdb,0.9771762563965496,71.84,0.4375,0.225,0.3375,NF8-01,novel ⍺/β
NF8-02,0.9196425655571344,./esmf_re48/NF8-02_sample_48.pdb,0.8811785187846987,79.69,0.4375,0.325,0.2375,NF8-02,novel ⍺/β
NF8-03,0.9147797483259852,./esmf_re48/NF8-03_sample_19.pdb,0.9134642009960944,81.68,0.4375,0.3,0.2625,NF8-03,novel ⍺/β
NF8-04,0.8704810816564584,./esmf_re48/NF8-04_sample_1.pdb,1.1811826833690964,84.08,0.4375,0.3,0.2625,NF8-04,novel ⍺/β
NF8-05,0.8878521131614724,./esmf_re48/NF8-05_sample_2.pdb,1.0774257743928504,80.58,0.4375,0.325,0.2375,NF8-05,novel ⍺/β
NF8-06,0.864891343429124,./esmf_re48/NF8-06_sample_3.pdb,1.2155648512716477,85.87,0.4375,0.3,0.2625,NF8-06,novel ⍺/β
NF8-07,0.8427559753789104,./esmf_re48/NF8-07_sample_4.pdb,1.3466732308504614,84.96,0.475,0.3,0.225,NF8-07,novel ⍺/β
NF8-08,0.8396183130506271,./esmf_re48/NF8-08_sample_5.pdb,1.4024698651600227,83.21,0.4625,0.325,0.2125,NF8-08,novel ⍺/β
NF8-09,0.8421893347098923,./esmf_re48/NF8-09_sample_6.pdb,1.3591068472057302,84.77,0.4625,0.325,0.2125,NF8-09,novel ⍺/β
NF8-10,0.5126521445469115,./esmf_re48/NF8-10_sample_7.pdb,8.344509735778276,51.94,0.4625,0.2125,0.325,NF8-10,novel ⍺/β
NF8-11,0.6707589138337603,./esmf_re48/NF8-11_sample_8.pdb,6.905282190668015,76.71,0.325,0.3125,0.3625,NF8-11,novel ⍺/β
NF8-12,0.8539139601586826,./esmf_re48/NF8-12_sample_9.pdb,1.2577261951119725,83.94,0.4625,0.3,0.2375,NF8-12,novel ⍺/β
H5_fold-0-Ana,0.7921735531154374,./esmf_re48/H5_fold-0-Ana_sample_2.pdb,1.810616625267068,79.55,0.8351648351648352,0.0,0.1648351648351648,H5_fold-0-Ana,complex ⍺
H5_fold-0-Bill,0.8560092248950748,./esmf_re48/H5_fold-0-Bill_sample_19.pdb,1.3660128628971455,81.91,0.8351648351648352,0.0,0.1648351648351648,H5_fold-0-Bill,complex ⍺
H5_fold-0-Chantal,0.9328722073272232,./esmf_re48/H5_fold-0-Chantal_sample_20.pdb,0.870693794988923,85.9,0.8461538461538461,0.0,0.1538461538461538,H5_fold-0-Chantal,complex ⍺
H5_fold-0-Chris,0.9191640997594882,./esmf_re48/H5_fold-0-Chris_sample_21.pdb,0.9472614326454056,82.4,0.8351648351648352,0.0,0.1648351648351648,H5_fold-0-Chris,complex ⍺
H5_fold-0-Danny,0.9204447728446,./esmf_re48/H5_fold-0-Danny_sample_22.pdb,0.9369374525854568,84.39,0.8351648351648352,0.0,0.1648351648351648,H5_fold-0-Danny,complex ⍺
H5_fold-0-Elsa,0.7354899590383729,./esmf_re48/H5_fold-0-Elsa_sample_3.pdb,6.63940625909613,79.26,0.8351648351648352,0.0,0.1648351648351648,H5_fold-0-Elsa,complex ⍺
H5_fold-0-Fay,0.9358543875230936,./esmf_re48/H5_fold-0-Fay_sample_0.pdb,0.8253661344375856,83.36,0.8461538461538461,0.0,0.1538461538461538,H5_fold-0-Fay,complex ⍺
H5_fold-0-Flanklin,0.9088562739935302,./esmf_re48/H5_fold-0-Flanklin_sample_1.pdb,1.0414708931356504,82.39,0.8351648351648352,0.0,0.1648351648351648,H5_fold-0-Flanklin,complex ⍺
H5_fold-0-Hermine,0.8608872749210597,./esmf_re48/H5_fold-0-Hermine_sample_2.pdb,1.323343474493966,82.13,0.8351648351648352,0.0,0.1648351648351648,H5_fold-0-Hermine,complex ⍺
H5_fold-0-Larry,0.8814714264196427,./esmf_re48/H5_fold-0-Larry_sample_3.pdb,1.2147779665030785,85.86,0.8351648351648352,0.0,0.1648351648351648,H5_fold-0-Larry,complex ⍺
H6_fold-C-Cyrus,0.8617171122932852,./esmf_re48/H6_fold-C-Cyrus_sample_4.pdb,1.5226182191462176,85.34,0.8407079646017699,0.0,0.1592920353982301,H6_fold-C-Cyrus,complex ⍺
H6_fold-C-Dan,0.8966072507305053,./esmf_re48/H6_fold-C-Dan_sample_5.pdb,1.2638426267106586,85.27,0.8584070796460177,0.0,0.1415929203539823,H6_fold-C-Dan,complex ⍺
H6_fold-C-Max,0.8789853372113386,./esmf_re48/H6_fold-C-Max_sample_6.pdb,1.394124184123775,85.3,0.8495575221238938,0.0,0.1504424778761062,H6_fold-C-Max,complex ⍺
H6_fold-C-Melvin,0.8539676156930277,./esmf_re48/H6_fold-C-Melvin_sample_7.pdb,1.5789749613075632,81.77,0.8584070796460177,0.0,0.1415929203539823,H6_fold-C-Melvin,complex ⍺
H6_fold-C-Moca,0.8986061365610387,./esmf_re48/H6_fold-C-Moca_sample_4.pdb,1.2548531287498428,85.85,0.8584070796460177,0.0,0.1415929203539823,H6_fold-C-Moca,complex ⍺
H6_fold-C-Paul,0.9030568660911809,./esmf_re48/H6_fold-C-Paul_sample_9.pdb,1.1885181088516557,83.07,0.8495575221238938,0.0,0.1504424778761062,H6_fold-C-Paul,complex ⍺
H6_fold-C-Rei,0.9412122767142316,./esmf_re48/H6_fold-C-Rei_sample_10.pdb,0.8815085161185229,82.42,0.8672566371681416,0.0,0.1327433628318584,H6_fold-C-Rei,complex ⍺
H6_fold-Z-Gogy,0.9165820077859111,./esmf_re48/H6_fold-Z-Gogy_sample_19.pdb,1.1479769297963445,83.81,0.860655737704918,0.0,0.1393442622950819,H6_fold-Z-Gogy,complex ⍺
H6_fold-Z-Hoto,0.844623162425455,./esmf_re48/H6_fold-Z-Hoto_sample_20.pdb,1.679745546822057,84.17,0.8524590163934426,0.0,0.1475409836065573,H6_fold-Z-Hoto,complex ⍺
H6_fold-Z-Kome,0.8497736174858668,./esmf_re48/H6_fold-Z-Kome_sample_21.pdb,1.956760497740516,84.38,0.8688524590163934,0.0,0.1311475409836065,H6_fold-Z-Kome,complex ⍺
H6_fold-Z-Nazu,0.8464917443116985,./esmf_re48/H6_fold-Z-Nazu_sample_22.pdb,1.6521667722065103,80.66,0.860655737704918,0.0,0.1393442622950819,H6_fold-Z-Nazu,complex ⍺
H6_fold-Z-Seri,0.86161487043764,./esmf_re48/H6_fold-Z-Seri_sample_23.pdb,1.6008228459412437,82.75,0.860655737704918,0.0,0.1393442622950819,H6_fold-Z-Seri,complex ⍺
H6_fold-Z-Siro,0.8997126401332743,./esmf_re48/H6_fold-Z-Siro_sample_2.pdb,1.2595949294644828,85.01,0.8524590163934426,0.0,0.1475409836065573,H6_fold-Z-Siro,complex ⍺
H6_fold-Z-Suzu,0.863373053280758,./esmf_re48/H6_fold-Z-Suzu_sample_0.pdb,1.5447217042077033,87.97,0.8524590163934426,0.0,0.1475409836065573,H6_fold-Z-Suzu,complex ⍺
H6_fold-U-Cacyd,0.9212754823543776,./esmf_re48/H6_fold-U-Cacyd_sample_11.pdb,1.0773387124571916,86.25,0.8771929824561403,0.0,0.1228070175438596,H6_fold-U-Cacyd,complex ⍺
H6_fold-U-Hatake,0.8906195151940361,./esmf_re48/H6_fold-U-Hatake_sample_12.pdb,1.3193429579673188,85.41,0.8596491228070176,0.0,0.1403508771929824,H6_fold-U-Hatake,complex ⍺
H6_fold-U-Kazi,0.90210369210086,./esmf_re48/H6_fold-U-Kazi_sample_13.pdb,1.2072444547719343,80.46,0.8508771929824561,0.0,0.1491228070175438,H6_fold-U-Kazi,complex ⍺
H6_fold-U-Morit,0.9030830998306868,./esmf_re48/H6_fold-U-Morit_sample_14.pdb,1.2208676515466843,82.43,0.8771929824561403,0.0,0.1228070175438596,H6_fold-U-Morit,complex ⍺
H6_fold-U-Nomur,0.9627217871242,./esmf_re48/H6_fold-U-Nomur_sample_15.pdb,0.6495622651934361,85.11,0.8596491228070176,0.0,0.1403508771929824,H6_fold-U-Nomur,complex ⍺
H6_fold-U-Sait,0.9348455424279372,./esmf_re48/H6_fold-U-Sait_sample_16.pdb,0.9592717890337912,86.05,0.8596491228070176,0.0,0.1403508771929824,H6_fold-U-Sait,complex ⍺
H6_fold-U-Sho,0.9104372355373382,./esmf_re48/H6_fold-U-Sho_sample_17.pdb,1.1344979991099062,83.91,0.8596491228070176,0.0,0.1403508771929824,H6_fold-U-Sho,complex ⍺
H6_fold-U-Takin,0.908679559550105,./esmf_re48/H6_fold-U-Takin_sample_18.pdb,1.171775724803754,82.7,0.8596491228070176,0.0,0.1403508771929824,H6_fold-U-Takin,complex ⍺
H7_fold-K-Chario,0.899824407444839,./esmf_re48/H7_fold-K-Chario_sample_1.pdb,1.3053542175703554,83.1,0.8527131782945736,0.0,0.1472868217054263,H7_fold-K-Chario,complex ⍺
H7_fold-K-Dark,0.9033643762238482,./esmf_re48/H7_fold-K-Dark_sample_2.pdb,1.2786379900806402,85.66,0.8372093023255814,0.0,0.1627906976744186,H7_fold-K-Dark,complex ⍺
H7_fold-K-Jazzbird,0.8680571312864951,./esmf_re48/H7_fold-K-Jazzbird_sample_3.pdb,1.5680112168648908,87.09,0.8604651162790697,0.0,0.1395348837209302,H7_fold-K-Jazzbird,complex ⍺
H7_fold-K-Mussoc,0.8488314003520646,./esmf_re48/H7_fold-K-Mussoc_sample_4.pdb,2.163624602701944,83.85,0.8294573643410853,0.0,0.1705426356589147,H7_fold-K-Mussoc,complex ⍺
H7_fold-K-NewWave,0.9093813435608464,./esmf_re48/H7_fold-K-NewWave_sample_5.pdb,1.2497053279398416,85.02,0.8615384615384616,0.0,0.1384615384615384,H7_fold-K-NewWave,complex ⍺
H7_fold-K-R3,0.9423980299494644,./esmf_re48/H7_fold-K-R3_sample_5.pdb,0.9483923179932,86.23,0.8372093023255814,0.0,0.1627906976744186,H7_fold-K-R3,complex ⍺
H7_fold-K-Rush,0.8981974319896904,./esmf_re48/H7_fold-K-Rush_sample_7.pdb,1.3347663746323408,86.6,0.8449612403100775,0.0,0.1550387596899224,H7_fold-K-Rush,complex ⍺
H7_fold-K-Third,0.9140670190775048,./esmf_re48/H7_fold-K-Third_sample_8.pdb,1.2405823646833516,86.38,0.8449612403100775,0.0,0.1550387596899224,H7_fold-K-Third,complex ⍺
