pdb_id,sample,best_plddt,random_plddt,delta_plddt_to_best_model
1a12,pMPNN,69.42827930174563,68.66897755610974,-0.759301745635895
1a5t,pMPNN,89.99444444444444,88.97009661835747,-1.0243478260869665
1adz,pMPNN,64.53450704225354,64.03492957746481,-0.4995774647887288
1agg,pMPNN,75.75979166666667,72.843125,-2.9166666666666714
1ako,pMPNN,62.570783582089554,34.818582089552244,-37.75220149253731
1aor,pMPNN,47.08665822784811,45.71455696202532,-1.372101265822792
1aqz,pMPNN,51.27073825503356,38.06442953020134,-23.20630872483222
1au1,pMPNN,89.07807228915662,87.70349397590361,-1.3745783132530107
1azs,pMPNN,74.71778947368422,62.18431578947368,-22.53347368421054
1b63,pMPNN,63.20689814814814,45.71606481481482,-27.49083333333332
1b9w,pMPNN,83.99644444444445,79.43133333333334,-4.565111111111108
1bg1,pMPNN,88.80758064516128,87.97478494623655,-0.8327956989247269
1bg8,pMPNN,92.29934210526316,89.85460526315791,-2.4447368421052573
1boo,pMPNN,51.7801875,43.50184375,-8.278343749999998
1bvp,pMPNN,67.03608333333334,50.63408333333333,-26.402000000000008
1ca4,pMPNN,67.09328947368421,60.13875,-6.954539473684207
1cf7,pMPNN,89.58626865671641,77.19074626865671,-22.395522388059703
1cix,pMPNN,82.3240909090909,78.87659090909091,-3.447499999999991
1cjx,pMPNN,54.974266666666665,39.47126666666667,-25.502999999999993
1cke,pMPNN,71.57817777777778,61.47555555555556,-10.102622222222223
1d5k,pMPNN,85.78988764044944,75.64101123595506,-10.148876404494374
1dmg,pMPNN,56.3084,52.26075555555555,-4.047644444444451
1dvo,pMPNN,83.51407894736843,83.16618421052631,-0.3478947368421217
1edq,pMPNN,79.19990825688072,68.91357798165137,-10.286330275229346
1edz,pMPNN,81.42052631578947,70.21192982456141,-11.208596491228064
1efp,pMPNN,61.33016393442623,37.173497267759565,-34.156666666666666
1erd,pMPNN,84.80175,72.66225,-22.139499999999998
1evs,pMPNN,81.58521739130435,59.130108695652176,-32.45510869565218
1ewf,pMPNN,59.01937238493724,43.99284518828452,-25.026527196652722
1ext,pMPNN,82.51813559322034,63.34101694915255,-29.17711864406779
1f20,pMPNN,42.18170370370371,38.17625925925926,-4.00544444444445
1f2q,pMPNN,81.09975609756098,80.85195121951217,-0.2478048780488109
1f3u,pMPNN,60.17986577181208,43.102751677852346,-27.077114093959736
1f5n,pMPNN,89.19053333333333,82.44983333333333,-6.740700000000004
1f86,pMPNN,92.95991304347824,91.21800000000002,-1.7419130434782204
1f9y,pMPNN,79.75816455696202,78.26746835443038,-1.4906962025316375
1fho,pMPNN,76.2155462184874,70.31983193277313,-5.895714285714277
1fjg,pMPNN,78.32562499999999,51.9273076923077,-36.39831730769229
1fm0,pMPNN,93.89283950617283,92.53925925925928,-1.3535802469135518
1fnn,pMPNN,90.188125,87.30821428571429,-2.879910714285714
1fo5,pMPNN,70.95400000000001,69.63600000000001,-1.3179999999999978
1foe,pMPNN,83.33790123456791,77.94487654320987,-5.393024691358036
1fs1,pMPNN,82.7102985074627,82.17462686567163,-0.535671641791069
1fyh,pMPNN,84.0855263157895,79.34122807017545,-4.744298245614047
1gdo,pMPNN,64.65012605042017,39.06117647058824,-35.58894957983193
1gku,pMPNN,66.29342741935484,51.01592741935484,-25.277500000000003
1gmu,pMPNN,75.71671428571429,48.84228571428572,-36.87442857142857
1gwe,pMPNN,44.76759036144578,39.88112449799197,-4.886465863453807
1gxm,pMPNN,40.912074303405575,40.64219814241486,-0.2698761609907123
1hfe,pMPNN,76.04124999999999,71.9034090909091,-4.137840909090897
1how,pMPNN,40.44369127516778,35.26055369127517,-5.183137583892609
1hzf,pMPNN,67.17383435582822,47.70840490797546,-29.465429447852756
1inp,pMPNN,38.18995,29.5896,-8.600350000000002
1iq0,pMPNN,47.70672972972972,38.12327027027028,-9.58345945945944
1iq8,pMPNN,80.38532467532468,66.52012987012988,-23.865194805194804
1ir6,pMPNN,59.73316883116883,41.88361038961039,-27.849558441558443
1iuf,pMPNN,77.29466666666667,75.36413333333334,-1.9305333333333294
1ix9,pMPNN,88.84365217391303,87.7249565217391,-1.1186956521739262
1ixd,pMPNN,62.28000000000001,31.7589010989011,-40.52109890109891
1j6o,pMPNN,73.77910156249999,59.9435546875,-23.83554687499999
1j8u,pMPNN,50.1128664495114,37.97410423452769,-22.138762214983714
1je5,pMPNN,62.657512690355325,42.41319796954316,-30.244314720812163
1jfi,pMPNN,87.53155555555557,81.82392592592592,-5.7076296296296505
1jh3,pMPNN,57.58737373737373,41.9359595959596,-25.65141414141413
1jkg,pMPNN,89.04251798561151,58.068345323741006,-40.974172661870504
1jmr,pMPNN,89.46293333333334,76.68173333333334,-22.7812
1jnr,pMPNN,68.22255319148937,64.72425531914894,-3.49829787234043
1jos,pMPNN,89.8003,83.50030000000001,-6.299999999999983
1jta,pMPNN,63.977894736842096,49.35534626038781,-24.622548476454284
1jz8,pMPNN,48.42671232876712,47.68434931506849,-0.742363013698629
1k1g,pMPNN,76.21459016393443,67.97336065573771,-8.241229508196724
1k4t,pMPNN,97.57180555555554,96.96111111111112,-0.6106944444444196
1k5n,pMPNN,88.16694736842103,85.68052631578948,-2.486421052631556
1k61,pMPNN,88.86483333333332,84.93449999999999,-3.930333333333337
1k8k,pMPNN,74.4734501347709,45.07345013477089,-39.40000000000001
1k94,pMPNN,89.11927272727272,88.73599999999999,-0.38327272727272543
1kbe,pMPNN,77.06333333333333,47.07208333333333,-39.99125
1klo,pMPNN,68.59254901960784,42.71254901960785,-35.879999999999995
1ktg,pMPNN,77.44226277372263,69.48773722627737,-7.954525547445257
1kv9,pMPNN,78.87163461538464,63.967211538461534,-24.904423076923102
1kwg,pMPNN,50.8348730964467,43.511573604060914,-7.323299492385786
1ky9,pMPNN,69.45602272727272,66.47909090909091,-2.9769318181818107
1l5j,pMPNN,90.7055,90.6961875,-0.009312500000007162
1l9l,pMPNN,95.80770270270273,95.65702702702704,-0.15067567567568574
1lfw,pMPNN,72.05617346938774,70.38188775510204,-1.674285714285702
1llq,pMPNN,58.323945578231296,50.23091836734694,-8.093027210884358
1ltl,pMPNN,85.88062761506276,83.55430962343098,-2.3263179916317824
1lwh,pMPNN,50.60984654731458,34.861023017902816,-25.748823529411766
1ml4,pMPNN,81.50025477707007,67.59012738853504,-23.91012738853503
1mqv,pMPNN,89.03756097560976,88.02577235772357,-1.0117886178861966
1n13,pMPNN,76.04108695652174,75.57173913043479,-0.4693478260869455
1nh8,pMPNN,56.43895238095238,42.18257142857143,-24.25638095238095
1nui,pMPNN,79.14796296296296,68.99462962962963,-10.153333333333336
1o13,pMPNN,94.18411214953272,93.1829906542056,-1.0011214953271264
1od3,pMPNN,75.79557251908396,51.83954198473283,-33.95603053435113
1ok3,pMPNN,92.94758064516128,68.09096774193549,-34.856612903225795
1okc,pMPNN,63.558390410958914,55.62256849315069,-7.9358219178082265
1osn,pMPNN,44.18978851963746,39.53752265861026,-4.652265861027203
1p3d,pMPNN,91.76749999999998,86.68270833333334,-5.084791666666646
1p5s,pMPNN,84.77471698113207,40.673962264150944,-54.10075471698113
1pa7,pMPNN,75.04030769230769,68.82646153846153,-6.213846153846163
1paq,pMPNN,94.59813664596274,90.80509316770186,-3.793043478260884
1pd0,pMPNN,63.66063583815029,59.971329479768784,-3.6893063583815078
1pf5,pMPNN,83.56253846153847,70.25999999999999,-23.302538461538475
1pja,pMPNN,56.30328358208955,38.77347014925373,-27.529813432835816
1q0r,pMPNN,66.1081818181818,44.96127946127946,-31.146902356902345
1q90,pMPNN,97.38,96.23948717948718,-1.1405128205128108
1qqr,pMPNN,87.20739130434782,86.5918115942029,-0.6155797101449281
1qyp,pMPNN,84.69754716981133,80.50547169811323,-4.192075471698104
1r0r,pMPNN,66.54450980392156,56.78058823529412,-9.763921568627438
1r2z,pMPNN,86.69936170212766,84.75457446808511,-1.9447872340425505
1r4g,pMPNN,91.87528301886792,82.0822641509434,-9.793018867924516
1rhs,pMPNN,66.21610738255033,65.28315436241613,-0.9329530201342067
1rki,pMPNN,92.45397959183671,82.08285714285714,-10.371122448979577
1rp3,pMPNN,92.84350649350652,82.22883116883116,-10.61467532467536
1rqb,pMPNN,73.11404761904762,59.47029761904762,-23.643750000000004
1ryp,pMPNN,63.400373443983405,47.59568464730291,-25.804688796680495
1s14,pMPNN,61.51471204188482,44.13958115183246,-27.37513089005236
1s29,pMPNN,91.00202247191012,69.11359550561798,-31.888426966292144
1s68,pMPNN,54.95888412017167,46.30935622317597,-8.6495278969957
1sed,pMPNN,81.80767857142858,77.3150892857143,-4.492589285714288
1shu,pMPNN,88.86403314917126,88.14883977900554,-0.7151933701657214
1snn,pMPNN,65.87442922374429,51.60648401826484,-24.26794520547945
1spp,pMPNN,90.64223214285714,84.36160714285714,-6.280625000000001
1srk,pMPNN,88.73181818181817,87.61545454545454,-1.11636363636363
1sse,pMPNN,86.98257142857142,73.38171428571428,-23.600857142857137
1svi,pMPNN,82.12046153846154,60.0476923076923,-32.07276923076924
1sxj,pMPNN,95.82939393939397,95.5281818181818,-0.3012121212121599
1t1u,pMPNN,44.93442408376964,43.52301047120419,-1.411413612565454
1t7s,pMPNN,81.16387596899224,78.1753488372093,-2.988527131782945
1tpg,pMPNN,86.7248,63.06000000000001,-33.66479999999999
1tsj,pMPNN,67.7390977443609,66.20436090225564,-1.5347368421052607
1u3e,pMPNN,89.70409523809522,54.77647619047619,-44.92761904761903
1u3o,pMPNN,79.55880597014924,75.78805970149254,-3.770746268656694
1u69,pMPNN,65.31538461538462,58.51326923076923,-6.802115384615384
1u7b,pMPNN,83.29920634920637,49.90738095238096,-43.39182539682541
1u84,pMPNN,92.91234567901232,90.78049382716048,-2.1318518518518346
1ua7,pMPNN,39.78901162790698,33.114593023255814,-6.674418604651166
1ub1,pMPNN,52.90736000000001,47.3964,-5.510960000000011
1ufn,pMPNN,80.62197530864198,76.92358024691357,-3.698395061728405
1ujo,pMPNN,83.41732824427481,77.81961832061067,-5.597709923664141
1uoy,pMPNN,84.13374999999999,76.53921875,-7.594531249999989
1uuj,pMPNN,85.3367105263158,81.73710526315789,-3.599605263157912
1uv7,pMPNN,90.67825,89.17762499999999,-1.5006250000000136
1v1h,pMPNN,65.57783783783785,48.074864864864864,-27.502972972972984
1v74,pMPNN,91.65586206896552,85.87747126436781,-5.778390804597706
1v8p,pMPNN,95.29030303030302,88.8064393939394,-6.483863636363623
1vcf,pMPNN,50.31654838709678,31.56509677419355,-28.75145161290323
1vco,pMPNN,54.43652,48.40395999999999,-6.032560000000011
1vdc,pMPNN,77.5719696969697,61.269696969696966,-26.302272727272737
1vdr,pMPNN,66.93229299363057,62.055796178343954,-4.876496815286615
1vim,pMPNN,91.27653846153846,88.31917582417583,-2.9573626373626354
1vk3,pMPNN,82.24793939393939,77.2140606060606,-5.033878787878791
1vk8,pMPNN,86.19258064516127,70.08602150537635,-26.10655913978492
1vkz,pMPNN,58.46511627906977,53.530465116279046,-4.934651162790722
1w4x,pMPNN,53.49697872340426,31.972085106382973,-31.524893617021288
1w6k,pMPNN,53.96039426523298,43.00161290322581,-10.958781362007166
1w7o,pMPNN,54.59127118644068,48.53432203389831,-6.056949152542366
1wa3,pMPNN,82.07886138613861,37.793465346534646,-54.28539603960397
1wdv,pMPNN,81.74473333333333,50.3986,-41.34613333333333
1wfo,pMPNN,81.2511965811966,79.53598290598292,-1.7152136752136755
1wgl,pMPNN,91.34021739130436,87.43195652173912,-3.9082608695652397
1whq,pMPNN,90.69674418604652,89.29011627906978,-1.4066279069767376
1why,pMPNN,89.11095238095238,85.25428571428571,-3.856666666666669
1wju,pMPNN,88.87609195402298,87.54827586206896,-1.3278160919540198
1wv3,pMPNN,89.65628205128208,56.65807692307691,-42.998205128205164
1wvh,pMPNN,81.8409022556391,69.00954887218046,-22.831353383458634
1wyj,pMPNN,64.2161607142857,55.57544642857143,-8.640714285714274
1wz3,pMPNN,67.38714285714286,54.5117857142857,-22.875357142857162
1wzl,pMPNN,52.838900523560206,48.11052356020943,-4.728376963350776
1x4t,pMPNN,88.48886075949365,87.16582278481013,-1.3230379746835155
1x6h,pMPNN,88.46805555555555,87.08444444444444,-1.383611111111108
1xc2,pMPNN,87.57486842105264,48.48881578947368,-49.08605263157896
1xeq,pMPNN,89.63033707865168,83.17842696629215,-6.451910112359528
1xg9,pMPNN,83.53887096774191,75.48145161290323,-8.057419354838686
1xhb,pMPNN,42.38122137404581,30.606564885496184,-11.774656488549624
1xhs,pMPNN,55.59575221238938,55.32646017699115,-0.2692920353982302
1xoy,pMPNN,71.3819375,30.1714375,-51.21050000000001
1xq4,pMPNN,91.93252032520328,91.3170731707317,-0.6154471544715818
1xwm,pMPNN,93.56990566037736,91.79716981132076,-1.7727358490566019
1ybf,pMPNN,57.108983739837406,47.857601626016255,-9.251382113821151
1ybt,pMPNN,92.47640718562874,90.71149700598804,-1.764910179640708
1ybx,pMPNN,68.83285714285714,59.57054945054945,-9.262307692307687
1yf2,pMPNN,46.78126829268294,42.02258536585367,-4.758682926829266
1yht,pMPNN,60.94209302325582,60.173924418604656,-0.7681686046511658
1yjr,pMPNN,94.64166666666668,92.28527777777778,-2.356388888888901
1ynp,pMPNN,61.55915824915825,39.589865319865325,-31.969292929292926
1ytq,pMPNN,49.84673913043479,42.9004347826087,-6.946304347826093
1yvu,pMPNN,78.57655948553054,73.97003215434083,-4.60652733118971
1z2a,pMPNN,82.91158536585365,77.8844512195122,-5.027134146341453
1zbs,pMPNN,82.39818181818181,82.11772727272727,-0.2804545454545462
1zcb,pMPNN,93.84793650793652,92.1588888888889,-1.6890476190476278
1zch,pMPNN,53.25751004016064,47.60236947791165,-5.655140562248988
1zcz,pMPNN,65.57566878980893,47.16904458598727,-28.406624203821657
1zgm,pMPNN,83.80288590604027,77.5810067114094,-6.221879194630873
1zkd,pMPNN,50.64065753424656,40.87534246575343,-9.76531506849313
1zki,pMPNN,94.75293650793652,52.92904761904763,-51.823888888888895
1zyb,pMPNN,82.7374149659864,43.07156462585034,-49.66585034013606
2a0u,pMPNN,63.49486631016043,47.88847593582887,-25.60639037433156
2aeu,pMPNN,62.79106557377049,58.35565573770492,-4.435409836065567
2atz,pMPNN,55.83443181818182,52.93198863636364,-2.902443181818178
2b5g,pMPNN,74.99249999999999,70.79345238095239,-4.1990476190476045
2b5x,pMPNN,64.91153846153846,41.014895104895096,-33.89664335664336
2ba0,pMPNN,83.5980392156863,44.60039215686275,-48.997647058823546
2bc4,pMPNN,87.33201923076922,73.22875,-24.103269230769214
2bkm,pMPNN,83.78617187499998,80.95601562499999,-2.8301562499999875
2bnm,pMPNN,90.95486111111111,83.62805555555558,-7.326805555555538
2bo4,pMPNN,52.7586052631579,44.91542105263158,-7.843184210526317
2bog,pMPNN,54.18122377622377,51.55059440559441,-2.6306293706293573
2bop,pMPNN,90.72070588235296,87.08858823529411,-3.6321176470588483
2brf,pMPNN,86.6281188118812,84.43376237623762,-2.19435643564357
2bu9,pMPNN,40.41133738601823,33.76112462006079,-6.650212765957441
2cdq,pMPNN,81.08824175824175,75.51076923076924,-5.5774725274725085
2ckf,pMPNN,70.86052941176472,65.51635294117646,-5.344176470588252
2con,pMPNN,83.63060606060606,79.34787878787878,-4.282727272727271
2cs4,pMPNN,90.6658536585366,88.89756097560976,-1.768292682926841
2cu2,pMPNN,46.63977611940298,35.89798507462687,-10.741791044776114
2cz4,pMPNN,84.79515151515153,83.92545454545454,-0.8696969696969887
2daw,pMPNN,85.37936170212765,82.54659574468084,-2.83276595744681
2dc5,pMPNN,83.51,44.088452380952376,-49.42154761904763
2ddh,pMPNN,81.81375690607736,80.04839779005523,-1.7653591160221254
2dew,pMPNN,70.25082568807339,67.34330275229358,-2.9075229357798094
2dfk,pMPNN,84.43043209876544,72.04734567901235,-22.383086419753084
2dis,pMPNN,77.41145833333333,74.51145833333334,-2.8999999999999915
2dlq,pMPNN,92.89678571428573,92.64071428571428,-0.2560714285714454
2dst,pMPNN,85.53934426229509,84.36795081967213,-1.171393442622957
2dxu,pMPNN,66.74319148936169,55.04191489361703,-11.701276595744659
2efv,pMPNN,73.8719512195122,45.91548780487805,-37.95646341463415
2eve,pMPNN,55.18000000000001,49.57256756756757,-5.607432432432439
2f3l,pMPNN,88.96992424242424,86.2969696969697,-2.6729545454545445
2f62,pMPNN,74.26236842105264,51.0078947368421,-33.254473684210545
2f71,pMPNN,55.2816835016835,35.09609427609428,-30.185589225589226
2fa1,pMPNN,86.90726114649681,84.95904458598726,-1.9482165605095503
2fcw,pMPNN,92.20771428571427,91.71057142857144,-0.49714285714283335
2fe3,pMPNN,86.05099290780142,77.80999999999999,-8.240992907801427
2fe7,pMPNN,82.57910256410257,76.4946794871795,-6.084423076923073
2ffy,pMPNN,46.59379888268157,37.79790502793296,-8.795893854748606
2fh5,pMPNN,78.14457364341087,51.63635658914729,-36.508217054263575
2fiy,pMPNN,64.67220689655173,52.35203448275861,-22.320172413793117
2fj8,pMPNN,66.21406779661017,62.63220338983052,-3.581864406779644
2fp1,pMPNN,93.87715151515152,91.36575757575756,-2.511393939393969
2fr1,pMPNN,68.17315789473685,64.69167464114832,-3.4814832535885216
2fvv,pMPNN,62.17333333333335,58.37237037037038,-3.80096296296297
2fzt,pMPNN,90.72551282051282,90.55935897435896,-0.1661538461538612
2gom,pMPNN,96.91590163934428,93.5388524590164,-3.3770491803278873
2gq0,pMPNN,54.8253125,45.275976562500006,-9.549335937499997
2gtv,pMPNN,81.79732673267326,65.57227722772276,-26.22504950495049
2h84,pMPNN,72.4744859813084,41.42635514018692,-41.048130841121484
2ha9,pMPNN,56.167545454545454,39.69131818181818,-26.47622727272727
2hah,pMPNN,63.46544642857143,38.43866071428571,-35.02678571428572
2hjs,pMPNN,77.60052631578948,77.35652631578947,-0.24400000000001398
2hku,pMPNN,92.621,67.75314285714286,-34.86785714285713
2i10,pMPNN,87.16072463768117,79.65724637681161,-7.5034782608695565
2i4f,pMPNN,92.88909999999998,90.6259,-2.2631999999999834
2icy,pMPNN,63.17542168674698,40.009518072289154,-33.165903614457825
2idr,pMPNN,83.5283615819209,74.63971751412429,-8.88864406779662
2ii3,pMPNN,51.36111111111112,36.1173076923077,-25.243803418803424
2ix2,pMPNN,85.95630252100841,83.71126050420166,-2.2450420168067495
2j01,pMPNN,61.49250000000001,48.3953,-23.097200000000008
2j4b,pMPNN,94.8014503816794,93.24129770992369,-1.5601526717557164
2j5y,pMPNN,95.98056603773584,95.75339622641508,-0.22716981132076342
2j67,pMPNN,74.44000000000001,73.75771812080538,-0.6822818791946332
2jne,pMPNN,88.70197183098591,88.54845070422533,-0.15352112676058027
2km8,pMPNN,81.11172839506173,72.17679012345678,-8.934938271604949
2myg,pMPNN,88.6757894736842,87.35926315789473,-1.3165263157894742
2nmu,pMPNN,81.40294117647058,75.09404411764706,-6.3088970588235185
2nn6,pMPNN,76.88279661016949,58.84118644067796,-28.041610169491534
2np3,pMPNN,59.48092307692309,52.40384615384615,-7.0770769230769375
2nrh,pMPNN,63.8725925925926,37.85617283950617,-36.01641975308643
2nsp,pMPNN,54.48865497076023,51.8535380116959,-2.6351169590643266
2nw0,pMPNN,82.58566137566137,64.00671957671958,-28.5789417989418
2nxc,pMPNN,72.01618110236221,70.14287401574803,-1.8733070866141759
2o6k,pMPNN,92.72471428571428,71.92499999999998,-30.799714285714302
2o8p,pMPNN,95.65277272727272,94.46363636363635,-1.189136363636365
2od4,pMPNN,89.52480000000001,87.6015,-1.9233000000000118
2odk,pMPNN,90.46019607843134,89.77000000000001,-0.6901960784313275
2ohw,pMPNN,68.79703125,38.9653125,-39.83171875
2oi8,pMPNN,72.90653846153847,61.48892307692308,-11.417615384615395
2ok5,pMPNN,86.48867647058826,54.326323529411766,-42.16235294117649
2onk,pMPNN,64.23320833333332,52.92154166666668,-11.311666666666646
2ooi,pMPNN,77.14099378881988,48.97130434782608,-38.16968944099381
2ot2,pMPNN,77.72966666666667,48.18955555555556,-39.540111111111116
2p3w,pMPNN,87.5386,85.44330000000002,-2.0952999999999804
2p7j,pMPNN,78.88182795698924,57.74924731182796,-31.132580645161283
2p8t,pMPNN,95.41826086956524,94.52724637681158,-0.8910144927536692
2pg4,pMPNN,89.87717391304346,88.11619565217391,-1.7609782608695497
2phn,pMPNN,51.61,50.079112903225806,-1.5308870967741939
2ppx,pMPNN,91.1408064516129,80.59709677419356,-10.543709677419344
2q22,pMPNN,93.3342748091603,91.53099236641222,-1.8032824427480847
2q3w,pMPNN,90.1894495412844,89.80091743119267,-0.38853211009173094
2q7f,pMPNN,96.61784615384614,96.0443076923077,-0.5735384615384476
2q9q,pMPNN,80.98605263157893,55.39517543859648,-35.59087719298245
2q9u,pMPNN,55.28244,38.04344,-27.239000000000004
2qdd,pMPNN,67.22182572614108,62.84941908713692,-4.372406639004154
2qi2,pMPNN,89.41923076923078,86.86786324786323,-2.5513675213675526
2qkg,pMPNN,58.3807619047619,53.60661904761904,-4.774142857142856
2qp2,pMPNN,46.47480263157895,42.60894736842105,-3.865855263157904
2qpn,pMPNN,65.76218867924528,40.80392452830189,-34.95826415094339
2qud,pMPNN,73.81882812500001,61.027890625,-22.790937500000013
2r31,pMPNN,63.39697872340426,51.96204255319149,-11.434936170212772
2rb6,pMPNN,94.66173076923074,94.3278846153846,-0.3338461538461388
2rmr,pMPNN,87.90591549295776,87.12408450704227,-0.7818309859154908
2w3s,pMPNN,80.67136752136751,78.06119658119658,-2.6101709401709314
2w40,pMPNN,63.43224409448818,50.82968503937008,-22.602559055118107
2wp8,pMPNN,69.14626666666668,43.64686666666666,-35.499400000000016
2x4k,pMPNN,83.89295081967212,78.86459016393444,-5.028360655737686
2x9v,pMPNN,50.04659176029962,46.82760299625468,-3.218988764044937
2xau,pMPNN,83.39121212121212,77.1710606060606,-6.220151515151514
2xol,pMPNN,94.22204819277108,93.42644578313254,-0.7956024096385477
2xvm,pMPNN,50.718629441624365,38.30055837563452,-22.418071065989842
2xw6,pMPNN,88.734921875,46.647578125,-52.087343749999995
2yc4,pMPNN,79.0910101010101,75.7360101010101,-3.355000000000004
2yjt,pMPNN,85.5935294117647,77.96241176470589,-7.631117647058815
2yz1,pMPNN,79.30956140350878,77.98324561403507,-1.3263157894737105
2yzi,pMPNN,85.41628787878788,82.20045454545453,-3.21583333333335
2zad,pMPNN,75.32072398190046,61.00199095022626,-24.3187330316742
2zfy,pMPNN,82.4770925110132,50.47127753303965,-42.00581497797355
2zkm,pMPNN,84.7560655737705,78.60426229508197,-6.151803278688533
2zyq,pMPNN,59.05854961832061,36.8387786259542,-32.21977099236641
3b0g,pMPNN,50.9019298245614,42.961695906432745,-7.940233918128655
3bmv,pMPNN,91.4029213483146,85.30640449438202,-6.0965168539325845
3bpv,pMPNN,89.36868613138687,70.0736496350365,-29.295036496350363
3bq9,pMPNN,68.58128712871286,60.630099009901,-7.9511881188118565
3br0,pMPNN,76.21365217391305,66.10652173913043,-10.107130434782619
3brs,pMPNN,70.3875,64.41971014492752,-5.967789855072482
3bzc,pMPNN,78.50288888888888,76.23655555555554,-2.2663333333333355
3c07,pMPNN,75.9313698630137,61.96191780821917,-23.96945205479453
3c20,pMPNN,79.492,75.7912,-3.700800000000001
3c57,pMPNN,91.17019607843136,87.39725490196079,-3.7729411764705674
3c8c,pMPNN,89.64634453781512,64.76310924369747,-34.883235294117654
3c9u,pMPNN,46.49331360946746,31.92686390532544,-24.566449704142016
3cu9,pMPNN,66.3343949044586,43.15952229299363,-33.17487261146498
3dby,pMPNN,96.5395041322314,94.70132231404958,-1.8381818181818232
3ddt,pMPNN,93.1728888888889,69.54577777777777,-33.627111111111134
3e9d,pMPNN,52.72876,41.64052,-11.088239999999999
3ede,pMPNN,41.18758293838862,32.79578199052133,-8.391800947867296
3ezq,pMPNN,88.8412389380531,84.7395575221239,-4.1016814159291926
3f1l,pMPNN,82.84551020408163,51.51742857142857,-41.32808163265307
3g0m,pMPNN,93.75311594202898,90.86130434782608,-2.891811594202906
3gad,pMPNN,85.39486956521738,75.24104347826086,-10.153826086956514
3gf3,pMPNN,53.50625,39.29266891891892,-24.21358108108108
3h0u,pMPNN,47.45775362318841,45.891630434782606,-1.566123188405804
3h9v,pMPNN,73.4871153846154,72.98326923076924,-0.5038461538461547
3imk,pMPNN,84.03687898089171,81.42273885350318,-2.614140127388538
3iu1,pMPNN,60.01059701492538,33.01004975124378,-37.000547263681604
3k69,pMPNN,84.91154838709679,80.62625806451612,-4.285290322580664
3kmu,pMPNN,47.972397003745314,36.07378277153558,-11.89861423220973
3las,pMPNN,76.27590361445783,45.586746987951805,-40.689156626506026
3lbe,pMPNN,93.43540983606556,92.84327868852456,-0.5921311475409965
3lf6,pMPNN,68.35071428571429,66.61922077922078,-1.731493506493507
3lnn,pMPNN,64.09016326530612,52.44563265306122,-11.6445306122449
3m8o,pMPNN,86.32854368932038,70.51970873786408,-25.808834951456305
3n1f,pMPNN,90.33272727272724,87.36303030303031,-2.969696969696926
3n55,pMPNN,77.68738738738737,49.18891891891892,-38.49846846846845
3nje,pMPNN,80.25789156626506,77.93126506024096,-2.3266265060240983
3nuh,pMPNN,89.18292397660818,87.99736842105264,-1.1855555555555384
3p8k,pMPNN,73.39161538461538,63.9996923076923,-9.391923076923078
3pdu,pMPNN,83.41967479674797,64.5220325203252,-28.897642276422772
3pl2,pMPNN,41.31590322580645,38.08616129032258,-3.2297419354838723
3pna,pMPNN,80.85713178294573,80.77488372093022,-0.08224806201550905
3pve,pMPNN,72.82540983606557,30.7992349726776,-52.02617486338798
3q46,pMPNN,59.1720224719101,36.96724719101124,-32.20477528089886
3q90,pMPNN,84.5283969465649,83.17656488549618,-1.3518320610687198
3r6s,pMPNN,50.35903448275862,43.11531034482759,-7.243724137931025
3rf1,pMPNN,75.93809859154929,62.102323943661965,-23.835774647887327
3rlf,pMPNN,67.72125,51.0897794117647,-26.631470588235295
3rq7,pMPNN,89.25781609195403,88.83229885057469,-0.4255172413793389
3sao,pMPNN,90.68728476821192,85.9846357615894,-4.702649006622522
3sfx,pMPNN,78.04778787878787,75.4680606060606,-2.5797272727272684
3sq7,pMPNN,35.99959349593496,31.7989837398374,-4.20060975609756
3toy,pMPNN,85.09519083969465,74.72580152671756,-10.369389312977091
3tzq,pMPNN,68.03701149425288,66.49988505747126,-1.5371264367816195
3us3,pMPNN,85.63365079365079,83.29087301587302,-2.342777777777769
3vas,pMPNN,60.92895652173914,39.80376811594203,-31.12518840579711
3vfi,pMPNN,86.54721153846154,80.40711538461538,-6.140096153846159
3vnq,pMPNN,47.07497064579257,39.02021526418787,-8.0547553816047
3vzx,pMPNN,83.35092511013215,80.84303964757707,-2.5078854625550804
4ac9,pMPNN,89.12417721518986,59.23835443037977,-39.88582278481009
4b8r,pMPNN,48.29147751605996,40.376231263383296,-7.915246252676667
4c1h,pMPNN,74.14294117647059,57.30420814479638,-26.83873303167421
4c5k,pMPNN,80.60905454545454,54.652545454545454,-35.95650909090909
4cr2,pMPNN,77.06264591439688,71.30809338521401,-5.754552529182874
4dk2,pMPNN,63.13555555555556,56.39706093189964,-6.738494623655924
4dxh,pMPNN,46.265625,35.80539772727273,-10.460227272727273
4dzb,pMPNN,93.6928448275862,74.03999999999999,-29.652844827586208
4edp,pMPNN,48.58132911392405,43.13889240506329,-5.442436708860761
4ef0,pMPNN,82.16289473684209,73.37377192982457,-8.78912280701752
4ejo,pMPNN,90.8473873873874,90.79873873873872,-0.04864864864867968
4f7u,pMPNN,84.12172043010753,72.73612903225806,-11.385591397849467
4gcv,pMPNN,73.37102739726028,67.4654794520548,-5.905547945205484
4h7p,pMPNN,58.03467455621302,41.5207100591716,-26.51396449704142
4hi7,pMPNN,73.01917647058823,44.59517647058824,-38.42399999999999
4i6r,pMPNN,96.85831168831167,95.01662337662336,-1.8416883116883156
4i77,pMPNN,86.50465346534651,84.70623762376236,-1.798415841584145
4i7g,pMPNN,89.12824000000002,51.63423999999999,-47.49400000000003
4inz,pMPNN,58.2427972027972,52.65996503496503,-5.582832167832166
4ixa,pMPNN,93.19617647058828,92.81539215686274,-0.3807843137255418
4ixn,pMPNN,71.60457399103139,38.58161434977579,-43.022959641255596
4j9y,pMPNN,90.76717391304348,80.67065217391306,-10.096521739130424
4jvw,pMPNN,89.55814814814813,88.90398148148145,-0.6541666666666828
4ld8,pMPNN,85.88053333333335,64.4192,-31.461333333333343
4n0k,pMPNN,61.77411214953271,37.5507476635514,-34.223364485981314
4nbp,pMPNN,89.40813953488372,87.73054263565889,-1.6775968992248238
4nsv,pMPNN,33.64571969696969,28.41556818181818,-5.230151515151512
4ogq,pMPNN,64.95132075471699,58.99289308176103,-5.958427672955956
4p5m,pMPNN,90.32072164948454,86.1682474226804,-4.152474226804145
4xkb,pMPNN,88.86112499999999,88.6425,-0.21862499999998875
4xxb,pMPNN,80.35642857142857,61.22738095238096,-29.129047619047604
4zo2,pMPNN,54.46566552901024,53.20890784982935,-1.256757679180886
4zyl,pMPNN,89.07804195804195,74.84776223776224,-24.23027972027971
5ak4,pMPNN,59.41690625000001,48.73984375,-10.677062500000012
5crl,pMPNN,86.1915625,79.05804687500002,-7.133515624999987
5dl5,pMPNN,38.4502891566265,28.92674698795181,-9.523542168674695
5ee0,pMPNN,62.78663194444445,45.31225694444444,-27.47437500000001
5epe,pMPNN,62.58104838709678,54.04528225806452,-8.535766129032261
5faf,pMPNN,78.94263636363637,76.38536363636364,-2.557272727272732
5g5e,pMPNN,87.67664233576643,75.72824817518249,-11.948394160583945
5gvy,pMPNN,49.5088275862069,35.442,-24.066827586206898
5hsg,pMPNN,79.60831578947368,61.25943859649122,-28.348877192982457
5itq,pMPNN,75.07046153846156,65.25630769230769,-9.814153846153872
5jhx,pMPNN,40.09605633802816,32.22025821596244,-7.875798122065724
5mol,pMPNN,86.23277777777778,82.38574074074074,-3.8470370370370404
5n2p,pMPNN,87.67551867219915,34.506016597510374,-63.16950207468877
5ncg,pMPNN,93.95333333333336,91.37954954954954,-2.573783783783824
5nrh,pMPNN,60.74620000000001,48.66150000000002,-22.08469999999999
5o99,pMPNN,95.27745762711866,93.93101694915256,-1.3464406779661005
5odu,pMPNN,61.74537190082644,44.83652892561984,-26.908842975206603
5p9j,pMPNN,49.559586466165406,45.92706766917294,-3.632518796992464
5qs9,pMPNN,57.29818713450291,47.94438596491228,-9.353801169590632
5ryo,pMPNN,90.10214285714284,89.35309523809524,-0.7490476190476016
5tea,pMPNN,66.4393063583815,52.02670520231213,-24.41260115606937
5tfq,pMPNN,62.49028880866427,47.65335740072203,-24.836931407942238
5tro,pMPNN,61.299010989011,43.204560439560446,-28.094450549450556
5wl1,pMPNN,86.12966666666667,80.84905555555555,-5.280611111111114
5xn9,pMPNN,85.88751824817518,77.75153284671532,-8.135985401459862
5yc6,pMPNN,43.19477732793522,41.70384615384615,-1.49093117408907
5yh4,pMPNN,41.36558659217877,33.4127374301676,-7.952849162011169
5yx6,pMPNN,52.1773126614987,39.05346253229974,-23.123850129198964
5yzp,pMPNN,92.34211111111112,91.54711111111114,-0.7949999999999875
5z48,pMPNN,47.99604761904763,40.3552380952381,-7.64080952380953
5zb2,pMPNN,83.22290697674418,80.58488372093022,-2.6380232558139625
6arq,pMPNN,83.11504504504505,67.05693693693694,-26.058108108108115
6c74,pMPNN,60.16810810810812,48.64882882882882,-11.519279279279303
6coj,pMPNN,43.85778225806452,31.261250000000004,-22.596532258064514
6e1x,pMPNN,86.51582352941176,83.10764705882353,-3.4081764705882307
6e85,pMPNN,59.59006097560976,50.3040243902439,-9.286036585365856
6fzv,pMPNN,83.78881355932204,66.59118644067796,-27.19762711864408
6h24,pMPNN,96.03053435114504,94.61030534351146,-1.42022900763358
6h4e,pMPNN,69.29949152542373,66.02969491525424,-3.269796610169493
6ixl,pMPNN,51.209209876543206,46.6663950617284,-4.542814814814804
6j5y,pMPNN,42.66177489177489,32.25424242424242,-10.40753246753247
6jkv,pMPNN,57.81510460251046,56.799246861924686,-1.0158577405857727
6k2f,pMPNN,85.38562043795622,85.0261313868613,-0.35948905109492557
6krw,pMPNN,61.37826797385621,50.44676470588235,-10.93150326797386
6l2l,pMPNN,72.20582191780821,56.56082191780823,-25.644999999999982
6luo,pMPNN,92.3934065934066,92.08164835164835,-0.3117582417582412
6m0r,pMPNN,65.07817391304347,50.80255072463768,-24.27562318840579
6m3b,pMPNN,59.17446808510639,46.28489361702128,-22.889574468085108
6mdh,pMPNN,87.93565217391304,86.10275362318839,-1.83289855072465
6mfk,pMPNN,50.34932692307692,45.82259615384616,-4.52673076923076
6n59,pMPNN,74.01012048192773,41.57253012048193,-42.4375903614458
6nkh,pMPNN,78.48632183908046,52.09402298850575,-36.39229885057471
6np3,pMPNN,54.73268656716418,50.00313432835821,-4.729552238805972
6np9,pMPNN,85.01871794871795,40.67914529914529,-54.33957264957266
6o5e,pMPNN,61.530248447204976,51.96447204968944,-9.565776397515535
6o9u,pMPNN,81.02015748031495,51.33897637795275,-39.6811811023622
6pr1,pMPNN,82.84862745098039,74.86686274509805,-7.981764705882341
6qqh,pMPNN,79.98589743589743,79.47495726495728,-0.5109401709401453
6rkg,pMPNN,57.90295081967213,51.756229508196725,-6.146721311475403
6rsx,pMPNN,69.71224806201552,68.12953488372092,-1.582713178294597
6trj,pMPNN,81.26517647058823,75.48811764705881,-5.777058823529416
6vzd,pMPNN,89.4140506329114,86.40151898734176,-3.012531645569638
6w9g,pMPNN,72.86685314685315,59.24237762237762,-23.62447552447553
6xip,pMPNN,82.72895652173915,77.10617391304349,-5.622782608695658
6y38,pMPNN,64.31978021978021,64.17999999999999,-0.1397802197802207
6zjk,pMPNN,80.4267619047619,43.62361904761904,-46.803142857142866
6zmb,pMPNN,73.31939698492462,58.983266331658285,-24.336130653266338
7bl4,pMPNN,90.3608823529412,86.76029411764704,-3.6005882352941683
7c2g,pMPNN,85.95551020408163,80.74030612244897,-5.215204081632663
7eam,pMPNN,34.920196078431374,32.06485294117647,-2.8553431372549056
7jv7,pMPNN,42.9135691318328,36.50887459807073,-6.404694533762068
7k5z,pMPNN,65.91,62.8260593220339,-3.0839406779660976
7kn8,pMPNN,52.783676012461065,43.84074766355139,-8.942928348909675
7l1v,pMPNN,70.23916666666668,61.49271604938272,-8.746450617283955
7mt1,pMPNN,92.02428125,90.93109375,-1.093187499999999
3cj1,pMPNN,82.85958041958042,68.20111888111889,-24.658461538461538
1st6,pMPNN,84.90386861313868,81.59328467153284,-3.3105839416058416
5my6,pMPNN,60.79259036144578,49.06753012048193,-11.725060240963849
3sre,pMPNN,52.58451327433629,47.06306784660767,-5.521445427728615
1dci,pMPNN,54.71781818181818,44.83589090909091,-9.881927272727275
1k1x,pMPNN,55.4276,37.20203636363637,-28.22556363636363
5c8w,pMPNN,69.23708333333335,48.142083333333325,-31.09500000000002
1u94,pMPNN,71.66745247148289,65.10300380228135,-6.564448669201539
1vq8,pMPNN,90.7425925925926,90.37049382716047,-0.3720987654321277
1vaj,pMPNN,49.21807881773399,37.58463054187192,-11.633448275862072
4d0e,pMPNN,89.53658536585365,67.42170731707317,-32.11487804878048
3p73,pMPNN,90.32104166666666,84.27875,-6.042291666666657
6rvq,pMPNN,84.6848730964467,71.15502538071067,-23.529847715736025
4uyb,pMPNN,72.91412060301508,66.15391959798994,-6.760201005025138
2vzs,pMPNN,91.53000000000002,86.9560909090909,-4.573909090909112
1r2z,native,49.051063829787246,47.441063829787225,-1.6100000000000207
1p5s,native,43.60861635220126,41.52874213836478,-2.079874213836483
1uoy,native,53.68296875,45.013125,-8.669843749999998
4ld8,native,62.699866666666665,52.516133333333336,-10.183733333333329
4ogq,native,55.70037735849057,47.37207547169812,-8.328301886792453
6arq,native,48.703963963963965,42.636756756756746,-6.067207207207218
5jhx,native,37.13673708920188,31.458286384976525,-5.678450704225355
2xw6,native,62.053203125,41.1075,-14.945703125000001
1spp,native,59.93839285714286,33.07133928571428,-20.867053571428578
1adz,native,62.8930985915493,55.30591549295775,-7.587183098591545
4dxh,native,33.18443181818182,32.72869318181818,-0.4557386363636411
2ohw,native,44.96703124999999,31.402578125,-7.564453124999989
4c1h,native,41.18122171945701,35.36113122171946,-5.820090497737546
2q9u,native,40.30248,31.25576,-9.046720000000004
4gcv,native,54.86650684931507,48.72034246575343,-6.14616438356164
2myg,native,68.17957894736844,59.34978947368421,-8.82978947368423
3c07,native,59.844109589041096,49.015273972602735,-10.828835616438361
1hzf,native,42.55751533742331,33.83266871165644,-8.724846625766872
3c9u,native,32.021715976331365,30.39396449704142,-1.6277514792899446
1zbs,native,46.93443181818181,36.863693181818185,-10.070738636363622
1q0r,native,36.68632996632997,29.79518518518519,-6.8911447811447815
2odk,native,88.47274509803921,58.13588235294117,-24.336862745098045
2fr1,native,47.97,38.25435406698565,-9.71564593301435
1zyb,native,32.354897959183674,25.608027210884355,-6.746870748299319
2nn6,native,49.6972033898305,39.90872881355932,-9.788474576271177
1t7s,native,84.64387596899225,56.358139534883726,-22.28573643410852
2bo4,native,43.06892105263159,38.06884210526316,-5.000078947368429
3g0m,native,44.78326086956522,40.17057971014493,-4.6126811594202906
6j5y,native,38.874329004329006,37.92194805194806,-0.952380952380949
1vk3,native,35.65557575757576,29.847212121212127,-5.808363636363634
2yz1,native,46.113771929824566,45.73710526315789,-0.37666666666667226
1azs,native,33.679,28.12547368421053,-5.5535263157894725
1rki,native,36.3565306122449,35.1784693877551,-1.1780612244898023
1pja,native,41.916268656716426,39.11955223880597,-2.796716417910453
2aeu,native,38.43218579234973,31.242404371584698,-7.18978142076503
1w6k,native,37.4178853046595,33.92508960573477,-3.4927956989247306
1vim,native,41.48532967032966,37.26032967032968,-4.22499999999998
1ufn,native,60.30666666666667,44.02604938271605,-10.280617283950619
1fyh,native,42.67482456140351,36.4951754385965,-6.179649122807014
6y38,native,45.11999999999999,43.04252747252748,-2.0774725274725085
3ede,native,30.56090047393365,26.603364928909954,-3.9575355450236955
5yzp,native,41.69955555555556,41.65122222222222,-0.04833333333333911
6e85,native,36.08222560975609,27.36503048780488,-8.717195121951207
1osn,native,38.99761329305136,30.611873111782472,-8.385740181268886
1wfo,native,55.42324786324786,39.27333333333334,-10.149914529914518
2ffy,native,35.46625698324022,32.37689944134078,-3.089357541899439
4ixn,native,34.26242152466368,28.028161434977573,-6.2342600896861065
1j6o,native,49.129375,35.07046875,-8.05890625
1pa7,native,50.120153846153855,38.73684615384616,-11.383307692307696
6rkg,native,45.00139344262295,37.28303278688525,-7.718360655737698
1a12,native,50.44356608478802,37.48605985037406,-6.957506234413955
7mt1,native,86.46465624999999,47.052031250000006,-33.412624999999984
3bmv,native,77.73528089887643,43.24831460674158,-28.486966292134845
3e9d,native,40.94884,34.113879999999995,-6.834960000000002
1b63,native,42.805925925925926,36.57342592592593,-6.232499999999995
1hfe,native,48.987386363636354,44.57579545454545,-4.411590909090904
1aor,native,34.39607594936709,28.34670886075949,-6.049367088607596
1yf2,native,42.995609756097565,40.80375609756098,-2.191853658536587
1wyj,native,47.91633928571428,41.540000000000006,-6.376339285714273
1boo,native,41.87075,31.24096875,-10.62978125
4dzb,native,45.83663793103448,43.07827586206897,-2.7583620689655106
6rsx,native,40.98720930232558,38.870232558139534,-2.116976744186047
1tsj,native,57.46135338345866,44.22849624060151,-7.232857142857149
4hi7,native,41.83082352941177,40.08058823529413,-1.750235294117637
1svi,native,52.80615384615385,40.15389743589744,-6.652256410256406
1u84,native,81.77691358024691,69.73382716049382,-6.043086419753095
1efp,native,44.182404371584695,38.2748087431694,-5.907595628415294
1sed,native,56.11660714285714,47.90723214285714,-8.209375000000001
1wzl,native,42.25026178010471,37.62431937172775,-4.625942408376957
7eam,native,30.08053921568628,26.15642156862745,-3.9241176470588286
3sao,native,60.56026490066227,48.55145695364239,-6.008807947019875
1rhs,native,43.73261744966443,34.56590604026845,-9.16671140939598
1snn,native,37.965753424657535,37.73913242009132,-0.22662100456621204
5tro,native,48.14357142857143,45.24049450549451,-2.9030769230769167
2wp8,native,33.59413333333334,30.85793333333333,-2.7362000000000073
1w7o,native,47.50000000000001,38.700338983050855,-8.799661016949152
6coj,native,31.00375,30.764274193548392,-0.23947580645160826
2qkg,native,30.23742857142857,27.295857142857137,-2.9415714285714323
5tea,native,40.15300578034682,34.537398843930646,-5.615606936416171
2dfk,native,43.66592592592593,43.50944444444444,-0.15648148148149232
3toy,native,51.06259541984733,43.69167938931298,-7.370916030534346
5yh4,native,39.17927374301676,29.318938547486034,-9.860335195530723
1wv3,native,46.736153846153854,40.32730769230769,-6.408846153846163
4i77,native,41.27831683168316,37.38287128712872,-3.895445544554441
4b8r,native,38.6254817987152,30.47456102783726,-8.150920770877939
2efv,native,56.802682926829256,43.98146341463415,-6.821219512195107
5itq,native,51.27438461538462,41.288,-9.986384615384623
1cjx,native,40.80546666666667,26.89173333333333,-7.913733333333337
1u3e,native,41.84333333333334,34.903619047619046,-6.939714285714295
1vk8,native,75.71784946236559,68.51623655913978,-7.201612903225808
6pr1,native,56.74627450980391,47.14774509803922,-9.598529411764687
5p9j,native,41.1578947368421,37.71293233082707,-3.44496240601503
1bvp,native,46.09316666666667,40.25425,-5.83891666666667
3h9v,native,59.43538461538461,51.67903846153846,-7.7563461538461524
1klo,native,54.16078431372549,48.47627450980392,-5.684509803921571
3h0u,native,40.225326086956514,32.03583333333333,-8.189492753623185
1xc2,native,59.74552631578947,36.34513157894736,-17.40039473684211
2qdd,native,45.44082987551867,41.7451867219917,-3.695643153526973
4f7u,native,56.31225806451613,49.2574193548387,-7.054838709677426
2km8,native,79.39604938271606,57.65234567901236,-15.743703703703694
1edq,native,60.1008256880734,49.1102752293578,-10.990550458715596
2qp2,native,57.37671052631579,52.828421052631576,-4.548289473684214
2onk,native,46.10645833333333,41.35966666666666,-4.746791666666667
1x6h,native,64.00777777777778,56.789722222222224,-7.2180555555555515
3bpv,native,63.706204379562045,46.13605839416058,-11.570145985401467
2dew,native,35.58568807339449,34.44697247706422,-1.1387155963302718
6k2f,native,54.10226277372262,33.306934306569346,-14.795328467153276
4ejo,native,62.76450450450452,60.969369369369375,-1.7951351351351477
1o13,native,84.05654205607478,48.40196261682243,-29.654579439252345
1vcf,native,44.02990322580645,31.94858064516129,-6.0813225806451605
1wvh,native,44.723984962406014,39.64992481203007,-5.074060150375942
1whq,native,62.45348837209303,47.063139534883724,-9.390348837209302
5yx6,native,34.97555555555556,27.99111111111111,-6.984444444444449
6jkv,native,45.11598326359832,36.86979079497908,-8.246192468619235
1evs,native,52.95972826086957,48.54945652173912,-4.410271739130451
1dvo,native,57.10572368421053,53.630394736842106,-3.475328947368425
3dby,native,84.15743801652891,80.09677685950415,-4.060661157024768
2w3s,native,58.57666666666666,54.25094017094016,-4.325726495726499
1uv7,native,83.1095,78.776,-4.333500000000001
1ujo,native,43.91786259541985,33.95007633587786,-9.967786259541988
1vdc,native,47.75568181818182,28.775303030303032,-12.980378787878788
3lf6,native,46.36688311688312,37.13428571428572,-9.232597402597406
1wju,native,55.93862068965517,44.37574712643678,-11.562873563218389
2hjs,native,51.97268421052632,44.88794736842106,-7.084736842105258
2nsp,native,37.08640350877193,33.85543859649123,-3.2309649122806974
1ub1,native,61.67792000000001,47.85536,-7.82256000000001
1bg1,native,53.8306989247312,51.623763440860216,-2.2069354838709856
1iq8,native,61.47493506493508,42.47233766233767,-13.00259740259741
1shu,native,43.72375690607735,36.84845303867404,-6.875303867403311
1gwe,native,31.684497991967877,29.33357429718876,-2.350923694779116
5dl5,native,29.524795180722894,25.144096385542166,-4.380698795180727
1sse,native,76.80657142857142,72.47171428571428,-4.334857142857132
2p7j,native,42.951935483870976,31.511720430107523,-11.440215053763453
1fs1,native,75.65194029850747,52.889552238805976,-16.762388059701493
2fvv,native,41.255333333333326,39.70555555555556,-1.5497777777777628
3brs,native,46.22634057971015,41.35710144927537,-4.869239130434778
7c2g,native,57.35561224489796,41.597959183673474,-9.757653061224488
1ixd,native,44.50384615384615,35.050109890109894,-9.453736263736253
5z48,native,35.5987619047619,31.590619047619043,-4.0081428571428575
2bu9,native,35.83738601823708,27.363343465045595,-8.474042553191488
4inz,native,40.931223776223774,35.266853146853144,-5.66437062937063
6np9,native,45.27128205128204,30.171111111111102,-9.10017094017094
2fp1,native,48.3519393939394,45.25006060606061,-3.101878787878796
2q9q,native,53.10350877192982,45.793070175438594,-7.310438596491224
2hku,native,56.20314285714285,51.537,-4.666142857142852
3n55,native,37.880090090090086,32.88900900900901,-4.991081081081077
3vfi,native,57.329711538461545,45.2375,-6.092211538461548
5odu,native,35.59719008264463,32.92801652892562,-2.6691735537190127
1k5n,native,76.47189473684209,71.84736842105262,-4.624526315789467
6m3b,native,59.4176595744681,49.81297872340426,-9.60468085106384
5mol,native,65.10212962962963,56.959537037037045,-8.142592592592585
2xau,native,66.42181818181818,61.7428787878788,-4.67893939393938
1f2q,native,37.73975609756098,34.17524390243903,-3.5645121951219494
1wa3,native,69.22732673267326,62.11643564356435,-7.110891089108911
1w4x,native,38.543744680851056,33.893021276595746,-4.650723404255309
6zjk,native,36.00714285714286,33.3312380952381,-2.6759047619047607
4n0k,native,35.45635514018692,32.26373831775701,-3.192616822429912
1why,native,69.70607142857142,69.5775,-0.12857142857141923
4i7g,native,43.95576000000001,37.57280000000001,-6.382960000000004
6n59,native,37.98349397590362,34.71084337349398,-3.272650602409641
5wl1,native,38.31894444444444,31.2245,-7.0944444444444414
3sq7,native,30.17479674796748,26.27479674796748,-3.900000000000002
3q46,native,43.02230337078651,33.850842696629215,-9.171460674157295
2gom,native,94.53655737704918,82.56573770491804,-11.970819672131142
5nrh,native,41.523500000000006,35.523,-6.000500000000002
1j8u,native,37.708110749185664,34.58182410423453,-3.1262866449511364
6vzd,native,81.34582278481014,67.19202531645571,-8.153797468354426
1r0r,native,44.05352941176471,38.90274509803921,-5.150784313725495
6trj,native,81.84235294117646,72.26435294117647,-9.577999999999989
6h4e,native,51.606508474576266,49.79505084745763,-1.8114576271186351
1erd,native,75.36825,53.87874999999999,-15.489500000000014
4edp,native,34.671329113924045,31.20987341772152,-3.461455696202524
1t1u,native,36.79887434554974,31.193429319371727,-5.605445026178014
1cix,native,83.89431818181818,81.6315909090909,-2.2627272727272754
1ix9,native,57.76417391304347,55.9364347826087,-1.8277391304347717
2ppx,native,88.58225806451611,60.825967741935486,-21.756290322580625
1ky9,native,43.58977272727273,37.282045454545454,-6.307727272727277
5xn9,native,90.01321167883212,75.08759124087591,-8.925620437956212
1vco,native,38.329,30.219480000000004,-8.109519999999996
2fj8,native,70.87830508474578,45.85237288135593,-19.025932203389843
4nbp,native,47.87077519379845,39.137674418604654,-8.733100775193797
1xoy,native,55.0128125,35.714749999999995,-13.298062500000007
6o9u,native,59.10787401574803,56.85007874015749,-2.2577952755905386
1ako,native,34.49779850746268,33.30791044776119,-1.1898880597014951
1sxj,native,50.37565656565656,45.97030303030304,-4.40535353535352
2q22,native,44.10916030534352,36.42381679389313,-7.685343511450391
3bq9,native,41.76168316831684,40.58247524752476,-1.1792079207920807
3rq7,native,44.37298850574712,41.91862068965517,-2.4543678160919455
3c8c,native,46.32415966386555,41.268193277310914,-5.055966386554637
4xxb,native,62.87261904761905,59.66333333333333,-3.20928571428572
5ak4,native,42.41728125,30.328750000000003,-6.088531249999999
1ok3,native,45.21016129032258,40.51645161290323,-4.693709677419349
3vas,native,44.90350724637681,29.36715942028985,-9.536347826086963
1kbe,native,71.05666666666666,52.54541666666666,-12.511249999999997
3ddt,native,54.85644444444444,52.61955555555556,-2.2368888888888847
2qpn,native,40.20981132075471,31.956,-8.25381132075471
1nh8,native,35.475952380952386,30.25609523809524,-5.219857142857144
2gq0,native,40.26953125,38.0483203125,-2.221210937499997
3pve,native,34.99688524590164,32.097759562841524,-2.899125683060113
1agg,native,65.408125,51.52291666666667,-7.885208333333331
1gku,native,38.449475806451616,36.96266129032258,-1.4868145161290371
1xeq,native,55.63955056179774,53.96000000000001,-1.6795505617977327
2o8p,native,64.86895454545456,59.79509090909091,-5.073863636363647
1nui,native,53.77888888888889,48.56722222222223,-5.211666666666666
1xq4,native,78.10121951219512,40.77455284552846,-31.326666666666654
4dk2,native,38.26659498207886,33.890967741935484,-4.375627240143373
2i4f,native,71.3247,71.046,-0.2787000000000006
5epe,native,39.04633064516129,37.4683064516129,-1.5780241935483943
1uuj,native,80.87842105263158,77.14855263157895,-3.729868421052629
5gvy,native,54.71910344827587,53.08206896551724,-1.6370344827586294
2daw,native,43.25453900709219,37.76390070921987,-5.490638297872323
1jta,native,31.809806094182825,24.81537396121884,-6.994432132963986
6nkh,native,42.15785440613027,39.91865900383142,-2.239195402298847
1k1g,native,57.68696721311476,49.940327868852464,-7.746639344262299
1n13,native,56.98326086956522,56.47086956521739,-0.5123913043478296
2zad,native,49.18927601809955,45.16393665158371,-4.025339366515837
2j01,native,59.34439999999999,49.5669,-9.777499999999996
4xkb,native,54.414750000000005,50.057500000000005,-4.3572500000000005
1zcb,native,41.13007936507937,37.26611111111112,-3.8639682539682454
2cu2,native,40.876007462686566,37.19921641791044,-3.676791044776124
1yht,native,34.06421511627907,32.858517441860464,-1.2056976744186088
1k94,native,47.8750303030303,39.7590303030303,-8.116
1v8p,native,51.929015151515145,50.724015151515154,-1.2049999999999912
7jv7,native,32.10897106109324,26.378199356913186,-5.730771704180057
3q90,native,33.05312977099236,33.02824427480916,-0.02488549618320235
4j9y,native,84.69684782608697,74.22608695652174,-10.470760869565225
2brf,native,57.09782178217823,49.1350495049505,-7.962772277227728
4c5k,native,43.59887272727273,38.41105454545455,-5.18781818181818
2dc5,native,47.63976190476191,47.00619047619048,-0.6335714285714289
1fjg,native,36.996682692307694,36.21625,-0.7804326923076914
7k5z,native,41.1478813559322,36.59427966101695,-4.553601694915251
5hsg,native,46.956105263157895,38.467473684210525,-8.48863157894737
1iq0,native,39.77813513513514,34.75837837837838,-5.019756756756756
1u3o,native,58.138059701492544,51.99089552238806,-6.147164179104486
2p3w,native,46.369,43.3874,-2.9816000000000003
7bl4,native,58.42333333333334,50.45607843137255,-7.967254901960786
1fm0,native,53.70222222222223,52.53419753086419,-1.1680246913580419
1fnn,native,84.26964285714287,75.875625,-8.39401785714287
2fh5,native,56.29821705426356,48.70201550387596,-7.5962015503875975
3m8o,native,75.27864077669904,68.76038834951456,-6.518252427184478
2q7f,native,93.10953846153846,78.40738461538463,-8.702153846153834
2b5g,native,42.864404761904765,35.824464285714285,-7.0399404761904805
2nxc,native,45.13917322834646,39.43503937007874,-5.704133858267717
3sfx,native,44.66821212121213,42.08836363636364,-2.5798484848484904
1jz8,native,35.35181506849315,29.063356164383563,-6.288458904109589
2yjt,native,53.34464705882353,35.67194117647058,-11.67270588235295
2i10,native,73.52231884057971,67.67391304347827,-5.848405797101449
6xip,native,43.05365217391304,42.47034782608695,-0.5833043478260862
3imk,native,53.20834394904458,41.34834394904459,-11.859999999999992
1a5t,native,47.7667149758454,33.64251207729468,-8.12420289855072
2oi8,native,52.14,47.61192307692308,-4.528076923076924
2ba0,native,68.99313725490195,61.2135294117647,-7.779607843137249
1je5,native,34.84218274111675,32.77441624365483,-2.0677664974619248
2idr,native,32.93542372881356,31.36785310734464,-1.5675706214689207
2nmu,native,34.760000000000005,31.571250000000003,-3.1887500000000024
1pf5,native,57.07730769230769,40.38153846153846,-10.69576923076923
2nrh,native,44.76185185185184,41.562345679012346,-3.1995061728394916
1v1h,native,57.26918918918919,56.18770270270271,-1.081486486486483
1xhb,native,46.81404580152671,40.001526717557255,-6.812519083969455
1ewf,native,37.958702928870295,31.082887029288703,-6.875815899581593
6ixl,native,35.94197530864197,32.56656790123456,-3.3754074074074083
3c20,native,51.85289999999999,40.8327,-11.020199999999988
1qyp,native,83.43735849056604,73.1079245283019,-10.329433962264147
2icy,native,49.12192771084337,44.71228915662651,-4.409638554216862
3gad,native,50.2815652173913,50.21886956521739,-0.06269565217390749
4jvw,native,85.11111111111111,82.36277777777777,-2.748333333333349
4p5m,native,53.642680412371135,49.02103092783505,-4.621649484536086
6mfk,native,36.72822115384615,34.19831730769231,-2.529903846153843
6np3,native,44.487798507462685,39.49227611940299,-4.9955223880596975
1xhs,native,55.50530973451327,43.68902654867257,-11.816283185840696
7l1v,native,52.604351851851845,44.51706790123456,-8.087283950617284
2a0u,native,38.577860962566845,34.75516042780749,-3.822700534759356
3las,native,40.61277108433735,35.76415662650603,-4.848614457831324
2zyq,native,42.490992366412215,34.30916030534351,-8.181832061068704
3vzx,native,47.158942731277534,39.90140969162995,-7.2575330396475835
3nuh,native,72.87251461988305,59.03397660818712,-7.838538011695931
1f86,native,61.07652173913043,60.285130434782616,-0.7913913043478118
4i6r,native,80.63688311688311,47.16831168831169,-27.468571428571423
1fo5,native,94.962,90.78047058823527,-4.181529411764728
1u69,native,48.15948717948717,42.58198717948719,-5.577499999999979
1jos,native,77.12049999999999,73.8404,-3.2800999999999902
3vnq,native,34.51023483365949,32.73823874755382,-1.7719960861056663
2fa1,native,42.01808917197452,30.32350318471338,-11.694585987261142
3pdu,native,48.16943089430895,44.1559349593496,-4.0134959349593515
1ybf,native,32.495000000000005,27.600650406504062,-4.894349593495942
1iuf,native,59.61786666666668,53.2952,-6.322666666666677
1edz,native,58.11415204678363,29.542807017543858,-22.571345029239772
1ynp,native,40.651952861952864,33.84070707070708,-6.811245791245781
2xvm,native,31.21634517766497,29.42451776649746,-1.7918274111675103
3iu1,native,39.53407960199005,32.80756218905473,-6.726517412935323
2fe7,native,53.43852564102565,48.07987179487179,-5.358653846153857
1zgm,native,54.18429530201342,43.824832214765095,-10.359463087248322
5zb2,native,66.81825581395348,45.33848837209303,-15.479767441860453
1rqb,native,49.22833333333334,44.797559523809525,-4.430773809523814
1zki,native,49.54920634920636,49.08936507936508,-0.45984126984127727
2zkm,native,69.84754098360655,53.41885245901639,-10.428688524590157
2con,native,46.99727272727273,41.253939393939405,-5.743333333333325
1srk,native,85.37363636363636,62.404848484848486,-16.96878787878788
2dst,native,44.86024590163935,42.48696721311475,-2.3732786885246
6zmb,native,58.131608040201,36.96572864321608,-15.16587939698492
1s29,native,44.871123595505615,43.283370786516855,-1.5877528089887605
2f3l,native,33.36780303030302,30.390227272727277,-2.977575757575746
3cu9,native,33.64337579617835,27.916815286624207,-5.72656050955414
2cz4,native,58.14050505050505,49.23666666666666,-8.90383838383839
5o99,native,82.16186440677967,57.22474576271188,-18.937118644067787
6c74,native,42.36324324324325,35.68648648648649,-6.67675675675676
2xol,native,46.51680722891566,41.84632530120482,-4.6704819277108385
3ezq,native,79.59362831858407,62.59522123893805,-10.998407079646014
1xg9,native,64.60806451612903,61.61306451612903,-2.9950000000000045
3rf1,native,52.71584507042253,44.89207746478874,-7.82376760563379
3k69,native,38.14290322580645,32.907935483870965,-5.234967741935485
1l5j,native,83.760875,68.95068749999999,-8.810187500000012
2zfy,native,39.35444933920705,34.02911894273128,-5.3253303964757706
2j67,native,46.87295302013423,33.24946308724832,-7.62348993288591
2dxu,native,66.25234042553191,56.28936170212766,-9.962978723404255
2np3,native,74.52215384615384,53.01138461538462,-15.51076923076922
1kv9,native,62.28788461538462,45.300288461538464,-10.987596153846155
1yjr,native,78.30888888888889,76.78208333333333,-1.5268055555555549
1au1,native,68.66590361445783,39.671445783132526,-22.994457831325306
1od3,native,61.62961832061068,54.95656488549618,-6.673053435114504
3bzc,native,65.02644444444445,41.30011111111112,-17.72633333333333
1ltl,native,41.30502092050209,29.240209205020925,-6.064811715481163
1paq,native,88.74422360248447,63.09378881987577,-19.6504347826087
2atz,native,40.77727272727273,37.41357954545455,-3.363693181818178
1zkd,native,36.21468493150685,29.91986301369863,-6.294821917808221
1v74,native,52.85655172413794,45.63781609195402,-7.218735632183915
1dmg,native,39.58746666666667,30.111377777777776,-9.476088888888896
2o6k,native,65.2985714285714,50.84471428571429,-8.453857142857117
2w40,native,38.708070866141725,32.92771653543308,-5.780354330708647
3kmu,native,35.35265917602996,34.740823970037454,-0.6118352059925058
1cf7,native,80.35447761194028,73.60328358208955,-6.751194029850737
1ml4,native,37.78700636942675,32.99388535031848,-4.79312101910827
1cke,native,42.51053333333333,33.14088888888888,-9.369644444444447
2f62,native,53.65296052631579,37.22486842105263,-10.428092105263154
6fzv,native,64.18508474576271,55.73949152542373,-8.445593220338978
1lwh,native,37.08237851662404,31.116368286445013,-5.966010230179027
5n2p,native,57.709792531120335,47.87775933609959,-9.832033195020749
1xwm,native,58.0429716981132,53.09240566037736,-4.95056603773584
6w9g,native,57.13755244755246,50.6658041958042,-6.471748251748259
4ef0,native,47.76929824561403,46.05543859649124,-1.7138596491227887
2jne,native,64.48563380281689,53.35985915492957,-11.125774647887319
1okc,native,36.27647260273972,26.8822602739726,-9.394212328767122
1k8k,native,43.14374663072776,31.39482479784367,-11.748921832884093
4cr2,native,44.25599221789883,33.53046692607004,-10.725525291828788
1ir6,native,39.39862337662338,34.52688311688311,-4.871740259740264
1u7b,native,33.875,33.008333333333326,-0.8666666666666742
1tpg,native,81.9814,55.593,-20.38839999999999
2fzt,native,94.08333333333331,91.97705128205128,-2.1062820512820366
6o5e,native,44.20400621118012,41.9061801242236,-2.297826086956519
2h84,native,34.423271028037384,27.736542056074764,-6.686728971962619
1vdr,native,37.84203821656052,31.43579617834396,-6.406242038216558
4zo2,native,35.663856655290104,30.63959044368601,-5.024266211604093
2nw0,native,36.09793650793651,30.800105820105827,-5.2978306878306825
1ytq,native,38.16304347826088,31.439456521739128,-6.723586956521753
1f3u,native,39.0423489932886,35.33731543624161,-3.7050335570469883
1f9y,native,39.95132911392405,30.183417721518985,-9.767911392405061
1r4g,native,87.54924528301886,60.48415094339623,-21.065094339622632
5crl,native,59.298671875,51.94109375,-7.357578124999996
2p8t,native,50.65463768115942,48.00492753623188,-2.649710144927539
1vkz,native,42.70639534883721,41.30709302325582,-1.3993023255813952
1jkg,native,50.30489208633093,49.108489208633095,-1.1964028776978353
2bog,native,48.22125874125874,41.427972027972025,-6.793286713286712
2ooi,native,39.95186335403727,36.55347826086957,-3.398385093167704
2cs4,native,58.535487804878045,53.17231707317073,-5.363170731707314
2x9v,native,36.42696629213483,29.94992509363296,-6.477041198501869
2eve,native,35.655878378378375,29.18141891891892,-6.474459459459457
2od4,native,50.4038,46.39529999999999,-4.008500000000005
1gdo,native,38.966344537815125,32.58470588235294,-6.381638655462183
1b9w,native,73.27444444444447,55.30777777777777,-11.966666666666697
2ix2,native,44.62268907563026,39.34924369747901,-5.273445378151251
5tfq,native,49.62202166064981,45.40862815884477,-4.213393501805037
3b0g,native,46.143099415204674,38.20426900584796,-7.9388304093567115
6qqh,native,57.772820512820495,44.76153846153847,-7.0112820512820235
2f71,native,34.54178451178451,24.62185185185185,-9.919932659932662
1jmr,native,70.3808,66.75733333333334,-3.6234666666666584
1foe,native,40.86475308641975,38.74308641975309,-2.1216666666666626
7kn8,native,35.879221183800624,33.06361370716511,-2.8156074766355133
6l2l,native,42.38554794520549,40.46876712328768,-1.9167808219178113
1how,native,34.81587248322148,28.783993288590608,-6.031879194630875
2ckf,native,33.75817647058824,33.32205882352941,-0.43611764705882905
1p3d,native,44.4878125,34.875416666666666,-9.61239583333333
2rb6,native,92.0525,73.41115384615384,-12.641346153846158
2bnm,native,78.92458333333333,74.22347222222223,-4.7011111111111035
3r6s,native,37.340758620689655,36.06627586206896,-1.2744827586206924
1f5n,native,62.20550000000001,59.30116666666666,-2.904333333333348
2b5x,native,48.33272727272728,41.73258741258741,-6.600139860139876
2r31,native,51.86365957446809,31.359361702127664,-14.504297872340423
5ee0,native,38.41611111111112,37.74670138888889,-0.6694097222222339
1gmu,native,51.88428571428573,45.33514285714286,-6.5491428571428685
2x4k,native,73.96540983606559,72.36639344262295,-1.5990163934426391
1mqv,native,74.12650406504065,67.18243902439025,-6.9440650406504005
3us3,native,57.39325396825397,46.079523809523806,-11.313730158730166
1k61,native,81.11716666666668,64.19616666666668,-10.920999999999992
1x4t,native,57.38088607594937,51.56873417721519,-5.812151898734179
2cdq,native,48.674835164835166,45.89747252747252,-2.7773626373626428
1ext,native,46.23525423728814,36.78762711864407,-9.447627118644071
1d5k,native,86.5879775280899,86.19853932584269,-0.3894382022472058
1aqz,native,34.50503355704698,30.259328859060403,-4.245704697986575
2yzi,native,51.04780303030303,41.165454545454544,-9.882348484848485
3br0,native,45.02147826086957,43.8484347826087,-1.1730434782608725
2j4b,native,60.31137404580152,44.64679389312977,-9.664580152671753
1zch,native,39.02730923694779,37.70008032128514,-1.3272289156626442
5yc6,native,29.170971659919022,25.711902834008093,-3.4590688259109292
1qqr,native,61.61369565217393,47.9027536231884,-7.710942028985528
1inp,native,36.85099999999999,29.022550000000003,-7.8284499999999895
5ncg,native,57.01873873873873,40.94351351351352,-10.07522522522521
2ot2,native,46.4868888888889,45.25455555555556,-1.2323333333333366
1f20,native,39.23774074074074,35.13148148148148,-4.106259259259261
1z2a,native,41.39323170731707,31.67439024390244,-9.71884146341463
2dlq,native,74.48071428571428,57.58178571428572,-10.898928571428563
2dis,native,54.13166666666666,43.97510416666668,-10.156562499999978
2yc4,native,46.85626262626262,28.875101010101,-11.981161616161618
2hah,native,33.542053571428575,31.46767857142857,-2.0743750000000034
1ca4,native,40.32085526315789,34.193486842105266,-6.127368421052623
4ac9,native,50.145696202531646,43.71405063291139,-6.431645569620258
2bop,native,51.96564705882354,46.67235294117648,-5.293294117647065
3p8k,native,50.03711538461539,36.16530769230769,-7.871807692307698
1llq,native,41.52826530612246,40.57649659863946,-0.9517687074829979
1gxm,native,32.93919504643963,25.4656346749226,-7.473560371517028
3tzq,native,43.09226053639848,28.725747126436783,-8.366513409961694
2qud,native,46.44859374999999,38.6371875,-7.81140624999999
2fe3,native,65.50964539007093,60.39907801418439,-5.110567375886539
1yvu,native,38.52440514469453,31.908360128617364,-6.6160450160771695
3pl2,native,43.36348387096774,30.75748387096774,-6.606000000000002
1ktg,native,42.53240875912409,38.81963503649636,-3.7127737226277304
3lbe,native,33.21918032786885,29.88483606557377,-3.3343442622950796
1ryp,native,38.7211203319502,34.44107883817428,-4.280041493775926
1wdv,native,35.537733333333335,33.843799999999995,-1.6939333333333408
4zyl,native,53.65538461538463,52.9720979020979,-0.6832867132867264
1wz3,native,43.6022619047619,38.11333333333334,-5.488928571428566
2ddh,native,40.83955801104973,37.18348066298342,-3.6560773480663116
6luo,native,72.77857142857144,56.026153846153846,-10.752417582417593
2fiy,native,43.29075862068965,41.55693103448275,-1.7338275862068997
5g5e,native,57.52452554744526,46.10233576642336,-11.422189781021899
6h24,native,53.66824427480917,35.71343511450381,-11.95480916030536
1rp3,native,74.11298701298702,67.00844155844155,-7.104545454545473
6e1x,native,40.92041176470589,40.80782352941176,-0.1125882352941261
3c57,native,91.96372549019608,88.98588235294118,-2.977843137254908
3rlf,native,33.747205882352944,28.21044117647059,-5.536764705882355
2ii3,native,32.35192307692308,29.250470085470084,-3.1014529914529945
2fcw,native,90.26361904761907,87.8967619047619,-2.366857142857171
5faf,native,44.30009090909091,41.90609090909092,-2.3939999999999912
2phn,native,39.32487903225806,30.595967741935485,-8.728911290322575
3nje,native,44.96421686746988,29.711385542168674,-9.252831325301205
1jh3,native,60.871818181818185,46.64424242424242,-8.227575757575764
5ryo,native,41.73214285714285,37.15130952380952,-4.580833333333324
1lfw,native,42.30841836734695,40.84617346938775,-1.4622448979592022
1wgl,native,86.20891304347826,80.24717391304348,-5.961739130434779
1jnr,native,47.01460992907801,45.666879432624114,-1.3477304964538988
3n1f,native,76.14868686868687,36.50929292929293,-33.63939393939393
1bg8,native,70.8225,46.49328947368421,-18.329210526315798
2ha9,native,33.29740909090909,27.992568181818186,-5.304840909090906
1s14,native,33.67780104712041,29.453979057591617,-4.223821989528794
3pna,native,32.33325581395349,29.024496124031007,-3.3087596899224856
2bc4,native,68.92086538461538,31.404903846153847,-31.51596153846154
6m0r,native,44.73173913043478,39.20347826086956,-5.528260869565223
2j5y,native,94.19622641509434,88.95396226415093,-5.242264150943413
2qi2,native,85.65777777777778,62.59247863247864,-17.065299145299143
1s68,native,31.74536480686695,30.984892703862663,-0.760472103004286
2q3w,native,47.974587155963306,45.81779816513761,-2.156788990825696
1jfi,native,61.80711111111111,51.72355555555556,-10.083555555555549
3lnn,native,51.92812244897959,47.96502040816327,-3.963102040816324
4nsv,native,30.568901515151516,28.28371212121212,-2.2851893939393975
1q90,native,95.78307692307692,94.94153846153846,-0.8415384615384625
3gf3,native,33.090270270270274,27.676283783783784,-5.41398648648649
4h7p,native,38.888284023668646,31.798639053254437,-7.089644970414209
2gtv,native,78.72762376237624,66.72960396039605,-11.998019801980192
3f1l,native,56.59408163265306,50.08179591836734,-6.512285714285717
1pd0,native,38.84346820809249,31.908034682080924,-6.935433526011565
1l9l,native,94.37851351351352,90.9114864864865,-3.4670270270270294
2ok5,native,41.817205882352944,36.25235294117648,-5.564852941176461
2pg4,native,78.32054347826087,45.19673913043478,-27.123804347826095
6mdh,native,57.74797101449276,41.48057971014493,-10.267391304347832
1ybx,native,75.94318681318681,66.92989010989012,-9.013296703296689
1ua7,native,38.971395348837206,25.949680232558137,-7.0217151162790685
6krw,native,33.7178431372549,31.16052287581699,-2.557320261437912
1ybt,native,38.68497005988024,35.83461077844311,-2.850359281437136
4ixa,native,82.17901960784314,80.28666666666665,-1.8923529411764974
1kwg,native,40.97289340101523,31.68578680203046,-9.287106598984767
1fho,native,84.1072268907563,82.16218487394957,-1.945042016806724
5qs9,native,33.78473684210527,31.820467836257315,-1.964269005847953
2bkm,native,70.8128125,68.17171875,-2.6410937500000102
2rmr,native,85.996338028169,82.84211267605635,-3.154225352112661
1zcz,native,56.51847133757961,36.72388535031847,-13.794585987261144
1k4t,native,89.79027777777777,89.655,-0.13527777777777317
3cj1,native,57.9879020979021,47.27482517482518,-10.713076923076919
1st6,native,78.57350364963503,76.79795620437956,-1.7755474452554694
5my6,native,55.03843373493975,50.56698795180724,-4.471445783132509
3sre,native,41.5523598820059,37.89404129793511,-3.6583185840707912
1dci,native,51.847563636363645,44.31683636363637,-7.530727272727276
1k1x,native,51.777781818181815,35.53363636363636,-10.244145454545453
5c8w,native,47.2615,47.126,-0.1355000000000004
1u94,native,64.40258555133079,61.89673003802281,-2.505855513307978
1vq8,native,88.32283950617284,71.19740740740741,-11.12543209876543
1vaj,native,43.98285714285714,39.600197044334976,-4.382660098522166
4d0e,native,87.88682926829269,72.84024390243901,-9.046585365853673
3p73,native,90.32104166666666,84.27875,-6.042291666666657
6rvq,native,79.48065989847716,43.832791878172586,-29.64786802030457
4uyb,native,66.11974874371859,64.43613065326633,-1.6836180904522564
2vzs,native,84.08481818181818,72.36790909090907,-11.716909090909112
