,prot,filename,plddt
0,153241,153241_unrelaxed_rank_001_alphafold2_ptm_model_2_seed_000.pdb,37.56120412496209
1,52443,52443_unrelaxed_rank_001_alphafold2_ptm_model_2_seed_000.pdb,36.9103814457264
2,160353,160353_unrelaxed_rank_001_alphafold2_ptm_model_4_seed_000.pdb,46.756870187018706
3,162887,162887_unrelaxed_rank_001_alphafold2_ptm_model_2_seed_000.pdb,66.93856945404285
4,240782,240782_unrelaxed_rank_001_alphafold2_ptm_model_2_seed_000.pdb,52.55564335664336
5,165098,165098_unrelaxed_rank_001_alphafold2_ptm_model_3_seed_000.pdb,69.13649727767694
6,21626,21626_unrelaxed_rank_001_alphafold2_ptm_model_2_seed_000.pdb,32.89972020984261
7,55568,55568_unrelaxed_rank_001_alphafold2_ptm_model_1_seed_000.pdb,31.35851585014409
8,239635,239635_unrelaxed_rank_001_alphafold2_ptm_model_5_seed_000.pdb,44.36412713472486
9,151981,151981_unrelaxed_rank_001_alphafold2_ptm_model_2_seed_000.pdb,47.63011235955056
10,155719,155719_unrelaxed_rank_001_alphafold2_ptm_model_5_seed_000.pdb,29.462668992586128
11,242190,242190_unrelaxed_rank_001_alphafold2_ptm_model_4_seed_000.pdb,65.06057405281285
12,144411,144411_unrelaxed_rank_001_alphafold2_ptm_model_2_seed_000.pdb,35.21865097159941
13,52100,52100_unrelaxed_rank_001_alphafold2_ptm_model_2_seed_000.pdb,42.371514687882495
14,11639,11639_unrelaxed_rank_001_alphafold2_ptm_model_2_seed_000.pdb,41.03574342105263
15,250108,250108_unrelaxed_rank_001_alphafold2_ptm_model_2_seed_000.pdb,40.86284436072522
16,249348,249348_unrelaxed_rank_001_alphafold2_ptm_model_2_seed_000.pdb,37.43264603481624
17,153207,153207_unrelaxed_rank_001_alphafold2_ptm_model_2_seed_000.pdb,32.47651199247531
18,152286,152286_unrelaxed_rank_001_alphafold2_ptm_model_4_seed_000.pdb,39.11927955665025
19,43271,43271_unrelaxed_rank_001_alphafold2_ptm_model_2_seed_000.pdb,38.22172212492703
20,158588,158588_unrelaxed_rank_001_alphafold2_ptm_model_2_seed_000.pdb,37.21323394495413
21,154908,154908_unrelaxed_rank_001_alphafold2_ptm_model_2_seed_000.pdb,38.07096587250482
22,113691,113691_unrelaxed_rank_001_alphafold2_ptm_model_4_seed_000.pdb,50.55967405475881
23,155989,155989_unrelaxed_rank_001_alphafold2_ptm_model_4_seed_000.pdb,39.11339841366687
24,12385,12385_unrelaxed_rank_001_alphafold2_ptm_model_4_seed_000.pdb,35.328508771929826
25,185271,185271_unrelaxed_rank_001_alphafold2_ptm_model_2_seed_000.pdb,37.25353151862464
26,251890,251890_unrelaxed_rank_001_alphafold2_ptm_model_1_seed_000.pdb,75.46547857793983
27,241156,241156_unrelaxed_rank_001_alphafold2_ptm_model_3_seed_000.pdb,81.28375722543352
28,152671,152671_unrelaxed_rank_001_alphafold2_ptm_model_4_seed_000.pdb,39.13754143019296
29,12383,12383_unrelaxed_rank_001_alphafold2_ptm_model_2_seed_000.pdb,41.12715724923346
30,158679,158679_unrelaxed_rank_001_alphafold2_ptm_model_2_seed_000.pdb,36.27600475059383
31,119984,119984_unrelaxed_rank_001_alphafold2_ptm_model_2_seed_000.pdb,32.550547875064005
32,152696,152696_unrelaxed_rank_001_alphafold2_ptm_model_3_seed_000.pdb,35.12692526690392
33,190671,190671_unrelaxed_rank_001_alphafold2_ptm_model_2_seed_000.pdb,32.72564353408744
34,190567,190567_unrelaxed_rank_001_alphafold2_ptm_model_2_seed_000.pdb,43.18737627118645
35,166465,166465_unrelaxed_rank_001_alphafold2_ptm_model_2_seed_000.pdb,40.86280172413793
36,50000,50000_unrelaxed_rank_001_alphafold2_ptm_model_5_seed_000.pdb,36.323827397260274
37,252031,252031_unrelaxed_rank_001_alphafold2_ptm_model_4_seed_000.pdb,53.92279635258359
38,249767,249767_unrelaxed_rank_001_alphafold2_ptm_model_2_seed_000.pdb,37.0535041017914
39,155661,155661_unrelaxed_rank_001_alphafold2_ptm_model_3_seed_000.pdb,45.95246085909274
40,151966,151966_unrelaxed_rank_001_alphafold2_ptm_model_5_seed_000.pdb,41.6084661754856
41,168570,168570_unrelaxed_rank_001_alphafold2_ptm_model_2_seed_000.pdb,41.623061630218686
42,150234,150234_unrelaxed_rank_001_alphafold2_ptm_model_2_seed_000.pdb,38.69202500868357
43,72829,72829_unrelaxed_rank_001_alphafold2_ptm_model_2_seed_000.pdb,34.295538211382116
44,156753,156753_unrelaxed_rank_001_alphafold2_ptm_model_2_seed_000.pdb,37.24595096322242
45,155537,155537_unrelaxed_rank_001_alphafold2_ptm_model_2_seed_000.pdb,40.07277460770327
46,156140,156140_unrelaxed_rank_001_alphafold2_ptm_model_5_seed_000.pdb,49.13404545454546
47,194288,194288_unrelaxed_rank_001_alphafold2_ptm_model_2_seed_000.pdb,41.10512694877505
48,217808,217808_unrelaxed_rank_001_alphafold2_ptm_model_2_seed_000.pdb,45.472277158774375
49,158328,158328_unrelaxed_rank_001_alphafold2_ptm_model_2_seed_000.pdb,31.917678653757495
50,47644,47644_unrelaxed_rank_001_alphafold2_ptm_model_3_seed_000.pdb,57.60487959442332
51,251834,251834_unrelaxed_rank_001_alphafold2_ptm_model_4_seed_000.pdb,40.19233635448137
52,187588,187588_unrelaxed_rank_001_alphafold2_ptm_model_2_seed_000.pdb,32.14359974424552
53,187244,187244_unrelaxed_rank_001_alphafold2_ptm_model_2_seed_000.pdb,41.824775672981055
54,65642,65642_unrelaxed_rank_001_alphafold2_ptm_model_2_seed_000.pdb,37.64560178306092
55,53896,53896_unrelaxed_rank_001_alphafold2_ptm_model_2_seed_000.pdb,38.11174610894942
56,163452,163452_unrelaxed_rank_001_alphafold2_ptm_model_2_seed_000.pdb,68.15298319327731
57,53516,53516_unrelaxed_rank_001_alphafold2_ptm_model_2_seed_000.pdb,69.84635084427767
58,81908,81908_unrelaxed_rank_001_alphafold2_ptm_model_4_seed_000.pdb,63.20256528417819
59,52382,52382_unrelaxed_rank_001_alphafold2_ptm_model_2_seed_000.pdb,36.710175
60,29838,29838_unrelaxed_rank_001_alphafold2_ptm_model_2_seed_000.pdb,42.08587579025661
61,108654,108654_unrelaxed_rank_001_alphafold2_ptm_model_4_seed_000.pdb,55.131581676750216
62,32291,32291_unrelaxed_rank_001_alphafold2_ptm_model_2_seed_000.pdb,31.83190063091483
63,149740,149740_unrelaxed_rank_001_alphafold2_ptm_model_2_seed_000.pdb,32.10041105598866
64,108047,108047_unrelaxed_rank_001_alphafold2_ptm_model_3_seed_000.pdb,42.29856910569106
65,156794,156794_unrelaxed_rank_001_alphafold2_ptm_model_2_seed_000.pdb,46.43344839985617
66,245450,245450_unrelaxed_rank_001_alphafold2_ptm_model_3_seed_000.pdb,61.23998496240601
67,167390,167390_unrelaxed_rank_001_alphafold2_ptm_model_2_seed_000.pdb,30.16262415054888
68,149746,149746_unrelaxed_rank_001_alphafold2_ptm_model_4_seed_000.pdb,36.78373864982235
69,5396,5396_unrelaxed_rank_001_alphafold2_ptm_model_3_seed_000.pdb,49.40802559414991
70,30856,30856_unrelaxed_rank_001_alphafold2_ptm_model_2_seed_000.pdb,31.77602685624013
71,110696,110696_unrelaxed_rank_001_alphafold2_ptm_model_5_seed_000.pdb,62.06051316227924
72,170196,170196_unrelaxed_rank_001_alphafold2_ptm_model_2_seed_000.pdb,36.67431702544032
73,175159,175159_unrelaxed_rank_001_alphafold2_ptm_model_2_seed_000.pdb,46.34502651113469
74,251419,251419_unrelaxed_rank_001_alphafold2_ptm_model_2_seed_000.pdb,37.42226091615323
75,155638,155638_unrelaxed_rank_001_alphafold2_ptm_model_3_seed_000.pdb,47.7160221402214
76,168679,168679_unrelaxed_rank_001_alphafold2_ptm_model_2_seed_000.pdb,34.58464711729622
77,227152,227152_unrelaxed_rank_001_alphafold2_ptm_model_2_seed_000.pdb,52.10959936533121
78,152819,152819_unrelaxed_rank_001_alphafold2_ptm_model_2_seed_000.pdb,36.68661946094107
79,288161,288161_unrelaxed_rank_001_alphafold2_ptm_model_2_seed_000.pdb,32.759328429804924
80,249713,249713_unrelaxed_rank_001_alphafold2_ptm_model_2_seed_000.pdb,38.70879785418192
81,111312,111312_unrelaxed_rank_001_alphafold2_ptm_model_4_seed_000.pdb,44.44576385950064
82,80943,80943_unrelaxed_rank_001_alphafold2_ptm_model_2_seed_000.pdb,34.230800464037124
83,144632,144632_unrelaxed_rank_001_alphafold2_ptm_model_2_seed_000.pdb,70.466115
84,99259,99259_unrelaxed_rank_001_alphafold2_ptm_model_2_seed_000.pdb,40.7469000853971
85,224296,224296_unrelaxed_rank_001_alphafold2_ptm_model_3_seed_000.pdb,35.518317823908376
86,109786,109786_unrelaxed_rank_001_alphafold2_ptm_model_5_seed_000.pdb,46.72566428003182
87,172609,172609_unrelaxed_rank_001_alphafold2_ptm_model_2_seed_000.pdb,37.940973289425536
88,32134,32134_unrelaxed_rank_001_alphafold2_ptm_model_2_seed_000.pdb,41.89287486218303
89,236680,236680_unrelaxed_rank_001_alphafold2_ptm_model_5_seed_000.pdb,78.25749103942653
90,170308,170308_unrelaxed_rank_001_alphafold2_ptm_model_1_seed_000.pdb,42.48227352425483
91,46399,46399_unrelaxed_rank_001_alphafold2_ptm_model_2_seed_000.pdb,35.20112467097392
92,197388,197388_unrelaxed_rank_001_alphafold2_ptm_model_4_seed_000.pdb,45.54717904233171
93,43289,43289_unrelaxed_rank_001_alphafold2_ptm_model_2_seed_000.pdb,48.10937425506555
94,169591,169591_unrelaxed_rank_001_alphafold2_ptm_model_2_seed_000.pdb,41.371356287425144
95,53871,53871_unrelaxed_rank_001_alphafold2_ptm_model_2_seed_000.pdb,33.79033076574536
96,205368,205368_unrelaxed_rank_001_alphafold2_ptm_model_2_seed_000.pdb,29.82776287553648
97,286568,286568_unrelaxed_rank_001_alphafold2_ptm_model_2_seed_000.pdb,33.6525925925926
98,78546,78546_unrelaxed_rank_001_alphafold2_ptm_model_2_seed_000.pdb,33.08379568345324
99,107139,107139_unrelaxed_rank_001_alphafold2_ptm_model_4_seed_000.pdb,45.46827415359208
100,156428,156428_unrelaxed_rank_001_alphafold2_ptm_model_5_seed_000.pdb,87.06071979434446
101,111558,111558_unrelaxed_rank_001_alphafold2_ptm_model_2_seed_000.pdb,33.686123686337915
102,144606,144606_unrelaxed_rank_001_alphafold2_ptm_model_2_seed_000.pdb,38.67242203052422
103,204817,204817_unrelaxed_rank_001_alphafold2_ptm_model_2_seed_000.pdb,34.17860918544194
104,155793,155793_unrelaxed_rank_001_alphafold2_ptm_model_5_seed_000.pdb,61.30460698689957
105,168323,168323_unrelaxed_rank_001_alphafold2_ptm_model_2_seed_000.pdb,44.511569395017794
106,170628,170628_unrelaxed_rank_001_alphafold2_ptm_model_2_seed_000.pdb,34.69269320162696
107,150595,150595_unrelaxed_rank_001_alphafold2_ptm_model_2_seed_000.pdb,47.87972658772875
108,232226,232226_unrelaxed_rank_001_alphafold2_ptm_model_2_seed_000.pdb,34.10783858998145
109,11715,11715_unrelaxed_rank_001_alphafold2_ptm_model_2_seed_000.pdb,44.286397222910985
110,151604,151604_unrelaxed_rank_001_alphafold2_ptm_model_2_seed_000.pdb,37.252718508997425
111,149635,149635_unrelaxed_rank_001_alphafold2_ptm_model_2_seed_000.pdb,38.15394844517185
112,156738,156738_unrelaxed_rank_001_alphafold2_ptm_model_4_seed_000.pdb,60.715372585096596
113,243513,243513_unrelaxed_rank_001_alphafold2_ptm_model_3_seed_000.pdb,55.490186092066594
114,158311,158311_unrelaxed_rank_001_alphafold2_ptm_model_5_seed_000.pdb,44.61024143739472
115,214951,214951_unrelaxed_rank_001_alphafold2_ptm_model_2_seed_000.pdb,36.440136479954504
116,45379,45379_unrelaxed_rank_001_alphafold2_ptm_model_5_seed_000.pdb,38.94801816239316
117,153958,153958_unrelaxed_rank_001_alphafold2_ptm_model_2_seed_000.pdb,32.92638625592417
118,184450,184450_unrelaxed_rank_001_alphafold2_ptm_model_2_seed_000.pdb,33.56263157894737
119,156099,156099_unrelaxed_rank_001_alphafold2_ptm_model_2_seed_000.pdb,34.98064035740879
120,168377,168377_unrelaxed_rank_001_alphafold2_ptm_model_5_seed_000.pdb,40.07415730337079
121,180427,180427_unrelaxed_rank_001_alphafold2_ptm_model_2_seed_000.pdb,33.53139622641509
122,28587,28587_unrelaxed_rank_001_alphafold2_ptm_model_2_seed_000.pdb,41.12464334705075
123,155928,155928_unrelaxed_rank_001_alphafold2_ptm_model_5_seed_000.pdb,46.35375381485249
124,12618,12618_unrelaxed_rank_001_alphafold2_ptm_model_4_seed_000.pdb,62.473178217821776
125,152125,152125_unrelaxed_rank_001_alphafold2_ptm_model_4_seed_000.pdb,48.68415744157441
126,252784,252784_unrelaxed_rank_001_alphafold2_ptm_model_2_seed_000.pdb,34.25924313115603
127,152432,152432_unrelaxed_rank_001_alphafold2_ptm_model_3_seed_000.pdb,66.2110165184244
128,167646,167646_unrelaxed_rank_001_alphafold2_ptm_model_2_seed_000.pdb,37.1261396814864
129,21126,21126_unrelaxed_rank_001_alphafold2_ptm_model_2_seed_000.pdb,36.76755102040816
130,35540,35540_unrelaxed_rank_001_alphafold2_ptm_model_3_seed_000.pdb,46.273270417422864
131,166721,166721_unrelaxed_rank_001_alphafold2_ptm_model_2_seed_000.pdb,33.98204702627939
132,167872,167872_unrelaxed_rank_001_alphafold2_ptm_model_1_seed_000.pdb,44.988444231689805
133,252587,252587_unrelaxed_rank_001_alphafold2_ptm_model_2_seed_000.pdb,49.52916506101477
134,210200,210200_unrelaxed_rank_001_alphafold2_ptm_model_4_seed_000.pdb,46.64255534471854
135,116928,116928_unrelaxed_rank_001_alphafold2_ptm_model_2_seed_000.pdb,75.52721040189125
136,57299,57299_unrelaxed_rank_001_alphafold2_ptm_model_5_seed_000.pdb,52.15182728410513
137,168695,168695_unrelaxed_rank_001_alphafold2_ptm_model_2_seed_000.pdb,35.153389955686855
138,251933,251933_unrelaxed_rank_001_alphafold2_ptm_model_2_seed_000.pdb,79.43509132420091
139,13000,13000_unrelaxed_rank_001_alphafold2_ptm_model_4_seed_000.pdb,35.174194414607946
140,54683,54683_unrelaxed_rank_001_alphafold2_ptm_model_3_seed_000.pdb,36.51157805907173
141,168721,168721_unrelaxed_rank_001_alphafold2_ptm_model_2_seed_000.pdb,38.13000000000001
142,6483,6483_unrelaxed_rank_001_alphafold2_ptm_model_2_seed_000.pdb,41.521078266711456
143,217569,217569_unrelaxed_rank_001_alphafold2_ptm_model_2_seed_000.pdb,42.68075237399562
144,46940,46940_unrelaxed_rank_001_alphafold2_ptm_model_2_seed_000.pdb,36.78253776435045
145,158698,158698_unrelaxed_rank_001_alphafold2_ptm_model_2_seed_000.pdb,49.338328471411906
146,170128,170128_unrelaxed_rank_001_alphafold2_ptm_model_3_seed_000.pdb,45.813006198347104
147,205468,205468_unrelaxed_rank_001_alphafold2_ptm_model_4_seed_000.pdb,47.764674022066195
148,166365,166365_unrelaxed_rank_001_alphafold2_ptm_model_2_seed_000.pdb,39.43600174978128
149,231250,231250_unrelaxed_rank_001_alphafold2_ptm_model_1_seed_000.pdb,66.92376076555024
150,156639,156639_unrelaxed_rank_001_alphafold2_ptm_model_2_seed_000.pdb,38.25429184549356
151,205698,205698_unrelaxed_rank_001_alphafold2_ptm_model_2_seed_000.pdb,34.34888350455515
152,227443,227443_unrelaxed_rank_001_alphafold2_ptm_model_2_seed_000.pdb,40.55178636089318
153,168652,168652_unrelaxed_rank_001_alphafold2_ptm_model_2_seed_000.pdb,36.83625
154,219496,219496_unrelaxed_rank_001_alphafold2_ptm_model_2_seed_000.pdb,36.10294197488972
155,51217,51217_unrelaxed_rank_001_alphafold2_ptm_model_4_seed_000.pdb,38.08700109649123
156,11693,11693_unrelaxed_rank_001_alphafold2_ptm_model_2_seed_000.pdb,39.07183227625088
157,241622,241622_unrelaxed_rank_001_alphafold2_ptm_model_3_seed_000.pdb,32.24536157779401
158,68736,68736_unrelaxed_rank_001_alphafold2_ptm_model_5_seed_000.pdb,29.11763779527559
159,170193,170193_unrelaxed_rank_001_alphafold2_ptm_model_1_seed_000.pdb,37.98372920252438
160,171105,171105_unrelaxed_rank_001_alphafold2_ptm_model_5_seed_000.pdb,42.79333217993079
161,152406,152406_unrelaxed_rank_001_alphafold2_ptm_model_5_seed_000.pdb,54.31220143884891
162,153481,153481_unrelaxed_rank_001_alphafold2_ptm_model_5_seed_000.pdb,40.07253648716658
163,172494,172494_unrelaxed_rank_001_alphafold2_ptm_model_4_seed_000.pdb,63.028467153284666
164,144916,144916_unrelaxed_rank_001_alphafold2_ptm_model_2_seed_000.pdb,35.03021102497846
165,51141,51141_unrelaxed_rank_001_alphafold2_ptm_model_2_seed_000.pdb,33.6617202268431
166,194308,194308_unrelaxed_rank_001_alphafold2_ptm_model_2_seed_000.pdb,72.54396984924622
167,153518,153518_unrelaxed_rank_001_alphafold2_ptm_model_2_seed_000.pdb,38.65596491228071
168,155653,155653_unrelaxed_rank_001_alphafold2_ptm_model_2_seed_000.pdb,75.68046717171717
169,199517,199517_unrelaxed_rank_001_alphafold2_ptm_model_5_seed_000.pdb,41.801918932786045
170,197243,197243_unrelaxed_rank_001_alphafold2_ptm_model_4_seed_000.pdb,38.80561521939245
171,51752,51752_unrelaxed_rank_001_alphafold2_ptm_model_2_seed_000.pdb,58.10324237560192
172,166747,166747_unrelaxed_rank_001_alphafold2_ptm_model_5_seed_000.pdb,38.07267351129363
173,155897,155897_unrelaxed_rank_001_alphafold2_ptm_model_3_seed_000.pdb,63.87771428571428
174,133235,133235_unrelaxed_rank_001_alphafold2_ptm_model_5_seed_000.pdb,57.60032733224223
175,87724,87724_unrelaxed_rank_001_alphafold2_ptm_model_2_seed_000.pdb,43.387514213518635
176,215248,215248_unrelaxed_rank_001_alphafold2_ptm_model_2_seed_000.pdb,66.77810567010309
177,60678,60678_unrelaxed_rank_001_alphafold2_ptm_model_4_seed_000.pdb,42.62746410186942
178,224060,224060_unrelaxed_rank_001_alphafold2_ptm_model_2_seed_000.pdb,36.59799748110831
179,158363,158363_unrelaxed_rank_001_alphafold2_ptm_model_4_seed_000.pdb,37.30006814310052
180,29287,29287_unrelaxed_rank_001_alphafold2_ptm_model_5_seed_000.pdb,39.100756200846945
181,158575,158575_unrelaxed_rank_001_alphafold2_ptm_model_1_seed_000.pdb,43.75345545977011
182,190352,190352_unrelaxed_rank_001_alphafold2_ptm_model_2_seed_000.pdb,48.55714617169374
183,167811,167811_unrelaxed_rank_001_alphafold2_ptm_model_3_seed_000.pdb,63.9907056892779
184,161240,161240_unrelaxed_rank_001_alphafold2_ptm_model_2_seed_000.pdb,43.04788425047438
185,194236,194236_unrelaxed_rank_001_alphafold2_ptm_model_4_seed_000.pdb,44.14204703832752
186,150554,150554_unrelaxed_rank_001_alphafold2_ptm_model_4_seed_000.pdb,51.84966796032773
187,188851,188851_unrelaxed_rank_001_alphafold2_ptm_model_2_seed_000.pdb,51.39324086161879
188,166053,166053_unrelaxed_rank_001_alphafold2_ptm_model_2_seed_000.pdb,35.84811237928007
189,156035,156035_unrelaxed_rank_001_alphafold2_ptm_model_2_seed_000.pdb,40.90429696287965
190,250710,250710_unrelaxed_rank_001_alphafold2_ptm_model_2_seed_000.pdb,36.94273740386125
191,166379,166379_unrelaxed_rank_001_alphafold2_ptm_model_1_seed_000.pdb,34.47917517972001
192,11337,11337_unrelaxed_rank_001_alphafold2_ptm_model_2_seed_000.pdb,64.92214367160776
193,190756,190756_unrelaxed_rank_001_alphafold2_ptm_model_4_seed_000.pdb,60.648312361213925
194,160335,160335_unrelaxed_rank_001_alphafold2_ptm_model_2_seed_000.pdb,40.25150870406189
195,217576,217576_unrelaxed_rank_001_alphafold2_ptm_model_2_seed_000.pdb,33.5176630778974
196,150540,150540_unrelaxed_rank_001_alphafold2_ptm_model_2_seed_000.pdb,36.88776200417536
197,74637,74637_unrelaxed_rank_001_alphafold2_ptm_model_4_seed_000.pdb,66.28730864197532
198,108529,108529_unrelaxed_rank_001_alphafold2_ptm_model_2_seed_000.pdb,40.46165341376474
199,252717,252717_unrelaxed_rank_001_alphafold2_ptm_model_2_seed_000.pdb,36.8513800750597
200,155745,155745_unrelaxed_rank_001_alphafold2_ptm_model_1_seed_000.pdb,41.889027951606174
201,111255,111255_unrelaxed_rank_001_alphafold2_ptm_model_4_seed_000.pdb,42.90649743589744
202,98717,98717_unrelaxed_rank_001_alphafold2_ptm_model_2_seed_000.pdb,35.458843578819234
203,159516,159516_unrelaxed_rank_001_alphafold2_ptm_model_2_seed_000.pdb,37.51323409223584
204,22763,22763_unrelaxed_rank_001_alphafold2_ptm_model_1_seed_000.pdb,44.75657989877079
205,156073,156073_unrelaxed_rank_001_alphafold2_ptm_model_2_seed_000.pdb,56.994122893954405
206,165694,165694_unrelaxed_rank_001_alphafold2_ptm_model_2_seed_000.pdb,29.920883058710608
207,287551,287551_unrelaxed_rank_001_alphafold2_ptm_model_5_seed_000.pdb,59.167290566037735
208,252246,252246_unrelaxed_rank_001_alphafold2_ptm_model_2_seed_000.pdb,35.05618535586277
209,156181,156181_unrelaxed_rank_001_alphafold2_ptm_model_5_seed_000.pdb,88.23619392185239
210,159542,159542_unrelaxed_rank_001_alphafold2_ptm_model_2_seed_000.pdb,35.67741523557904
211,166007,166007_unrelaxed_rank_001_alphafold2_ptm_model_2_seed_000.pdb,40.44395485770363
212,216278,216278_unrelaxed_rank_001_alphafold2_ptm_model_1_seed_000.pdb,44.829875
213,181748,181748_unrelaxed_rank_001_alphafold2_ptm_model_4_seed_000.pdb,44.411032679738554
214,153594,153594_unrelaxed_rank_001_alphafold2_ptm_model_2_seed_000.pdb,33.8805230170737
215,217910,217910_unrelaxed_rank_001_alphafold2_ptm_model_3_seed_000.pdb,42.67969888663967
216,97260,97260_unrelaxed_rank_001_alphafold2_ptm_model_2_seed_000.pdb,36.21146870653686
217,152662,152662_unrelaxed_rank_001_alphafold2_ptm_model_4_seed_000.pdb,47.73773318042814
218,151213,151213_unrelaxed_rank_001_alphafold2_ptm_model_2_seed_000.pdb,38.66582963827305
219,178323,178323_unrelaxed_rank_001_alphafold2_ptm_model_2_seed_000.pdb,41.67235294117648
220,152077,152077_unrelaxed_rank_001_alphafold2_ptm_model_2_seed_000.pdb,37.602146643109535
221,169798,169798_unrelaxed_rank_001_alphafold2_ptm_model_4_seed_000.pdb,36.47564794007491
222,166065,166065_unrelaxed_rank_001_alphafold2_ptm_model_1_seed_000.pdb,42.382008547008546
223,157087,157087_unrelaxed_rank_001_alphafold2_ptm_model_2_seed_000.pdb,32.70759265795976
224,150374,150374_unrelaxed_rank_001_alphafold2_ptm_model_2_seed_000.pdb,35.54118357487923
225,205444,205444_unrelaxed_rank_001_alphafold2_ptm_model_2_seed_000.pdb,33.386840141764594
226,171191,171191_unrelaxed_rank_001_alphafold2_ptm_model_2_seed_000.pdb,28.42101031553398
227,288516,288516_unrelaxed_rank_001_alphafold2_ptm_model_2_seed_000.pdb,46.666879076768694
228,237828,237828_unrelaxed_rank_001_alphafold2_ptm_model_4_seed_000.pdb,55.64278940027895
229,29247,29247_unrelaxed_rank_001_alphafold2_ptm_model_2_seed_000.pdb,38.07113276089828
230,159523,159523_unrelaxed_rank_001_alphafold2_ptm_model_2_seed_000.pdb,32.01400997506234
231,12384,12384_unrelaxed_rank_001_alphafold2_ptm_model_4_seed_000.pdb,41.06276326207443
232,169971,169971_unrelaxed_rank_001_alphafold2_ptm_model_2_seed_000.pdb,39.04905854800937
233,57932,57932_unrelaxed_rank_001_alphafold2_ptm_model_2_seed_000.pdb,35.04508809523809
234,69427,69427_unrelaxed_rank_001_alphafold2_ptm_model_3_seed_000.pdb,70.77483362521892
235,119041,119041_unrelaxed_rank_001_alphafold2_ptm_model_2_seed_000.pdb,41.78783540022548
236,155408,155408_unrelaxed_rank_001_alphafold2_ptm_model_4_seed_000.pdb,40.26397198879552
237,61550,61550_unrelaxed_rank_001_alphafold2_ptm_model_4_seed_000.pdb,87.15014696058783
238,163435,163435_unrelaxed_rank_001_alphafold2_ptm_model_2_seed_000.pdb,37.8270786199095
239,32350,32350_unrelaxed_rank_001_alphafold2_ptm_model_2_seed_000.pdb,37.71196767392832
240,122030,122030_unrelaxed_rank_001_alphafold2_ptm_model_2_seed_000.pdb,35.361458390552045
241,191966,191966_unrelaxed_rank_001_alphafold2_ptm_model_5_seed_000.pdb,44.40740223463687
242,184799,184799_unrelaxed_rank_001_alphafold2_ptm_model_2_seed_000.pdb,36.128186440677965
243,22874,22874_unrelaxed_rank_001_alphafold2_ptm_model_1_seed_000.pdb,34.489980614788145
244,150637,150637_unrelaxed_rank_001_alphafold2_ptm_model_2_seed_000.pdb,50.57749736008447
245,52984,52984_unrelaxed_rank_001_alphafold2_ptm_model_5_seed_000.pdb,44.10568224804107
246,163226,163226_unrelaxed_rank_001_alphafold2_ptm_model_2_seed_000.pdb,35.20062364031907
247,207405,207405_unrelaxed_rank_001_alphafold2_ptm_model_2_seed_000.pdb,37.62432182133899
248,152335,152335_unrelaxed_rank_001_alphafold2_ptm_model_2_seed_000.pdb,37.45841834988018
249,164929,164929_unrelaxed_rank_001_alphafold2_ptm_model_2_seed_000.pdb,32.238703384968446
250,167779,167779_unrelaxed_rank_001_alphafold2_ptm_model_2_seed_000.pdb,33.41070257611241
251,170858,170858_unrelaxed_rank_001_alphafold2_ptm_model_4_seed_000.pdb,37.171703910614525
252,108282,108282_unrelaxed_rank_001_alphafold2_ptm_model_3_seed_000.pdb,55.3259645232816
253,234505,234505_unrelaxed_rank_001_alphafold2_ptm_model_3_seed_000.pdb,38.44378006872852
254,157133,157133_unrelaxed_rank_001_alphafold2_ptm_model_2_seed_000.pdb,31.99941940137036
255,162650,162650_unrelaxed_rank_001_alphafold2_ptm_model_4_seed_000.pdb,40.72027678571429
256,164018,164018_unrelaxed_rank_001_alphafold2_ptm_model_2_seed_000.pdb,29.747443412652352
257,154882,154882_unrelaxed_rank_001_alphafold2_ptm_model_5_seed_000.pdb,43.37060276679842
258,46913,46913_unrelaxed_rank_001_alphafold2_ptm_model_2_seed_000.pdb,33.88138461538461
259,286808,286808_unrelaxed_rank_001_alphafold2_ptm_model_2_seed_000.pdb,31.355085892764187
260,21734,21734_unrelaxed_rank_001_alphafold2_ptm_model_3_seed_000.pdb,75.55072120559741
261,30778,30778_unrelaxed_rank_001_alphafold2_ptm_model_2_seed_000.pdb,38.57222190284565
262,238970,238970_unrelaxed_rank_001_alphafold2_ptm_model_4_seed_000.pdb,41.107887168141595
263,167891,167891_unrelaxed_rank_001_alphafold2_ptm_model_2_seed_000.pdb,37.28643597181931
264,191981,191981_unrelaxed_rank_001_alphafold2_ptm_model_5_seed_000.pdb,41.445975762641034
265,154457,154457_unrelaxed_rank_001_alphafold2_ptm_model_4_seed_000.pdb,42.27993827160494
266,155901,155901_unrelaxed_rank_001_alphafold2_ptm_model_1_seed_000.pdb,39.41759318423855
267,28696,28696_unrelaxed_rank_001_alphafold2_ptm_model_2_seed_000.pdb,32.465479297567256
268,152130,152130_unrelaxed_rank_001_alphafold2_ptm_model_4_seed_000.pdb,40.7327712724434
269,155308,155308_unrelaxed_rank_001_alphafold2_ptm_model_2_seed_000.pdb,32.29923341523342
270,166719,166719_unrelaxed_rank_001_alphafold2_ptm_model_2_seed_000.pdb,35.78832437275986
271,219488,219488_unrelaxed_rank_001_alphafold2_ptm_model_4_seed_000.pdb,37.80724137931035
272,58274,58274_unrelaxed_rank_001_alphafold2_ptm_model_3_seed_000.pdb,44.01453836684448
273,158316,158316_unrelaxed_rank_001_alphafold2_ptm_model_2_seed_000.pdb,41.66819218241043
274,45644,45644_unrelaxed_rank_001_alphafold2_ptm_model_2_seed_000.pdb,36.584738738738736
275,170057,170057_unrelaxed_rank_001_alphafold2_ptm_model_2_seed_000.pdb,37.26539965694682
276,242266,242266_unrelaxed_rank_001_alphafold2_ptm_model_2_seed_000.pdb,37.66421012269939
277,12619,12619_unrelaxed_rank_001_alphafold2_ptm_model_2_seed_000.pdb,38.95554429783223
278,160157,160157_unrelaxed_rank_001_alphafold2_ptm_model_2_seed_000.pdb,39.17048140770252
279,252665,252665_unrelaxed_rank_001_alphafold2_ptm_model_4_seed_000.pdb,33.253903721682846
280,108263,108263_unrelaxed_rank_001_alphafold2_ptm_model_5_seed_000.pdb,32.610487661574616
281,21175,21175_unrelaxed_rank_001_alphafold2_ptm_model_2_seed_000.pdb,39.341130614352096
282,58723,58723_unrelaxed_rank_001_alphafold2_ptm_model_5_seed_000.pdb,36.9620827633379
283,158641,158641_unrelaxed_rank_001_alphafold2_ptm_model_4_seed_000.pdb,51.169173602853746
284,182473,182473_unrelaxed_rank_001_alphafold2_ptm_model_2_seed_000.pdb,40.25180611423974
285,131406,131406_unrelaxed_rank_001_alphafold2_ptm_model_2_seed_000.pdb,38.12482209124645
286,155363,155363_unrelaxed_rank_001_alphafold2_ptm_model_2_seed_000.pdb,50.222097026604075
287,289792,289792_unrelaxed_rank_001_alphafold2_ptm_model_2_seed_000.pdb,41.79632317073171
288,288213,288213_unrelaxed_rank_001_alphafold2_ptm_model_1_seed_000.pdb,41.33825054784514
289,32836,32836_unrelaxed_rank_001_alphafold2_ptm_model_2_seed_000.pdb,34.72851137678365
290,78657,78657_unrelaxed_rank_001_alphafold2_ptm_model_5_seed_000.pdb,82.87366594360087
291,31482,31482_unrelaxed_rank_001_alphafold2_ptm_model_2_seed_000.pdb,50.5327394900069
292,152587,152587_unrelaxed_rank_001_alphafold2_ptm_model_2_seed_000.pdb,34.797322475570034
293,167511,167511_unrelaxed_rank_001_alphafold2_ptm_model_2_seed_000.pdb,34.93144415424797
294,169849,169849_unrelaxed_rank_001_alphafold2_ptm_model_2_seed_000.pdb,34.52238116294495
295,219385,219385_unrelaxed_rank_001_alphafold2_ptm_model_2_seed_000.pdb,31.154235894527925
296,144584,144584_unrelaxed_rank_001_alphafold2_ptm_model_2_seed_000.pdb,44.60920695102686
297,252744,252744_unrelaxed_rank_001_alphafold2_ptm_model_2_seed_000.pdb,36.15632986627044
298,30672,30672_unrelaxed_rank_001_alphafold2_ptm_model_2_seed_000.pdb,36.79017881705639
299,156784,156784_unrelaxed_rank_001_alphafold2_ptm_model_1_seed_000.pdb,55.48045130641329
300,160064,160064_unrelaxed_rank_001_alphafold2_ptm_model_4_seed_000.pdb,46.795990440785985
301,102272,102272_unrelaxed_rank_001_alphafold2_ptm_model_5_seed_000.pdb,37.068474426807754
302,144692,144692_unrelaxed_rank_001_alphafold2_ptm_model_5_seed_000.pdb,52.05854545454545
303,172472,172472_unrelaxed_rank_001_alphafold2_ptm_model_2_seed_000.pdb,44.0435294117647
304,109816,109816_unrelaxed_rank_001_alphafold2_ptm_model_5_seed_000.pdb,38.522235690235696
305,153685,153685_unrelaxed_rank_001_alphafold2_ptm_model_2_seed_000.pdb,37.037253292613094
306,26238,26238_unrelaxed_rank_001_alphafold2_ptm_model_2_seed_000.pdb,43.38220564836913
307,205476,205476_unrelaxed_rank_001_alphafold2_ptm_model_2_seed_000.pdb,42.035003503854234
308,64432,64432_unrelaxed_rank_001_alphafold2_ptm_model_2_seed_000.pdb,48.956168665225086
309,287614,287614_unrelaxed_rank_001_alphafold2_ptm_model_2_seed_000.pdb,35.61280467445743
310,89259,89259_unrelaxed_rank_001_alphafold2_ptm_model_4_seed_000.pdb,38.34155115511551
311,249883,249883_unrelaxed_rank_001_alphafold2_ptm_model_2_seed_000.pdb,40.90675696012039
312,170418,170418_unrelaxed_rank_001_alphafold2_ptm_model_3_seed_000.pdb,45.0322869955157
313,163144,163144_unrelaxed_rank_001_alphafold2_ptm_model_2_seed_000.pdb,32.01994369857081
314,169673,169673_unrelaxed_rank_001_alphafold2_ptm_model_2_seed_000.pdb,34.334128642111054
315,151233,151233_unrelaxed_rank_001_alphafold2_ptm_model_2_seed_000.pdb,34.82586168432795
316,200494,200494_unrelaxed_rank_001_alphafold2_ptm_model_2_seed_000.pdb,35.775440289505426
317,215363,215363_unrelaxed_rank_001_alphafold2_ptm_model_3_seed_000.pdb,54.04437007874015
318,154530,154530_unrelaxed_rank_001_alphafold2_ptm_model_2_seed_000.pdb,33.73064613324406
319,44974,44974_unrelaxed_rank_001_alphafold2_ptm_model_4_seed_000.pdb,47.81333333333333
320,160334,160334_unrelaxed_rank_001_alphafold2_ptm_model_4_seed_000.pdb,48.95881856540085
321,163089,163089_unrelaxed_rank_001_alphafold2_ptm_model_2_seed_000.pdb,34.45988475315371
322,188173,188173_unrelaxed_rank_001_alphafold2_ptm_model_4_seed_000.pdb,36.97712170291532
323,165839,165839_unrelaxed_rank_001_alphafold2_ptm_model_1_seed_000.pdb,58.4590071942446
324,252029,252029_unrelaxed_rank_001_alphafold2_ptm_model_2_seed_000.pdb,40.539270984606446
325,210292,210292_unrelaxed_rank_001_alphafold2_ptm_model_2_seed_000.pdb,33.981981919332405
326,225112,225112_unrelaxed_rank_001_alphafold2_ptm_model_2_seed_000.pdb,34.503478452066844
327,166456,166456_unrelaxed_rank_001_alphafold2_ptm_model_5_seed_000.pdb,38.772516719464974
328,155550,155550_unrelaxed_rank_001_alphafold2_ptm_model_2_seed_000.pdb,50.18553264604811
329,207950,207950_unrelaxed_rank_001_alphafold2_ptm_model_5_seed_000.pdb,47.53515513805864
330,75669,75669_unrelaxed_rank_001_alphafold2_ptm_model_2_seed_000.pdb,42.00388055130169
331,185041,185041_unrelaxed_rank_001_alphafold2_ptm_model_5_seed_000.pdb,39.78173735725938
332,43368,43368_unrelaxed_rank_001_alphafold2_ptm_model_2_seed_000.pdb,37.06304612084376
333,156763,156763_unrelaxed_rank_001_alphafold2_ptm_model_1_seed_000.pdb,39.12957520091849
334,153574,153574_unrelaxed_rank_001_alphafold2_ptm_model_5_seed_000.pdb,46.96133223684211
335,292156,292156_unrelaxed_rank_001_alphafold2_ptm_model_2_seed_000.pdb,37.86582212257101
336,11694,11694_unrelaxed_rank_001_alphafold2_ptm_model_2_seed_000.pdb,32.604204099433055
337,182407,182407_unrelaxed_rank_001_alphafold2_ptm_model_2_seed_000.pdb,44.837607739665785
338,48553,48553_unrelaxed_rank_001_alphafold2_ptm_model_2_seed_000.pdb,38.97765721331689
339,163005,163005_unrelaxed_rank_001_alphafold2_ptm_model_2_seed_000.pdb,37.25676298320968
340,165794,165794_unrelaxed_rank_001_alphafold2_ptm_model_2_seed_000.pdb,35.70352262319106
341,227153,227153_unrelaxed_rank_001_alphafold2_ptm_model_2_seed_000.pdb,36.43817995069844
342,165490,165490_unrelaxed_rank_001_alphafold2_ptm_model_2_seed_000.pdb,45.29579379562044
343,155515,155515_unrelaxed_rank_001_alphafold2_ptm_model_1_seed_000.pdb,35.29206474190726
344,152705,152705_unrelaxed_rank_001_alphafold2_ptm_model_2_seed_000.pdb,36.51379978471475
345,252184,252184_unrelaxed_rank_001_alphafold2_ptm_model_2_seed_000.pdb,35.88363042861198
346,252567,252567_unrelaxed_rank_001_alphafold2_ptm_model_4_seed_000.pdb,45.033824911868386
347,45554,45554_unrelaxed_rank_001_alphafold2_ptm_model_5_seed_000.pdb,42.16603732162459
348,158511,158511_unrelaxed_rank_001_alphafold2_ptm_model_2_seed_000.pdb,52.31767127149705
349,4237,4237_unrelaxed_rank_001_alphafold2_ptm_model_2_seed_000.pdb,37.55349625285109
350,182708,182708_unrelaxed_rank_001_alphafold2_ptm_model_2_seed_000.pdb,36.00304039469627
351,202201,202201_unrelaxed_rank_001_alphafold2_ptm_model_4_seed_000.pdb,45.176500254712174
352,86526,86526_unrelaxed_rank_001_alphafold2_ptm_model_4_seed_000.pdb,52.80097762073027
353,35967,35967_unrelaxed_rank_001_alphafold2_ptm_model_4_seed_000.pdb,44.76771608171817
354,158615,158615_unrelaxed_rank_001_alphafold2_ptm_model_2_seed_000.pdb,45.53489229402621
355,155509,155509_unrelaxed_rank_001_alphafold2_ptm_model_3_seed_000.pdb,61.28990291262135
356,161625,161625_unrelaxed_rank_001_alphafold2_ptm_model_2_seed_000.pdb,40.16845705402254
357,80368,80368_unrelaxed_rank_001_alphafold2_ptm_model_4_seed_000.pdb,53.71219026548673
358,168957,168957_unrelaxed_rank_001_alphafold2_ptm_model_4_seed_000.pdb,41.55378461538461
359,60663,60663_unrelaxed_rank_001_alphafold2_ptm_model_1_seed_000.pdb,36.045219399538105
360,152765,152765_unrelaxed_rank_001_alphafold2_ptm_model_2_seed_000.pdb,48.90525073746313
361,29578,29578_unrelaxed_rank_001_alphafold2_ptm_model_2_seed_000.pdb,43.81900803212851
362,1796,1796_unrelaxed_rank_001_alphafold2_ptm_model_2_seed_000.pdb,32.06045594141271
363,188977,188977_unrelaxed_rank_001_alphafold2_ptm_model_5_seed_000.pdb,37.71622641509433
364,144607,144607_unrelaxed_rank_001_alphafold2_ptm_model_2_seed_000.pdb,42.4659905819038
365,103765,103765_unrelaxed_rank_001_alphafold2_ptm_model_2_seed_000.pdb,39.079766283524904
366,28233,28233_unrelaxed_rank_001_alphafold2_ptm_model_2_seed_000.pdb,48.711093665403354
367,109051,109051_unrelaxed_rank_001_alphafold2_ptm_model_1_seed_000.pdb,38.05903618215845
368,170301,170301_unrelaxed_rank_001_alphafold2_ptm_model_2_seed_000.pdb,36.71371610845295
369,163065,163065_unrelaxed_rank_001_alphafold2_ptm_model_2_seed_000.pdb,46.90227290916366
370,169268,169268_unrelaxed_rank_001_alphafold2_ptm_model_2_seed_000.pdb,31.249384753901563
371,156228,156228_unrelaxed_rank_001_alphafold2_ptm_model_5_seed_000.pdb,40.34354444444445
372,155061,155061_unrelaxed_rank_001_alphafold2_ptm_model_2_seed_000.pdb,31.934177654406668
373,93285,93285_unrelaxed_rank_001_alphafold2_ptm_model_2_seed_000.pdb,44.65455047318612
374,155564,155564_unrelaxed_rank_001_alphafold2_ptm_model_2_seed_000.pdb,32.70430650154799
375,168523,168523_unrelaxed_rank_001_alphafold2_ptm_model_2_seed_000.pdb,35.86088930936613
376,160128,160128_unrelaxed_rank_001_alphafold2_ptm_model_2_seed_000.pdb,33.683648528099916
377,154001,154001_unrelaxed_rank_001_alphafold2_ptm_model_5_seed_000.pdb,38.131693648816935
378,158745,158745_unrelaxed_rank_001_alphafold2_ptm_model_1_seed_000.pdb,44.77881735479356
379,12396,12396_unrelaxed_rank_001_alphafold2_ptm_model_2_seed_000.pdb,34.06691223574631
380,179451,179451_unrelaxed_rank_001_alphafold2_ptm_model_2_seed_000.pdb,35.902
381,150955,150955_unrelaxed_rank_001_alphafold2_ptm_model_2_seed_000.pdb,32.89755164034022
382,153200,153200_unrelaxed_rank_001_alphafold2_ptm_model_2_seed_000.pdb,36.25982787878788
383,215542,215542_unrelaxed_rank_001_alphafold2_ptm_model_2_seed_000.pdb,47.557603589841506
384,80106,80106_unrelaxed_rank_001_alphafold2_ptm_model_5_seed_000.pdb,46.91034246575343
385,206033,206033_unrelaxed_rank_001_alphafold2_ptm_model_4_seed_000.pdb,37.26011674571324
386,153703,153703_unrelaxed_rank_001_alphafold2_ptm_model_4_seed_000.pdb,51.420044893378225
387,170239,170239_unrelaxed_rank_001_alphafold2_ptm_model_2_seed_000.pdb,32.764855627578086
388,92529,92529_unrelaxed_rank_001_alphafold2_ptm_model_2_seed_000.pdb,38.093007367716005
389,74920,74920_unrelaxed_rank_001_alphafold2_ptm_model_2_seed_000.pdb,48.602341211226005
390,22411,22411_unrelaxed_rank_001_alphafold2_ptm_model_2_seed_000.pdb,33.09256732848438
391,215343,215343_unrelaxed_rank_001_alphafold2_ptm_model_2_seed_000.pdb,48.718545454545456
392,217551,217551_unrelaxed_rank_001_alphafold2_ptm_model_3_seed_000.pdb,37.658601036269424
393,154328,154328_unrelaxed_rank_001_alphafold2_ptm_model_2_seed_000.pdb,39.83747054202671
394,150785,150785_unrelaxed_rank_001_alphafold2_ptm_model_2_seed_000.pdb,38.87435998424576
395,166795,166795_unrelaxed_rank_001_alphafold2_ptm_model_3_seed_000.pdb,40.75926660914581
396,18314,18314_unrelaxed_rank_001_alphafold2_ptm_model_2_seed_000.pdb,35.058471870248354
397,25789,25789_unrelaxed_rank_001_alphafold2_ptm_model_2_seed_000.pdb,38.65087814313346
398,156545,156545_unrelaxed_rank_001_alphafold2_ptm_model_2_seed_000.pdb,51.00450064850843
399,166330,166330_unrelaxed_rank_001_alphafold2_ptm_model_2_seed_000.pdb,31.648315105946686
400,156369,156369_unrelaxed_rank_001_alphafold2_ptm_model_2_seed_000.pdb,40.073963988175215
401,56813,56813_unrelaxed_rank_001_alphafold2_ptm_model_3_seed_000.pdb,51.66150306748467
402,8262,8262_unrelaxed_rank_001_alphafold2_ptm_model_4_seed_000.pdb,36.582280809319435
403,201380,201380_unrelaxed_rank_001_alphafold2_ptm_model_2_seed_000.pdb,37.27570018975332
404,61569,61569_unrelaxed_rank_001_alphafold2_ptm_model_4_seed_000.pdb,61.525971272229825
405,160352,160352_unrelaxed_rank_001_alphafold2_ptm_model_2_seed_000.pdb,42.926972124319136
406,165755,165755_unrelaxed_rank_001_alphafold2_ptm_model_2_seed_000.pdb,40.39699053108275
407,132226,132226_unrelaxed_rank_001_alphafold2_ptm_model_3_seed_000.pdb,38.400589569161
408,117244,117244_unrelaxed_rank_001_alphafold2_ptm_model_2_seed_000.pdb,38.77144571588055
409,31120,31120_unrelaxed_rank_001_alphafold2_ptm_model_2_seed_000.pdb,45.37563447379818
410,144635,144635_unrelaxed_rank_001_alphafold2_ptm_model_2_seed_000.pdb,37.654099831744254
411,165916,165916_unrelaxed_rank_001_alphafold2_ptm_model_2_seed_000.pdb,32.28118208212361
412,45906,45906_unrelaxed_rank_001_alphafold2_ptm_model_2_seed_000.pdb,34.29550796057619
413,249982,249982_unrelaxed_rank_001_alphafold2_ptm_model_2_seed_000.pdb,58.639392692959106
414,201616,201616_unrelaxed_rank_001_alphafold2_ptm_model_2_seed_000.pdb,36.9108070678128
415,110838,110838_unrelaxed_rank_001_alphafold2_ptm_model_2_seed_000.pdb,42.98069488817892
416,132669,132669_unrelaxed_rank_001_alphafold2_ptm_model_2_seed_000.pdb,36.64863526151714
417,60345,60345_unrelaxed_rank_001_alphafold2_ptm_model_5_seed_000.pdb,79.9386243902439
418,144026,144026_unrelaxed_rank_001_alphafold2_ptm_model_2_seed_000.pdb,39.486167108753314
419,167309,167309_unrelaxed_rank_001_alphafold2_ptm_model_2_seed_000.pdb,28.44019177576987
420,197152,197152_unrelaxed_rank_001_alphafold2_ptm_model_5_seed_000.pdb,33.95466845277964
421,155882,155882_unrelaxed_rank_001_alphafold2_ptm_model_2_seed_000.pdb,32.86587547169812
422,161643,161643_unrelaxed_rank_001_alphafold2_ptm_model_5_seed_000.pdb,37.23322188449848
423,169596,169596_unrelaxed_rank_001_alphafold2_ptm_model_2_seed_000.pdb,38.98937007874015
424,154828,154828_unrelaxed_rank_001_alphafold2_ptm_model_5_seed_000.pdb,79.08446428571429
425,240710,240710_unrelaxed_rank_001_alphafold2_ptm_model_3_seed_000.pdb,62.76684045881125
426,17145,17145_unrelaxed_rank_001_alphafold2_ptm_model_5_seed_000.pdb,58.18921782178218
427,252645,252645_unrelaxed_rank_001_alphafold2_ptm_model_2_seed_000.pdb,31.777740809678917
428,150238,150238_unrelaxed_rank_001_alphafold2_ptm_model_4_seed_000.pdb,47.10790931989924
429,151070,151070_unrelaxed_rank_001_alphafold2_ptm_model_2_seed_000.pdb,34.924661859771255
430,169734,169734_unrelaxed_rank_001_alphafold2_ptm_model_2_seed_000.pdb,46.09593338497289
431,113339,113339_unrelaxed_rank_001_alphafold2_ptm_model_2_seed_000.pdb,36.95627126580303
432,170183,170183_unrelaxed_rank_001_alphafold2_ptm_model_2_seed_000.pdb,41.110877499999994
433,245544,245544_unrelaxed_rank_001_alphafold2_ptm_model_2_seed_000.pdb,35.01718896713615
434,151487,151487_unrelaxed_rank_001_alphafold2_ptm_model_2_seed_000.pdb,42.664523543851814
435,162998,162998_unrelaxed_rank_001_alphafold2_ptm_model_2_seed_000.pdb,43.886
436,186856,186856_unrelaxed_rank_001_alphafold2_ptm_model_4_seed_000.pdb,67.40930061349694
437,223321,223321_unrelaxed_rank_001_alphafold2_ptm_model_2_seed_000.pdb,38.30261682242991
438,199871,199871_unrelaxed_rank_001_alphafold2_ptm_model_2_seed_000.pdb,38.14244876744877
439,170380,170380_unrelaxed_rank_001_alphafold2_ptm_model_2_seed_000.pdb,36.73350764852365
440,187809,187809_unrelaxed_rank_001_alphafold2_ptm_model_3_seed_000.pdb,38.71211966900064
441,64148,64148_unrelaxed_rank_001_alphafold2_ptm_model_2_seed_000.pdb,41.4950266502665
442,115694,115694_unrelaxed_rank_001_alphafold2_ptm_model_2_seed_000.pdb,34.659304943710225
443,207132,207132_unrelaxed_rank_001_alphafold2_ptm_model_3_seed_000.pdb,40.45971020408164
444,45685,45685_unrelaxed_rank_001_alphafold2_ptm_model_2_seed_000.pdb,36.38570557899671
445,32180,32180_unrelaxed_rank_001_alphafold2_ptm_model_2_seed_000.pdb,35.21338466276563
446,156673,156673_unrelaxed_rank_001_alphafold2_ptm_model_2_seed_000.pdb,52.900605523182165
447,159965,159965_unrelaxed_rank_001_alphafold2_ptm_model_2_seed_000.pdb,45.75278922872341
448,238695,238695_unrelaxed_rank_001_alphafold2_ptm_model_2_seed_000.pdb,34.55322413793103
449,150538,150538_unrelaxed_rank_001_alphafold2_ptm_model_2_seed_000.pdb,34.60111919927207
450,238749,238749_unrelaxed_rank_001_alphafold2_ptm_model_1_seed_000.pdb,37.47048642533936
451,217531,217531_unrelaxed_rank_001_alphafold2_ptm_model_2_seed_000.pdb,39.81539795464651
452,107349,107349_unrelaxed_rank_001_alphafold2_ptm_model_2_seed_000.pdb,38.73003188521323
453,152602,152602_unrelaxed_rank_001_alphafold2_ptm_model_4_seed_000.pdb,34.01832623250152
454,149405,149405_unrelaxed_rank_001_alphafold2_ptm_model_2_seed_000.pdb,56.170999194198224
455,160319,160319_unrelaxed_rank_001_alphafold2_ptm_model_2_seed_000.pdb,36.677619728377415
456,61522,61522_unrelaxed_rank_001_alphafold2_ptm_model_4_seed_000.pdb,63.661844349680166
457,288323,288323_unrelaxed_rank_001_alphafold2_ptm_model_2_seed_000.pdb,34.62851976284585
458,226869,226869_unrelaxed_rank_001_alphafold2_ptm_model_4_seed_000.pdb,74.64587262200165
459,217349,217349_unrelaxed_rank_001_alphafold2_ptm_model_2_seed_000.pdb,37.35842439644218
460,75867,75867_unrelaxed_rank_001_alphafold2_ptm_model_2_seed_000.pdb,32.33223112128147
461,194223,194223_unrelaxed_rank_001_alphafold2_ptm_model_2_seed_000.pdb,38.043340448239064
462,51962,51962_unrelaxed_rank_001_alphafold2_ptm_model_4_seed_000.pdb,49.38759765625
463,296194,296194_unrelaxed_rank_001_alphafold2_ptm_model_2_seed_000.pdb,32.823600262553335
464,46640,46640_unrelaxed_rank_001_alphafold2_ptm_model_1_seed_000.pdb,41.51387024608501
465,58338,58338_unrelaxed_rank_001_alphafold2_ptm_model_5_seed_000.pdb,39.48654241645245
466,152378,152378_unrelaxed_rank_001_alphafold2_ptm_model_2_seed_000.pdb,36.45229976736457
467,251946,251946_unrelaxed_rank_001_alphafold2_ptm_model_2_seed_000.pdb,41.623528283796745
468,12791,12791_unrelaxed_rank_001_alphafold2_ptm_model_2_seed_000.pdb,35.27211136890951
469,17172,17172_unrelaxed_rank_001_alphafold2_ptm_model_2_seed_000.pdb,31.58488754615643
470,251867,251867_unrelaxed_rank_001_alphafold2_ptm_model_1_seed_000.pdb,58.14048136645963
471,168008,168008_unrelaxed_rank_001_alphafold2_ptm_model_4_seed_000.pdb,48.599917906618785
472,24968,24968_unrelaxed_rank_001_alphafold2_ptm_model_2_seed_000.pdb,42.980610112186866
473,48910,48910_unrelaxed_rank_001_alphafold2_ptm_model_2_seed_000.pdb,39.6038217623498
474,209702,209702_unrelaxed_rank_001_alphafold2_ptm_model_5_seed_000.pdb,35.789020425177156
475,205966,205966_unrelaxed_rank_001_alphafold2_ptm_model_2_seed_000.pdb,34.549366722850955
476,34390,34390_unrelaxed_rank_001_alphafold2_ptm_model_5_seed_000.pdb,43.53211804258499
477,6171,6171_unrelaxed_rank_001_alphafold2_ptm_model_4_seed_000.pdb,40.06567338709677
478,153310,153310_unrelaxed_rank_001_alphafold2_ptm_model_2_seed_000.pdb,44.7368621399177
479,158669,158669_unrelaxed_rank_001_alphafold2_ptm_model_2_seed_000.pdb,30.24817998487522
480,23879,23879_unrelaxed_rank_001_alphafold2_ptm_model_4_seed_000.pdb,70.94279943100996
481,133739,133739_unrelaxed_rank_001_alphafold2_ptm_model_5_seed_000.pdb,77.56809015421116
482,238651,238651_unrelaxed_rank_001_alphafold2_ptm_model_4_seed_000.pdb,77.8641290950373
483,12332,12332_unrelaxed_rank_001_alphafold2_ptm_model_2_seed_000.pdb,44.86861854159032
484,157520,157520_unrelaxed_rank_001_alphafold2_ptm_model_2_seed_000.pdb,57.00778933680104
485,54530,54530_unrelaxed_rank_001_alphafold2_ptm_model_3_seed_000.pdb,35.24048540274358
486,35343,35343_unrelaxed_rank_001_alphafold2_ptm_model_5_seed_000.pdb,53.51159739790388
487,162150,162150_unrelaxed_rank_001_alphafold2_ptm_model_1_seed_000.pdb,37.38177707676131
488,168492,168492_unrelaxed_rank_001_alphafold2_ptm_model_2_seed_000.pdb,34.55735963581184
489,150419,150419_unrelaxed_rank_001_alphafold2_ptm_model_1_seed_000.pdb,41.77002100840336
490,149785,149785_unrelaxed_rank_001_alphafold2_ptm_model_2_seed_000.pdb,38.717615369762505
491,59607,59607_unrelaxed_rank_001_alphafold2_ptm_model_3_seed_000.pdb,46.06148829431438
492,169206,169206_unrelaxed_rank_001_alphafold2_ptm_model_2_seed_000.pdb,38.43188694267515
493,150408,150408_unrelaxed_rank_001_alphafold2_ptm_model_2_seed_000.pdb,54.490974975625605
494,109506,109506_unrelaxed_rank_001_alphafold2_ptm_model_2_seed_000.pdb,35.85362007168459
495,245573,245573_unrelaxed_rank_001_alphafold2_ptm_model_2_seed_000.pdb,42.17151433691757
496,156455,156455_unrelaxed_rank_001_alphafold2_ptm_model_2_seed_000.pdb,51.704243589743584
497,286617,286617_unrelaxed_rank_001_alphafold2_ptm_model_4_seed_000.pdb,37.97068597035505
498,153052,153052_unrelaxed_rank_001_alphafold2_ptm_model_5_seed_000.pdb,47.76319610778444
499,162984,162984_unrelaxed_rank_001_alphafold2_ptm_model_3_seed_000.pdb,42.84393745557925
500,149648,149648_unrelaxed_rank_001_alphafold2_ptm_model_2_seed_000.pdb,33.858762577606505
501,240969,240969_unrelaxed_rank_001_alphafold2_ptm_model_3_seed_000.pdb,43.401809523809526
502,168841,168841_unrelaxed_rank_001_alphafold2_ptm_model_2_seed_000.pdb,34.60945528455285
503,98463,98463_unrelaxed_rank_001_alphafold2_ptm_model_2_seed_000.pdb,31.66275120902741
504,21624,21624_unrelaxed_rank_001_alphafold2_ptm_model_2_seed_000.pdb,72.43951327433629
505,152330,152330_unrelaxed_rank_001_alphafold2_ptm_model_3_seed_000.pdb,36.1775118708452
506,160542,160542_unrelaxed_rank_001_alphafold2_ptm_model_4_seed_000.pdb,62.56509487666034
507,81009,81009_unrelaxed_rank_001_alphafold2_ptm_model_3_seed_000.pdb,43.950923076923075
508,206677,206677_unrelaxed_rank_001_alphafold2_ptm_model_2_seed_000.pdb,44.94644178454842
509,165454,165454_unrelaxed_rank_001_alphafold2_ptm_model_5_seed_000.pdb,62.372775842044135
510,31474,31474_unrelaxed_rank_001_alphafold2_ptm_model_2_seed_000.pdb,35.81748575769085
511,160311,160311_unrelaxed_rank_001_alphafold2_ptm_model_2_seed_000.pdb,36.20242004264392
512,155448,155448_unrelaxed_rank_001_alphafold2_ptm_model_1_seed_000.pdb,37.069498131340104
513,166480,166480_unrelaxed_rank_001_alphafold2_ptm_model_2_seed_000.pdb,36.1566415229885
514,12749,12749_unrelaxed_rank_001_alphafold2_ptm_model_2_seed_000.pdb,35.89349437627811
515,156003,156003_unrelaxed_rank_001_alphafold2_ptm_model_2_seed_000.pdb,40.58793650793651
516,165819,165819_unrelaxed_rank_001_alphafold2_ptm_model_2_seed_000.pdb,43.60702097902098
517,201231,201231_unrelaxed_rank_001_alphafold2_ptm_model_5_seed_000.pdb,35.913333333333334
518,152787,152787_unrelaxed_rank_001_alphafold2_ptm_model_2_seed_000.pdb,37.13211538461539
519,185258,185258_unrelaxed_rank_001_alphafold2_ptm_model_4_seed_000.pdb,39.98452754693752
520,30605,30605_unrelaxed_rank_001_alphafold2_ptm_model_2_seed_000.pdb,63.74573136427566
521,151403,151403_unrelaxed_rank_001_alphafold2_ptm_model_2_seed_000.pdb,43.79021415270018
522,218287,218287_unrelaxed_rank_001_alphafold2_ptm_model_2_seed_000.pdb,43.05984136858476
523,111596,111596_unrelaxed_rank_001_alphafold2_ptm_model_2_seed_000.pdb,33.17356824054499
524,164372,164372_unrelaxed_rank_001_alphafold2_ptm_model_4_seed_000.pdb,58.781249107780155
525,149419,149419_unrelaxed_rank_001_alphafold2_ptm_model_4_seed_000.pdb,41.09399028452464
526,53979,53979_unrelaxed_rank_001_alphafold2_ptm_model_2_seed_000.pdb,39.69294070189592
527,228028,228028_unrelaxed_rank_001_alphafold2_ptm_model_2_seed_000.pdb,39.58553939393939
528,155840,155840_unrelaxed_rank_001_alphafold2_ptm_model_5_seed_000.pdb,44.47307101727448
529,55038,55038_unrelaxed_rank_001_alphafold2_ptm_model_5_seed_000.pdb,34.11994428969359
530,160448,160448_unrelaxed_rank_001_alphafold2_ptm_model_4_seed_000.pdb,69.81252013808977
531,207332,207332_unrelaxed_rank_001_alphafold2_ptm_model_2_seed_000.pdb,38.28387741935484
532,206872,206872_unrelaxed_rank_001_alphafold2_ptm_model_2_seed_000.pdb,81.68621376811595
533,60538,60538_unrelaxed_rank_001_alphafold2_ptm_model_2_seed_000.pdb,30.77787502674941
534,180738,180738_unrelaxed_rank_001_alphafold2_ptm_model_2_seed_000.pdb,34.68121739130435
535,159688,159688_unrelaxed_rank_001_alphafold2_ptm_model_2_seed_000.pdb,33.05307317073171
536,150114,150114_unrelaxed_rank_001_alphafold2_ptm_model_4_seed_000.pdb,32.75017076502732
537,152739,152739_unrelaxed_rank_001_alphafold2_ptm_model_2_seed_000.pdb,35.889006506066465
538,156464,156464_unrelaxed_rank_001_alphafold2_ptm_model_1_seed_000.pdb,35.29514576584914
539,144574,144574_unrelaxed_rank_001_alphafold2_ptm_model_4_seed_000.pdb,57.92431418522861
540,165898,165898_unrelaxed_rank_001_alphafold2_ptm_model_2_seed_000.pdb,36.28652259719755
541,98345,98345_unrelaxed_rank_001_alphafold2_ptm_model_5_seed_000.pdb,75.00717730496453
542,80359,80359_unrelaxed_rank_001_alphafold2_ptm_model_2_seed_000.pdb,49.65897238278741
543,158782,158782_unrelaxed_rank_001_alphafold2_ptm_model_3_seed_000.pdb,42.82269523809524
544,159438,159438_unrelaxed_rank_001_alphafold2_ptm_model_2_seed_000.pdb,36.17007915567282
545,217467,217467_unrelaxed_rank_001_alphafold2_ptm_model_2_seed_000.pdb,42.940895084372706
546,27230,27230_unrelaxed_rank_001_alphafold2_ptm_model_2_seed_000.pdb,33.74081421424875
547,156737,156737_unrelaxed_rank_001_alphafold2_ptm_model_5_seed_000.pdb,65.21531481481482
548,60541,60541_unrelaxed_rank_001_alphafold2_ptm_model_2_seed_000.pdb,37.58353772645829
549,160134,160134_unrelaxed_rank_001_alphafold2_ptm_model_4_seed_000.pdb,36.406140177690034
550,169748,169748_unrelaxed_rank_001_alphafold2_ptm_model_2_seed_000.pdb,38.40052995391705
551,53867,53867_unrelaxed_rank_001_alphafold2_ptm_model_4_seed_000.pdb,43.81010309278351
552,11813,11813_unrelaxed_rank_001_alphafold2_ptm_model_2_seed_000.pdb,35.32899540380827
553,242410,242410_unrelaxed_rank_001_alphafold2_ptm_model_2_seed_000.pdb,38.41584225128815
554,30722,30722_unrelaxed_rank_001_alphafold2_ptm_model_2_seed_000.pdb,36.313698660224034
555,155645,155645_unrelaxed_rank_001_alphafold2_ptm_model_2_seed_000.pdb,46.05816666666667
556,103245,103245_unrelaxed_rank_001_alphafold2_ptm_model_2_seed_000.pdb,36.7707922392886
557,218875,218875_unrelaxed_rank_001_alphafold2_ptm_model_2_seed_000.pdb,36.724030497592295
558,30709,30709_unrelaxed_rank_001_alphafold2_ptm_model_3_seed_000.pdb,31.902480674631057
559,241195,241195_unrelaxed_rank_001_alphafold2_ptm_model_2_seed_000.pdb,50.86790697674419
560,57804,57804_unrelaxed_rank_001_alphafold2_ptm_model_2_seed_000.pdb,39.042335630965006
561,224665,224665_unrelaxed_rank_001_alphafold2_ptm_model_5_seed_000.pdb,73.8905567606652
562,169954,169954_unrelaxed_rank_001_alphafold2_ptm_model_4_seed_000.pdb,53.24335108562065
563,150550,150550_unrelaxed_rank_001_alphafold2_ptm_model_4_seed_000.pdb,42.4000453661698
564,150053,150053_unrelaxed_rank_001_alphafold2_ptm_model_2_seed_000.pdb,36.339691396508734
565,240614,240614_unrelaxed_rank_001_alphafold2_ptm_model_2_seed_000.pdb,37.62920420420421
566,217375,217375_unrelaxed_rank_001_alphafold2_ptm_model_4_seed_000.pdb,51.63066880684858
567,60151,60151_unrelaxed_rank_001_alphafold2_ptm_model_2_seed_000.pdb,46.15629921259842
568,58615,58615_unrelaxed_rank_001_alphafold2_ptm_model_2_seed_000.pdb,35.15273294203962
569,150970,150970_unrelaxed_rank_001_alphafold2_ptm_model_2_seed_000.pdb,33.92901921802518
570,152977,152977_unrelaxed_rank_001_alphafold2_ptm_model_5_seed_000.pdb,42.787212078651685
571,223888,223888_unrelaxed_rank_001_alphafold2_ptm_model_2_seed_000.pdb,57.56388308977035
572,206921,206921_unrelaxed_rank_001_alphafold2_ptm_model_2_seed_000.pdb,38.80898253068933
573,156911,156911_unrelaxed_rank_001_alphafold2_ptm_model_1_seed_000.pdb,49.74970535714286
574,169946,169946_unrelaxed_rank_001_alphafold2_ptm_model_4_seed_000.pdb,45.91706393054459
575,239578,239578_unrelaxed_rank_001_alphafold2_ptm_model_2_seed_000.pdb,37.85494025545942
576,153462,153462_unrelaxed_rank_001_alphafold2_ptm_model_2_seed_000.pdb,38.06834472285497
577,170265,170265_unrelaxed_rank_001_alphafold2_ptm_model_2_seed_000.pdb,29.73046202531646
578,165466,165466_unrelaxed_rank_001_alphafold2_ptm_model_2_seed_000.pdb,33.469751892346515
579,159966,159966_unrelaxed_rank_001_alphafold2_ptm_model_3_seed_000.pdb,61.440652755484216
580,184481,184481_unrelaxed_rank_001_alphafold2_ptm_model_2_seed_000.pdb,33.18860465116279
581,46922,46922_unrelaxed_rank_001_alphafold2_ptm_model_2_seed_000.pdb,37.90070974576271
582,78437,78437_unrelaxed_rank_001_alphafold2_ptm_model_3_seed_000.pdb,34.16649494949495
583,2660,2660_unrelaxed_rank_001_alphafold2_ptm_model_2_seed_000.pdb,32.104561562925944
584,155729,155729_unrelaxed_rank_001_alphafold2_ptm_model_5_seed_000.pdb,42.59373248645619
585,63483,63483_unrelaxed_rank_001_alphafold2_ptm_model_1_seed_000.pdb,33.59348322379799
586,185716,185716_unrelaxed_rank_001_alphafold2_ptm_model_3_seed_000.pdb,48.94809494826537
587,158731,158731_unrelaxed_rank_001_alphafold2_ptm_model_3_seed_000.pdb,59.67661538461539
588,156373,156373_unrelaxed_rank_001_alphafold2_ptm_model_2_seed_000.pdb,43.14689850249584
589,153869,153869_unrelaxed_rank_001_alphafold2_ptm_model_5_seed_000.pdb,51.90113702623907
590,156972,156972_unrelaxed_rank_001_alphafold2_ptm_model_2_seed_000.pdb,33.058908465835835
591,12434,12434_unrelaxed_rank_001_alphafold2_ptm_model_3_seed_000.pdb,33.89183850931677
592,177651,177651_unrelaxed_rank_001_alphafold2_ptm_model_2_seed_000.pdb,35.074075029308325
593,205711,205711_unrelaxed_rank_001_alphafold2_ptm_model_2_seed_000.pdb,35.10747569184742
594,172457,172457_unrelaxed_rank_001_alphafold2_ptm_model_2_seed_000.pdb,30.845437595129376
595,29808,29808_unrelaxed_rank_001_alphafold2_ptm_model_4_seed_000.pdb,41.86415122312824
596,11669,11669_unrelaxed_rank_001_alphafold2_ptm_model_2_seed_000.pdb,35.99340343498072
597,117742,117742_unrelaxed_rank_001_alphafold2_ptm_model_2_seed_000.pdb,31.8873543821448
598,205239,205239_unrelaxed_rank_001_alphafold2_ptm_model_2_seed_000.pdb,62.11355220667384
599,206049,206049_unrelaxed_rank_001_alphafold2_ptm_model_3_seed_000.pdb,79.9800845665962
600,59822,59822_unrelaxed_rank_001_alphafold2_ptm_model_2_seed_000.pdb,34.51112287334593
601,34536,34536_unrelaxed_rank_001_alphafold2_ptm_model_2_seed_000.pdb,34.84508692365836
602,80145,80145_unrelaxed_rank_001_alphafold2_ptm_model_4_seed_000.pdb,40.63560304449648
603,166486,166486_unrelaxed_rank_001_alphafold2_ptm_model_2_seed_000.pdb,40.32705108750633
604,157691,157691_unrelaxed_rank_001_alphafold2_ptm_model_2_seed_000.pdb,39.22726808336739
605,166185,166185_unrelaxed_rank_001_alphafold2_ptm_model_4_seed_000.pdb,39.4979129886507
606,9299,9299_unrelaxed_rank_001_alphafold2_ptm_model_2_seed_000.pdb,39.30050949050949
607,205995,205995_unrelaxed_rank_001_alphafold2_ptm_model_2_seed_000.pdb,32.46017627441639
608,163158,163158_unrelaxed_rank_001_alphafold2_ptm_model_3_seed_000.pdb,45.69076049943246
609,152074,152074_unrelaxed_rank_001_alphafold2_ptm_model_4_seed_000.pdb,46.81822401614531
610,187394,187394_unrelaxed_rank_001_alphafold2_ptm_model_4_seed_000.pdb,54.13156188605109
611,43854,43854_unrelaxed_rank_001_alphafold2_ptm_model_4_seed_000.pdb,44.37888489208633
612,156602,156602_unrelaxed_rank_001_alphafold2_ptm_model_3_seed_000.pdb,39.14868163265306
613,152349,152349_unrelaxed_rank_001_alphafold2_ptm_model_2_seed_000.pdb,40.30950557542605
614,197665,197665_unrelaxed_rank_001_alphafold2_ptm_model_2_seed_000.pdb,37.847639311043565
615,205867,205867_unrelaxed_rank_001_alphafold2_ptm_model_2_seed_000.pdb,39.77789602346805
616,169669,169669_unrelaxed_rank_001_alphafold2_ptm_model_2_seed_000.pdb,43.33308475509081
617,155580,155580_unrelaxed_rank_001_alphafold2_ptm_model_2_seed_000.pdb,36.56963204471355
618,12764,12764_unrelaxed_rank_001_alphafold2_ptm_model_4_seed_000.pdb,40.12332393483709
619,167818,167818_unrelaxed_rank_001_alphafold2_ptm_model_2_seed_000.pdb,35.867483296213805
620,209010,209010_unrelaxed_rank_001_alphafold2_ptm_model_2_seed_000.pdb,44.87915942028986
621,168418,168418_unrelaxed_rank_001_alphafold2_ptm_model_2_seed_000.pdb,38.11343021582734
622,207446,207446_unrelaxed_rank_001_alphafold2_ptm_model_2_seed_000.pdb,33.967217023845464
623,152943,152943_unrelaxed_rank_001_alphafold2_ptm_model_5_seed_000.pdb,40.05552319067891
624,158644,158644_unrelaxed_rank_001_alphafold2_ptm_model_4_seed_000.pdb,34.887083087802004
625,12677,12677_unrelaxed_rank_001_alphafold2_ptm_model_2_seed_000.pdb,36.72502328914368
626,32214,32214_unrelaxed_rank_001_alphafold2_ptm_model_2_seed_000.pdb,37.148801369863016
627,198454,198454_unrelaxed_rank_001_alphafold2_ptm_model_4_seed_000.pdb,61.63468244084682
628,150773,150773_unrelaxed_rank_001_alphafold2_ptm_model_2_seed_000.pdb,36.325955642530985
629,158656,158656_unrelaxed_rank_001_alphafold2_ptm_model_3_seed_000.pdb,66.04563279857398
630,58118,58118_unrelaxed_rank_001_alphafold2_ptm_model_2_seed_000.pdb,55.77040420637529
631,79828,79828_unrelaxed_rank_001_alphafold2_ptm_model_5_seed_000.pdb,43.71598242811502
632,239474,239474_unrelaxed_rank_001_alphafold2_ptm_model_2_seed_000.pdb,39.32386715997181
633,153931,153931_unrelaxed_rank_001_alphafold2_ptm_model_2_seed_000.pdb,36.73032235701907
634,50538,50538_unrelaxed_rank_001_alphafold2_ptm_model_4_seed_000.pdb,45.56769058295964
635,152856,152856_unrelaxed_rank_001_alphafold2_ptm_model_2_seed_000.pdb,37.869095061375965
636,153488,153488_unrelaxed_rank_001_alphafold2_ptm_model_4_seed_000.pdb,36.594987154784846
637,151357,151357_unrelaxed_rank_001_alphafold2_ptm_model_2_seed_000.pdb,42.61569648093842
638,144546,144546_unrelaxed_rank_001_alphafold2_ptm_model_5_seed_000.pdb,47.78162559890486
639,155625,155625_unrelaxed_rank_001_alphafold2_ptm_model_2_seed_000.pdb,46.821401564537155
640,218708,218708_unrelaxed_rank_001_alphafold2_ptm_model_2_seed_000.pdb,43.988093694755456
641,169401,169401_unrelaxed_rank_001_alphafold2_ptm_model_5_seed_000.pdb,86.64990689013035
642,54331,54331_unrelaxed_rank_001_alphafold2_ptm_model_2_seed_000.pdb,46.142018160515526
643,163020,163020_unrelaxed_rank_001_alphafold2_ptm_model_5_seed_000.pdb,45.048092861464006
644,16896,16896_unrelaxed_rank_001_alphafold2_ptm_model_2_seed_000.pdb,43.51155963302752
645,158313,158313_unrelaxed_rank_001_alphafold2_ptm_model_2_seed_000.pdb,38.62988679245283
646,99112,99112_unrelaxed_rank_001_alphafold2_ptm_model_2_seed_000.pdb,35.45946539849131
647,245495,245495_unrelaxed_rank_001_alphafold2_ptm_model_2_seed_000.pdb,38.69914948453608
648,159691,159691_unrelaxed_rank_001_alphafold2_ptm_model_2_seed_000.pdb,32.796839550332145
649,169407,169407_unrelaxed_rank_001_alphafold2_ptm_model_4_seed_000.pdb,76.79497816593886
650,151961,151961_unrelaxed_rank_001_alphafold2_ptm_model_1_seed_000.pdb,37.77758343634115
651,170883,170883_unrelaxed_rank_001_alphafold2_ptm_model_2_seed_000.pdb,37.758336557059955
652,102965,102965_unrelaxed_rank_001_alphafold2_ptm_model_5_seed_000.pdb,45.413787715517245
653,156858,156858_unrelaxed_rank_001_alphafold2_ptm_model_2_seed_000.pdb,38.27044864226682
654,144644,144644_unrelaxed_rank_001_alphafold2_ptm_model_3_seed_000.pdb,41.453575025176235
655,156609,156609_unrelaxed_rank_001_alphafold2_ptm_model_5_seed_000.pdb,34.58818481848185
656,206935,206935_unrelaxed_rank_001_alphafold2_ptm_model_2_seed_000.pdb,33.098533221897206
657,170237,170237_unrelaxed_rank_001_alphafold2_ptm_model_5_seed_000.pdb,41.485728476821194
658,109841,109841_unrelaxed_rank_001_alphafold2_ptm_model_3_seed_000.pdb,74.8273475177305
659,215190,215190_unrelaxed_rank_001_alphafold2_ptm_model_4_seed_000.pdb,62.40807625649913
660,152356,152356_unrelaxed_rank_001_alphafold2_ptm_model_2_seed_000.pdb,31.665861861861863
661,249959,249959_unrelaxed_rank_001_alphafold2_ptm_model_2_seed_000.pdb,38.51279169413315
662,251066,251066_unrelaxed_rank_001_alphafold2_ptm_model_2_seed_000.pdb,52.96198564593301
663,156636,156636_unrelaxed_rank_001_alphafold2_ptm_model_5_seed_000.pdb,49.49529429075926
664,43860,43860_unrelaxed_rank_001_alphafold2_ptm_model_2_seed_000.pdb,46.30877540106952
665,85626,85626_unrelaxed_rank_001_alphafold2_ptm_model_2_seed_000.pdb,48.06735651033125
666,168212,168212_unrelaxed_rank_001_alphafold2_ptm_model_3_seed_000.pdb,50.31573284823285
667,30326,30326_unrelaxed_rank_001_alphafold2_ptm_model_2_seed_000.pdb,33.44886441507587
668,217492,217492_unrelaxed_rank_001_alphafold2_ptm_model_4_seed_000.pdb,45.80566093853271
669,22709,22709_unrelaxed_rank_001_alphafold2_ptm_model_2_seed_000.pdb,34.954662545079856
670,149823,149823_unrelaxed_rank_001_alphafold2_ptm_model_1_seed_000.pdb,40.302058516196446
671,206010,206010_unrelaxed_rank_001_alphafold2_ptm_model_4_seed_000.pdb,39.539216965742256
672,30487,30487_unrelaxed_rank_001_alphafold2_ptm_model_4_seed_000.pdb,38.13404814004376
673,225967,225967_unrelaxed_rank_001_alphafold2_ptm_model_2_seed_000.pdb,56.44480966325035
674,168768,168768_unrelaxed_rank_001_alphafold2_ptm_model_2_seed_000.pdb,40.65620834929146
675,249307,249307_unrelaxed_rank_001_alphafold2_ptm_model_2_seed_000.pdb,29.99141523525019
676,152310,152310_unrelaxed_rank_001_alphafold2_ptm_model_2_seed_000.pdb,42.958112025068544
677,185729,185729_unrelaxed_rank_001_alphafold2_ptm_model_2_seed_000.pdb,37.71197410358565
678,185117,185117_unrelaxed_rank_001_alphafold2_ptm_model_2_seed_000.pdb,37.58397440868554
679,206958,206958_unrelaxed_rank_001_alphafold2_ptm_model_4_seed_000.pdb,34.80685284640172
680,40287,40287_unrelaxed_rank_001_alphafold2_ptm_model_4_seed_000.pdb,43.79440988106129
681,177558,177558_unrelaxed_rank_001_alphafold2_ptm_model_2_seed_000.pdb,36.3486715079026
682,170271,170271_unrelaxed_rank_001_alphafold2_ptm_model_2_seed_000.pdb,38.84328747628084
683,144063,144063_unrelaxed_rank_001_alphafold2_ptm_model_2_seed_000.pdb,34.3033182005778
684,11748,11748_unrelaxed_rank_001_alphafold2_ptm_model_4_seed_000.pdb,38.72268414481898
685,49733,49733_unrelaxed_rank_001_alphafold2_ptm_model_3_seed_000.pdb,33.233642158946026
686,156593,156593_unrelaxed_rank_001_alphafold2_ptm_model_2_seed_000.pdb,39.85341614906832
687,124467,124467_unrelaxed_rank_001_alphafold2_ptm_model_2_seed_000.pdb,36.78351958895312
688,204861,204861_unrelaxed_rank_001_alphafold2_ptm_model_2_seed_000.pdb,32.52345890410959
689,217427,217427_unrelaxed_rank_001_alphafold2_ptm_model_2_seed_000.pdb,40.69713411970293
690,170548,170548_unrelaxed_rank_001_alphafold2_ptm_model_2_seed_000.pdb,34.57137968144641
691,110476,110476_unrelaxed_rank_001_alphafold2_ptm_model_2_seed_000.pdb,36.31590655807973
692,2080,2080_unrelaxed_rank_001_alphafold2_ptm_model_2_seed_000.pdb,38.74742898761835
693,156272,156272_unrelaxed_rank_001_alphafold2_ptm_model_2_seed_000.pdb,40.671692578468765
694,157932,157932_unrelaxed_rank_001_alphafold2_ptm_model_2_seed_000.pdb,36.47990580847724
695,188031,188031_unrelaxed_rank_001_alphafold2_ptm_model_2_seed_000.pdb,42.41738850574713
696,109939,109939_unrelaxed_rank_001_alphafold2_ptm_model_2_seed_000.pdb,33.842435219460604
697,95968,95968_unrelaxed_rank_001_alphafold2_ptm_model_2_seed_000.pdb,34.71077774052967
698,163046,163046_unrelaxed_rank_001_alphafold2_ptm_model_2_seed_000.pdb,45.72054212454213
699,144025,144025_unrelaxed_rank_001_alphafold2_ptm_model_2_seed_000.pdb,31.031089542892925
700,251844,251844_unrelaxed_rank_001_alphafold2_ptm_model_3_seed_000.pdb,43.443659751037345
701,159717,159717_unrelaxed_rank_001_alphafold2_ptm_model_2_seed_000.pdb,34.506560239461216
702,154839,154839_unrelaxed_rank_001_alphafold2_ptm_model_2_seed_000.pdb,33.158139963167585
703,187653,187653_unrelaxed_rank_001_alphafold2_ptm_model_1_seed_000.pdb,43.89788830004077
704,52031,52031_unrelaxed_rank_001_alphafold2_ptm_model_5_seed_000.pdb,69.61765829145727
705,51860,51860_unrelaxed_rank_001_alphafold2_ptm_model_2_seed_000.pdb,65.89796440489434
706,35634,35634_unrelaxed_rank_001_alphafold2_ptm_model_2_seed_000.pdb,36.59945052212829
707,166757,166757_unrelaxed_rank_001_alphafold2_ptm_model_2_seed_000.pdb,38.19774506149832
708,124220,124220_unrelaxed_rank_001_alphafold2_ptm_model_2_seed_000.pdb,39.87150505050505
709,172536,172536_unrelaxed_rank_001_alphafold2_ptm_model_2_seed_000.pdb,34.651958491669106
710,154727,154727_unrelaxed_rank_001_alphafold2_ptm_model_1_seed_000.pdb,37.67935
711,205314,205314_unrelaxed_rank_001_alphafold2_ptm_model_2_seed_000.pdb,43.806215001728305
712,242159,242159_unrelaxed_rank_001_alphafold2_ptm_model_4_seed_000.pdb,71.47704648526077
713,87154,87154_unrelaxed_rank_001_alphafold2_ptm_model_2_seed_000.pdb,52.06306311522872
714,167547,167547_unrelaxed_rank_001_alphafold2_ptm_model_2_seed_000.pdb,35.60237984753066
715,166108,166108_unrelaxed_rank_001_alphafold2_ptm_model_5_seed_000.pdb,39.54749033505154
716,154156,154156_unrelaxed_rank_001_alphafold2_ptm_model_2_seed_000.pdb,40.81748018494055
717,131984,131984_unrelaxed_rank_001_alphafold2_ptm_model_5_seed_000.pdb,43.89582512315271
718,172568,172568_unrelaxed_rank_001_alphafold2_ptm_model_2_seed_000.pdb,38.24102701587956
719,156398,156398_unrelaxed_rank_001_alphafold2_ptm_model_2_seed_000.pdb,43.226953008717835
720,23807,23807_unrelaxed_rank_001_alphafold2_ptm_model_2_seed_000.pdb,32.521343795978424
721,153041,153041_unrelaxed_rank_001_alphafold2_ptm_model_2_seed_000.pdb,35.2243682024916
722,144668,144668_unrelaxed_rank_001_alphafold2_ptm_model_2_seed_000.pdb,35.462266666666665
723,144352,144352_unrelaxed_rank_001_alphafold2_ptm_model_2_seed_000.pdb,34.068069018015734
724,116234,116234_unrelaxed_rank_001_alphafold2_ptm_model_3_seed_000.pdb,38.24547734271887
725,252072,252072_unrelaxed_rank_001_alphafold2_ptm_model_2_seed_000.pdb,32.68578779710855
726,156168,156168_unrelaxed_rank_001_alphafold2_ptm_model_4_seed_000.pdb,49.008199233716475
727,121317,121317_unrelaxed_rank_001_alphafold2_ptm_model_2_seed_000.pdb,31.640895810363837
728,31899,31899_unrelaxed_rank_001_alphafold2_ptm_model_2_seed_000.pdb,33.72785741663473
729,27712,27712_unrelaxed_rank_001_alphafold2_ptm_model_3_seed_000.pdb,40.92111631537861
730,165528,165528_unrelaxed_rank_001_alphafold2_ptm_model_1_seed_000.pdb,48.45441558441558
731,25403,25403_unrelaxed_rank_001_alphafold2_ptm_model_4_seed_000.pdb,34.83041329739443
732,119089,119089_unrelaxed_rank_001_alphafold2_ptm_model_2_seed_000.pdb,41.10369689283449
733,876,876_unrelaxed_rank_001_alphafold2_ptm_model_2_seed_000.pdb,53.704113084813606
734,216332,216332_unrelaxed_rank_001_alphafold2_ptm_model_5_seed_000.pdb,39.68526793431288
735,251,251_unrelaxed_rank_001_alphafold2_ptm_model_2_seed_000.pdb,37.84494220556076
736,207378,207378_unrelaxed_rank_001_alphafold2_ptm_model_2_seed_000.pdb,35.58658739321173
737,151615,151615_unrelaxed_rank_001_alphafold2_ptm_model_4_seed_000.pdb,36.03367141659681
738,53393,53393_unrelaxed_rank_001_alphafold2_ptm_model_4_seed_000.pdb,37.052498682129674
739,109668,109668_unrelaxed_rank_001_alphafold2_ptm_model_2_seed_000.pdb,41.831765455704264
740,104574,104574_unrelaxed_rank_001_alphafold2_ptm_model_3_seed_000.pdb,50.6580465116279
741,153936,153936_unrelaxed_rank_001_alphafold2_ptm_model_2_seed_000.pdb,32.856521875983624
742,150692,150692_unrelaxed_rank_001_alphafold2_ptm_model_3_seed_000.pdb,37.23446295821584
743,167538,167538_unrelaxed_rank_001_alphafold2_ptm_model_3_seed_000.pdb,43.08523144104803
744,223755,223755_unrelaxed_rank_001_alphafold2_ptm_model_3_seed_000.pdb,58.52018867924529
745,155676,155676_unrelaxed_rank_001_alphafold2_ptm_model_2_seed_000.pdb,36.568082051282055
746,60295,60295_unrelaxed_rank_001_alphafold2_ptm_model_4_seed_000.pdb,53.951604714415225
747,17161,17161_unrelaxed_rank_001_alphafold2_ptm_model_2_seed_000.pdb,32.138805484545664
748,245534,245534_unrelaxed_rank_001_alphafold2_ptm_model_2_seed_000.pdb,30.906642655809584
749,10840,10840_unrelaxed_rank_001_alphafold2_ptm_model_2_seed_000.pdb,35.52592285849503
750,200882,200882_unrelaxed_rank_001_alphafold2_ptm_model_2_seed_000.pdb,34.88236167341431
751,29268,29268_unrelaxed_rank_001_alphafold2_ptm_model_2_seed_000.pdb,34.21040089801154
752,107933,107933_unrelaxed_rank_001_alphafold2_ptm_model_2_seed_000.pdb,51.61417344173441
753,156538,156538_unrelaxed_rank_001_alphafold2_ptm_model_2_seed_000.pdb,43.61076498712762
754,169056,169056_unrelaxed_rank_001_alphafold2_ptm_model_4_seed_000.pdb,47.65465550239234
755,25007,25007_unrelaxed_rank_001_alphafold2_ptm_model_2_seed_000.pdb,50.352866847826085
756,153428,153428_unrelaxed_rank_001_alphafold2_ptm_model_2_seed_000.pdb,35.080159081755944
757,152944,152944_unrelaxed_rank_001_alphafold2_ptm_model_2_seed_000.pdb,32.17250637379878
758,149708,149708_unrelaxed_rank_001_alphafold2_ptm_model_5_seed_000.pdb,39.18025878003697
759,251288,251288_unrelaxed_rank_001_alphafold2_ptm_model_2_seed_000.pdb,40.93075577557756
760,155853,155853_unrelaxed_rank_001_alphafold2_ptm_model_2_seed_000.pdb,41.12285331905782
761,163086,163086_unrelaxed_rank_001_alphafold2_ptm_model_2_seed_000.pdb,33.86506026231832
762,155595,155595_unrelaxed_rank_001_alphafold2_ptm_model_5_seed_000.pdb,59.0030890410959
763,187235,187235_unrelaxed_rank_001_alphafold2_ptm_model_4_seed_000.pdb,59.25750627615063
764,59139,59139_unrelaxed_rank_001_alphafold2_ptm_model_2_seed_000.pdb,42.71037468776019
765,168258,168258_unrelaxed_rank_001_alphafold2_ptm_model_2_seed_000.pdb,37.812665354926594
766,26726,26726_unrelaxed_rank_001_alphafold2_ptm_model_4_seed_000.pdb,66.1539715536105
767,215616,215616_unrelaxed_rank_001_alphafold2_ptm_model_2_seed_000.pdb,39.2557270628967
768,202528,202528_unrelaxed_rank_001_alphafold2_ptm_model_2_seed_000.pdb,54.85016231474947
769,155807,155807_unrelaxed_rank_001_alphafold2_ptm_model_5_seed_000.pdb,46.14562605042018
770,165993,165993_unrelaxed_rank_001_alphafold2_ptm_model_2_seed_000.pdb,32.97370498084291
771,152021,152021_unrelaxed_rank_001_alphafold2_ptm_model_2_seed_000.pdb,48.718709677419355
772,58562,58562_unrelaxed_rank_001_alphafold2_ptm_model_3_seed_000.pdb,86.74084990958407
773,56882,56882_unrelaxed_rank_001_alphafold2_ptm_model_5_seed_000.pdb,50.67514444444445
774,160732,160732_unrelaxed_rank_001_alphafold2_ptm_model_2_seed_000.pdb,34.87729905629678
775,189414,189414_unrelaxed_rank_001_alphafold2_ptm_model_4_seed_000.pdb,44.59781117533718
776,223465,223465_unrelaxed_rank_001_alphafold2_ptm_model_2_seed_000.pdb,36.10459890887048
777,155966,155966_unrelaxed_rank_001_alphafold2_ptm_model_2_seed_000.pdb,38.76926729986432
778,152154,152154_unrelaxed_rank_001_alphafold2_ptm_model_4_seed_000.pdb,41.529646875
779,153033,153033_unrelaxed_rank_001_alphafold2_ptm_model_4_seed_000.pdb,45.257190827190826
780,29795,29795_unrelaxed_rank_001_alphafold2_ptm_model_2_seed_000.pdb,38.60217039106145
781,155298,155298_unrelaxed_rank_001_alphafold2_ptm_model_4_seed_000.pdb,76.22230036297641
782,155894,155894_unrelaxed_rank_001_alphafold2_ptm_model_5_seed_000.pdb,35.355623464373465
783,205286,205286_unrelaxed_rank_001_alphafold2_ptm_model_3_seed_000.pdb,46.58457871396896
784,152152,152152_unrelaxed_rank_001_alphafold2_ptm_model_2_seed_000.pdb,40.083910068426206
785,128662,128662_unrelaxed_rank_001_alphafold2_ptm_model_4_seed_000.pdb,35.39111893907999
786,32387,32387_unrelaxed_rank_001_alphafold2_ptm_model_2_seed_000.pdb,36.62251448130595
787,165191,165191_unrelaxed_rank_001_alphafold2_ptm_model_3_seed_000.pdb,35.70014403292181
788,151945,151945_unrelaxed_rank_001_alphafold2_ptm_model_2_seed_000.pdb,41.02272812793979
789,32258,32258_unrelaxed_rank_001_alphafold2_ptm_model_2_seed_000.pdb,34.08578883788355
790,58848,58848_unrelaxed_rank_001_alphafold2_ptm_model_5_seed_000.pdb,32.850464625132
791,162693,162693_unrelaxed_rank_001_alphafold2_ptm_model_2_seed_000.pdb,40.97856345885635
792,159689,159689_unrelaxed_rank_001_alphafold2_ptm_model_2_seed_000.pdb,34.04073359073359
793,207327,207327_unrelaxed_rank_001_alphafold2_ptm_model_4_seed_000.pdb,42.75229841748305
794,227769,227769_unrelaxed_rank_001_alphafold2_ptm_model_3_seed_000.pdb,64.04625242718448
795,97943,97943_unrelaxed_rank_001_alphafold2_ptm_model_4_seed_000.pdb,51.78496495327103
796,250679,250679_unrelaxed_rank_001_alphafold2_ptm_model_2_seed_000.pdb,33.213248158018494
797,11591,11591_unrelaxed_rank_001_alphafold2_ptm_model_1_seed_000.pdb,42.53335054207537
798,205913,205913_unrelaxed_rank_001_alphafold2_ptm_model_2_seed_000.pdb,33.2025009147457
799,80077,80077_unrelaxed_rank_001_alphafold2_ptm_model_4_seed_000.pdb,41.138456675344
800,166105,166105_unrelaxed_rank_001_alphafold2_ptm_model_2_seed_000.pdb,36.39931926751592
801,252650,252650_unrelaxed_rank_001_alphafold2_ptm_model_1_seed_000.pdb,38.53773251866939
802,10834,10834_unrelaxed_rank_001_alphafold2_ptm_model_2_seed_000.pdb,34.08413030303031
803,57794,57794_unrelaxed_rank_001_alphafold2_ptm_model_2_seed_000.pdb,32.94375518219506
804,170267,170267_unrelaxed_rank_001_alphafold2_ptm_model_1_seed_000.pdb,33.55088147036759
805,144393,144393_unrelaxed_rank_001_alphafold2_ptm_model_4_seed_000.pdb,60.61785025524673
806,152936,152936_unrelaxed_rank_001_alphafold2_ptm_model_4_seed_000.pdb,46.972225015713384
807,223620,223620_unrelaxed_rank_001_alphafold2_ptm_model_2_seed_000.pdb,40.77646315789474
808,49928,49928_unrelaxed_rank_001_alphafold2_ptm_model_5_seed_000.pdb,49.61941798941798
809,239014,239014_unrelaxed_rank_001_alphafold2_ptm_model_1_seed_000.pdb,55.72784331797235
810,182015,182015_unrelaxed_rank_001_alphafold2_ptm_model_2_seed_000.pdb,44.10347713864307
811,194594,194594_unrelaxed_rank_001_alphafold2_ptm_model_4_seed_000.pdb,42.06754785779398
812,29734,29734_unrelaxed_rank_001_alphafold2_ptm_model_2_seed_000.pdb,49.74776612480336
813,219395,219395_unrelaxed_rank_001_alphafold2_ptm_model_2_seed_000.pdb,38.94434424622623
814,217785,217785_unrelaxed_rank_001_alphafold2_ptm_model_5_seed_000.pdb,48.40758276643991
815,155873,155873_unrelaxed_rank_001_alphafold2_ptm_model_2_seed_000.pdb,58.55729508196721
816,156533,156533_unrelaxed_rank_001_alphafold2_ptm_model_4_seed_000.pdb,37.171386001386
817,132457,132457_unrelaxed_rank_001_alphafold2_ptm_model_3_seed_000.pdb,44.9051689612015
818,157088,157088_unrelaxed_rank_001_alphafold2_ptm_model_2_seed_000.pdb,30.209938499384997
819,156030,156030_unrelaxed_rank_001_alphafold2_ptm_model_2_seed_000.pdb,34.8018073188947
820,150891,150891_unrelaxed_rank_001_alphafold2_ptm_model_2_seed_000.pdb,32.553571849234395
821,23669,23669_unrelaxed_rank_001_alphafold2_ptm_model_2_seed_000.pdb,38.61581344902387
822,21547,21547_unrelaxed_rank_001_alphafold2_ptm_model_5_seed_000.pdb,51.36487071557426
823,234648,234648_unrelaxed_rank_001_alphafold2_ptm_model_4_seed_000.pdb,58.554105712760276
824,32002,32002_unrelaxed_rank_001_alphafold2_ptm_model_4_seed_000.pdb,44.48393909136296
825,53558,53558_unrelaxed_rank_001_alphafold2_ptm_model_2_seed_000.pdb,32.206376319758675
826,193638,193638_unrelaxed_rank_001_alphafold2_ptm_model_4_seed_000.pdb,72.58659851301114
827,152942,152942_unrelaxed_rank_001_alphafold2_ptm_model_2_seed_000.pdb,32.62197953964194
828,159022,159022_unrelaxed_rank_001_alphafold2_ptm_model_5_seed_000.pdb,36.64535413153457
829,92003,92003_unrelaxed_rank_001_alphafold2_ptm_model_2_seed_000.pdb,33.67967779960707
830,117200,117200_unrelaxed_rank_001_alphafold2_ptm_model_2_seed_000.pdb,37.799792915531334
831,205452,205452_unrelaxed_rank_001_alphafold2_ptm_model_2_seed_000.pdb,38.11888550779763
832,219238,219238_unrelaxed_rank_001_alphafold2_ptm_model_2_seed_000.pdb,35.8163654946852
833,167201,167201_unrelaxed_rank_001_alphafold2_ptm_model_2_seed_000.pdb,29.822936327458784
834,53359,53359_unrelaxed_rank_001_alphafold2_ptm_model_2_seed_000.pdb,33.44156869948567
835,50407,50407_unrelaxed_rank_001_alphafold2_ptm_model_2_seed_000.pdb,37.34591449977964
836,162922,162922_unrelaxed_rank_001_alphafold2_ptm_model_3_seed_000.pdb,36.77598039215686
837,223652,223652_unrelaxed_rank_001_alphafold2_ptm_model_5_seed_000.pdb,75.74680395387149
838,170112,170112_unrelaxed_rank_001_alphafold2_ptm_model_2_seed_000.pdb,41.237795395308424
839,113692,113692_unrelaxed_rank_001_alphafold2_ptm_model_2_seed_000.pdb,35.73484052532833
840,227608,227608_unrelaxed_rank_001_alphafold2_ptm_model_2_seed_000.pdb,38.961899293286216
841,158756,158756_unrelaxed_rank_001_alphafold2_ptm_model_2_seed_000.pdb,43.80098511693834
842,205704,205704_unrelaxed_rank_001_alphafold2_ptm_model_3_seed_000.pdb,42.558189473684216
843,217617,217617_unrelaxed_rank_001_alphafold2_ptm_model_5_seed_000.pdb,36.99270965023178
844,249913,249913_unrelaxed_rank_001_alphafold2_ptm_model_2_seed_000.pdb,38.635732224396605
845,157218,157218_unrelaxed_rank_001_alphafold2_ptm_model_3_seed_000.pdb,39.06904377880185
846,98161,98161_unrelaxed_rank_001_alphafold2_ptm_model_2_seed_000.pdb,41.46652444444444
847,167980,167980_unrelaxed_rank_001_alphafold2_ptm_model_5_seed_000.pdb,43.833370883882154
848,152323,152323_unrelaxed_rank_001_alphafold2_ptm_model_2_seed_000.pdb,38.23747899159664
849,156961,156961_unrelaxed_rank_001_alphafold2_ptm_model_5_seed_000.pdb,86.44740322580645
850,163236,163236_unrelaxed_rank_001_alphafold2_ptm_model_3_seed_000.pdb,42.50511199601792
851,165768,165768_unrelaxed_rank_001_alphafold2_ptm_model_5_seed_000.pdb,42.4493076923077
852,32962,32962_unrelaxed_rank_001_alphafold2_ptm_model_1_seed_000.pdb,36.1733717277487
853,170698,170698_unrelaxed_rank_001_alphafold2_ptm_model_2_seed_000.pdb,34.99150804289545
854,218334,218334_unrelaxed_rank_001_alphafold2_ptm_model_5_seed_000.pdb,68.33270731707317
855,153871,153871_unrelaxed_rank_001_alphafold2_ptm_model_2_seed_000.pdb,38.50480012492192
856,160054,160054_unrelaxed_rank_001_alphafold2_ptm_model_2_seed_000.pdb,52.48347234416155
857,252173,252173_unrelaxed_rank_001_alphafold2_ptm_model_2_seed_000.pdb,36.43555189456343
858,222840,222840_unrelaxed_rank_001_alphafold2_ptm_model_1_seed_000.pdb,35.80543344709898
859,215539,215539_unrelaxed_rank_001_alphafold2_ptm_model_5_seed_000.pdb,59.02552444233507
860,179438,179438_unrelaxed_rank_001_alphafold2_ptm_model_2_seed_000.pdb,38.71238893219017
861,250086,250086_unrelaxed_rank_001_alphafold2_ptm_model_2_seed_000.pdb,36.870229357798166
862,49923,49923_unrelaxed_rank_001_alphafold2_ptm_model_2_seed_000.pdb,28.974099641810483
863,288378,288378_unrelaxed_rank_001_alphafold2_ptm_model_2_seed_000.pdb,33.36202860368837
864,178392,178392_unrelaxed_rank_001_alphafold2_ptm_model_3_seed_000.pdb,37.30729268292683
865,151356,151356_unrelaxed_rank_001_alphafold2_ptm_model_2_seed_000.pdb,36.29958344904193
866,26534,26534_unrelaxed_rank_001_alphafold2_ptm_model_1_seed_000.pdb,60.96243750000001
867,53806,53806_unrelaxed_rank_001_alphafold2_ptm_model_3_seed_000.pdb,40.1264870259481
868,184981,184981_unrelaxed_rank_001_alphafold2_ptm_model_4_seed_000.pdb,48.678519458544834
869,32994,32994_unrelaxed_rank_001_alphafold2_ptm_model_2_seed_000.pdb,40.6694123505976
870,57866,57866_unrelaxed_rank_001_alphafold2_ptm_model_1_seed_000.pdb,75.00419630156472
871,178473,178473_unrelaxed_rank_001_alphafold2_ptm_model_4_seed_000.pdb,39.42268373493976
872,191179,191179_unrelaxed_rank_001_alphafold2_ptm_model_2_seed_000.pdb,39.00663695050722
873,164421,164421_unrelaxed_rank_001_alphafold2_ptm_model_5_seed_000.pdb,70.48577885391445
874,154453,154453_unrelaxed_rank_001_alphafold2_ptm_model_4_seed_000.pdb,40.77443889141299
875,45652,45652_unrelaxed_rank_001_alphafold2_ptm_model_2_seed_000.pdb,31.969712004562304
876,154441,154441_unrelaxed_rank_001_alphafold2_ptm_model_4_seed_000.pdb,38.276785544460296
877,97369,97369_unrelaxed_rank_001_alphafold2_ptm_model_2_seed_000.pdb,70.01988217967599
878,168783,168783_unrelaxed_rank_001_alphafold2_ptm_model_5_seed_000.pdb,34.81676528599606
879,155624,155624_unrelaxed_rank_001_alphafold2_ptm_model_5_seed_000.pdb,53.25405405405406
880,103805,103805_unrelaxed_rank_001_alphafold2_ptm_model_3_seed_000.pdb,58.068296460176995
881,12483,12483_unrelaxed_rank_001_alphafold2_ptm_model_1_seed_000.pdb,37.02652173913043
882,151908,151908_unrelaxed_rank_001_alphafold2_ptm_model_2_seed_000.pdb,31.083141860891903
883,67477,67477_unrelaxed_rank_001_alphafold2_ptm_model_4_seed_000.pdb,45.48691042838598
884,155670,155670_unrelaxed_rank_001_alphafold2_ptm_model_2_seed_000.pdb,45.73027106227106
885,112180,112180_unrelaxed_rank_001_alphafold2_ptm_model_2_seed_000.pdb,40.39561258278146
886,219381,219381_unrelaxed_rank_001_alphafold2_ptm_model_2_seed_000.pdb,44.70645028759244
887,218339,218339_unrelaxed_rank_001_alphafold2_ptm_model_2_seed_000.pdb,32.539740380157625
888,166513,166513_unrelaxed_rank_001_alphafold2_ptm_model_2_seed_000.pdb,43.7437362917623
889,58055,58055_unrelaxed_rank_001_alphafold2_ptm_model_2_seed_000.pdb,34.954243740947646
890,156898,156898_unrelaxed_rank_001_alphafold2_ptm_model_4_seed_000.pdb,64.46099085365854
891,32070,32070_unrelaxed_rank_001_alphafold2_ptm_model_2_seed_000.pdb,35.862037956204375
892,191297,191297_unrelaxed_rank_001_alphafold2_ptm_model_2_seed_000.pdb,43.47499373433584
893,238777,238777_unrelaxed_rank_001_alphafold2_ptm_model_2_seed_000.pdb,70.83243887775551
894,32294,32294_unrelaxed_rank_001_alphafold2_ptm_model_2_seed_000.pdb,37.85226896323286
895,210225,210225_unrelaxed_rank_001_alphafold2_ptm_model_2_seed_000.pdb,36.05340239691245
896,160186,160186_unrelaxed_rank_001_alphafold2_ptm_model_2_seed_000.pdb,42.103442758620695
897,102868,102868_unrelaxed_rank_001_alphafold2_ptm_model_3_seed_000.pdb,57.395285935085006
898,153843,153843_unrelaxed_rank_001_alphafold2_ptm_model_2_seed_000.pdb,36.37981458202389
899,169292,169292_unrelaxed_rank_001_alphafold2_ptm_model_2_seed_000.pdb,34.308839309428954
900,251794,251794_unrelaxed_rank_001_alphafold2_ptm_model_2_seed_000.pdb,35.780149388048955
901,156009,156009_unrelaxed_rank_001_alphafold2_ptm_model_2_seed_000.pdb,35.14892495636998
902,252113,252113_unrelaxed_rank_001_alphafold2_ptm_model_4_seed_000.pdb,48.895777866880515
903,23378,23378_unrelaxed_rank_001_alphafold2_ptm_model_2_seed_000.pdb,32.844693877551016
904,287539,287539_unrelaxed_rank_001_alphafold2_ptm_model_2_seed_000.pdb,38.82221526068472
905,12598,12598_unrelaxed_rank_001_alphafold2_ptm_model_2_seed_000.pdb,33.73948619008936
906,18795,18795_unrelaxed_rank_001_alphafold2_ptm_model_2_seed_000.pdb,34.899377934272295
907,158592,158592_unrelaxed_rank_001_alphafold2_ptm_model_2_seed_000.pdb,44.169689493832415
908,49888,49888_unrelaxed_rank_001_alphafold2_ptm_model_2_seed_000.pdb,70.0237037037037
909,159010,159010_unrelaxed_rank_001_alphafold2_ptm_model_2_seed_000.pdb,36.4610064516129
910,218895,218895_unrelaxed_rank_001_alphafold2_ptm_model_2_seed_000.pdb,37.959329034857944
911,217359,217359_unrelaxed_rank_001_alphafold2_ptm_model_2_seed_000.pdb,57.522139479905434
912,115218,115218_unrelaxed_rank_001_alphafold2_ptm_model_2_seed_000.pdb,34.55159422539584
913,207170,207170_unrelaxed_rank_001_alphafold2_ptm_model_2_seed_000.pdb,32.59821141185077
914,187440,187440_unrelaxed_rank_001_alphafold2_ptm_model_2_seed_000.pdb,34.05045261239368
915,250713,250713_unrelaxed_rank_001_alphafold2_ptm_model_5_seed_000.pdb,45.85267554012345
916,168414,168414_unrelaxed_rank_001_alphafold2_ptm_model_2_seed_000.pdb,38.270944963655246
917,30037,30037_unrelaxed_rank_001_alphafold2_ptm_model_4_seed_000.pdb,41.15515794223826
918,155499,155499_unrelaxed_rank_001_alphafold2_ptm_model_2_seed_000.pdb,39.448447563996694
919,153524,153524_unrelaxed_rank_001_alphafold2_ptm_model_2_seed_000.pdb,39.14632336149806
920,46153,46153_unrelaxed_rank_001_alphafold2_ptm_model_3_seed_000.pdb,59.73221088435375
921,60579,60579_unrelaxed_rank_001_alphafold2_ptm_model_2_seed_000.pdb,45.04083053691276
922,132654,132654_unrelaxed_rank_001_alphafold2_ptm_model_2_seed_000.pdb,62.56433566433566
923,159128,159128_unrelaxed_rank_001_alphafold2_ptm_model_2_seed_000.pdb,35.273543029693
924,149604,149604_unrelaxed_rank_001_alphafold2_ptm_model_2_seed_000.pdb,34.84464691046658
925,252613,252613_unrelaxed_rank_001_alphafold2_ptm_model_2_seed_000.pdb,47.84964780816786
926,156730,156730_unrelaxed_rank_001_alphafold2_ptm_model_2_seed_000.pdb,39.5460902540766
927,152863,152863_unrelaxed_rank_001_alphafold2_ptm_model_4_seed_000.pdb,32.1668744895181
928,162437,162437_unrelaxed_rank_001_alphafold2_ptm_model_2_seed_000.pdb,41.57732305756527
929,170027,170027_unrelaxed_rank_001_alphafold2_ptm_model_2_seed_000.pdb,40.34643124665596
930,84601,84601_unrelaxed_rank_001_alphafold2_ptm_model_2_seed_000.pdb,37.76663577386469
931,165940,165940_unrelaxed_rank_001_alphafold2_ptm_model_5_seed_000.pdb,49.09687565308256
932,152825,152825_unrelaxed_rank_001_alphafold2_ptm_model_3_seed_000.pdb,40.74203490678302
933,156764,156764_unrelaxed_rank_001_alphafold2_ptm_model_2_seed_000.pdb,45.24766433566434
934,87396,87396_unrelaxed_rank_001_alphafold2_ptm_model_2_seed_000.pdb,59.765268292682926
935,163001,163001_unrelaxed_rank_001_alphafold2_ptm_model_2_seed_000.pdb,37.78228162650602
936,32472,32472_unrelaxed_rank_001_alphafold2_ptm_model_2_seed_000.pdb,41.557751265365155
937,55081,55081_unrelaxed_rank_001_alphafold2_ptm_model_2_seed_000.pdb,36.56512376237624
938,219374,219374_unrelaxed_rank_001_alphafold2_ptm_model_2_seed_000.pdb,35.93637189793779
939,32460,32460_unrelaxed_rank_001_alphafold2_ptm_model_2_seed_000.pdb,31.929335779816515
940,219487,219487_unrelaxed_rank_001_alphafold2_ptm_model_2_seed_000.pdb,33.7087393860222
941,156696,156696_unrelaxed_rank_001_alphafold2_ptm_model_2_seed_000.pdb,62.13328313253012
942,126869,126869_unrelaxed_rank_001_alphafold2_ptm_model_1_seed_000.pdb,62.58827619980412
