,prot,filename,plddt,rmsd
0,soluprot_66585_ss.pdb,soluprot_66585_ss,39.4089885807504,17.67581993027298
1,soluprot_60784_ss.pdb,soluprot_60784_ss,38.943282674772036,19.633077872472928
2,soluprot_98373_ss.pdb,soluprot_98373_ss,39.20211696869851,11.40576665351454
3,soluprot_237048_ss.pdb,soluprot_237048_ss,43.132921793534926,19.277142982202133
4,soluprot_190886_ss.pdb,soluprot_190886_ss,72.69958762886596,9.794353733883435
5,soluprot_65131_ss.pdb,soluprot_65131_ss,47.56818548387096,10.272511736055261
6,soluprot_187235_ss.pdb,soluprot_187235_ss,59.048276150627615,11.011592816830012
7,soluprot_216486_ss.pdb,soluprot_216486_ss,37.04915446386396,17.357426416873412
8,soluprot_238970_ss.pdb,soluprot_238970_ss,41.134878318584065,14.382553732228237
9,soluprot_1628_ss.pdb,soluprot_1628_ss,45.28836370686312,12.275473832438989
10,soluprot_201968_ss.pdb,soluprot_201968_ss,56.99966972477064,4.169740585659391
11,soluprot_154131_ss.pdb,soluprot_154131_ss,36.35007866023852,24.819111142566094
12,soluprot_25942_ss.pdb,soluprot_25942_ss,34.23572517321016,27.537771652761876
13,soluprot_154760_ss.pdb,soluprot_154760_ss,35.45796816087139,19.752033396895502
14,soluprot_61647_ss.pdb,soluprot_61647_ss,35.356508374384234,20.46952044704005
15,soluprot_170566_ss.pdb,soluprot_170566_ss,37.018021904336166,23.22448846043539
16,soluprot_251874_ss.pdb,soluprot_251874_ss,39.66538163716814,17.4041664810955
17,soluprot_46088_ss.pdb,soluprot_46088_ss,38.87623866015352,17.359602381129502
18,soluprot_223619_ss.pdb,soluprot_223619_ss,36.591254878414894,26.31452960107913
19,soluprot_45522_ss.pdb,soluprot_45522_ss,34.497873825503355,26.510296142724222
20,soluprot_111508_ss.pdb,soluprot_111508_ss,43.38981150793651,14.412232758576234
21,soluprot_210326_ss.pdb,soluprot_210326_ss,32.072139227642275,26.015341164695773
22,soluprot_223160_ss.pdb,soluprot_223160_ss,41.43492863140218,14.519830568942904
23,soluprot_102994_ss.pdb,soluprot_102994_ss,46.93341176470589,7.834766344040234
24,soluprot_241770_ss.pdb,soluprot_241770_ss,85.22006544502618,2.3627372648059652
25,soluprot_163217_ss.pdb,soluprot_163217_ss,38.58332066869301,19.745214821079845
26,soluprot_176844_ss.pdb,soluprot_176844_ss,38.29161814843955,22.825181253496623
27,soluprot_237828_ss.pdb,soluprot_237828_ss,51.49163179916318,10.630748060813417
28,soluprot_79161_ss.pdb,soluprot_79161_ss,43.85576943991299,12.6518148316457
29,soluprot_160569_ss.pdb,soluprot_160569_ss,65.2601204819277,6.79505807738557
30,soluprot_46425_ss.pdb,soluprot_46425_ss,39.947272468714445,20.642128140757745
31,soluprot_57768_ss.pdb,soluprot_57768_ss,36.83254545454545,20.8211454599909
32,soluprot_251069_ss.pdb,soluprot_251069_ss,49.79601894414264,22.05995307725234
33,soluprot_240579_ss.pdb,soluprot_240579_ss,46.233109525807805,19.66076564841904
34,soluprot_24468_ss.pdb,soluprot_24468_ss,34.914632549836355,35.14349953751779
35,soluprot_236888_ss.pdb,soluprot_236888_ss,40.130613409415126,21.566781129192737
36,soluprot_215823_ss.pdb,soluprot_215823_ss,41.72652882205514,31.69449768735267
37,soluprot_19683_ss.pdb,soluprot_19683_ss,39.528306845965766,17.819247867336426
38,soluprot_180997_ss.pdb,soluprot_180997_ss,36.99904506437768,6.001412979749995
39,soluprot_210357_ss.pdb,soluprot_210357_ss,35.73208281499911,25.847114947627972
40,soluprot_168876_ss.pdb,soluprot_168876_ss,45.048109995635095,15.535821153930746
41,soluprot_181533_ss.pdb,soluprot_181533_ss,53.548385561285194,14.713070480049682
42,soluprot_167914_ss.pdb,soluprot_167914_ss,37.400344703770195,17.188663388001014
43,soluprot_52077_ss.pdb,soluprot_52077_ss,36.66223097112861,21.70296915992486
44,soluprot_210280_ss.pdb,soluprot_210280_ss,35.17377584330794,18.72174618858933
45,soluprot_58409_ss.pdb,soluprot_58409_ss,34.58520229144289,18.762868034075435
46,soluprot_172416_ss.pdb,soluprot_172416_ss,41.42440011481056,17.63153495782072
47,soluprot_44351_ss.pdb,soluprot_44351_ss,39.06663027656478,13.226865860718613
48,soluprot_98717_ss.pdb,soluprot_98717_ss,35.76823797930614,23.78357595708271
49,soluprot_224898_ss.pdb,soluprot_224898_ss,38.39893243243243,23.354825273136655
50,soluprot_249348_ss.pdb,soluprot_249348_ss,36.19787620889749,24.946107993752534
51,soluprot_242201_ss.pdb,soluprot_242201_ss,53.03652594263617,6.598820595986257
52,soluprot_65304_ss.pdb,soluprot_65304_ss,41.16985209713024,22.32513407170518
53,soluprot_184975_ss.pdb,soluprot_184975_ss,34.587890271493215,13.573883197687367
54,soluprot_116119_ss.pdb,soluprot_116119_ss,35.49289336653837,25.78067850997987
55,soluprot_53794_ss.pdb,soluprot_53794_ss,38.74526288391463,26.0220786980374
56,soluprot_68660_ss.pdb,soluprot_68660_ss,37.584735588375416,15.19272341312921
57,soluprot_240664_ss.pdb,soluprot_240664_ss,80.531738317757,52.42289036759206
58,soluprot_147363_ss.pdb,soluprot_147363_ss,36.49937688442211,22.55465350173547
59,soluprot_237990_ss.pdb,soluprot_237990_ss,60.72163682864449,7.667761452296421
60,soluprot_219517_ss.pdb,soluprot_219517_ss,37.68483927785116,18.828653304951466
61,soluprot_86526_ss.pdb,soluprot_86526_ss,51.98096584216725,5.867303494710807
62,soluprot_215539_ss.pdb,soluprot_215539_ss,60.68200759373517,4.811928544659998
63,soluprot_123916_ss.pdb,soluprot_123916_ss,33.89910818212941,26.48751815265385
64,soluprot_180952_ss.pdb,soluprot_180952_ss,34.49792425345958,27.948291036145086
65,soluprot_149952_ss.pdb,soluprot_149952_ss,41.03592427616927,17.17225681106111
66,soluprot_209687_ss.pdb,soluprot_209687_ss,42.495609318996415,18.5177560500864
67,soluprot_120632_ss.pdb,soluprot_120632_ss,78.21278604849,2.063974762587448
68,soluprot_26302_ss.pdb,soluprot_26302_ss,39.14116850127011,23.11059736623234
69,soluprot_176203_ss.pdb,soluprot_176203_ss,37.72460756501182,23.378344636401724
70,soluprot_215315_ss.pdb,soluprot_215315_ss,35.51077255071213,20.913407502458195
71,soluprot_252249_ss.pdb,soluprot_252249_ss,40.97557794902193,17.734412580602864
72,soluprot_218919_ss.pdb,soluprot_218919_ss,38.409215719632535,25.631727419227193
73,soluprot_20731_ss.pdb,soluprot_20731_ss,34.253543268038676,27.75123151164002
74,soluprot_51666_ss.pdb,soluprot_51666_ss,71.8632974137931,3.4649996180049367
75,soluprot_234511_ss.pdb,soluprot_234511_ss,67.16774193548387,4.069166422300994
76,soluprot_46177_ss.pdb,soluprot_46177_ss,46.04587113740959,14.997166277372854
77,soluprot_49851_ss.pdb,soluprot_49851_ss,34.3643013899049,15.907484865273794
78,soluprot_167865_ss.pdb,soluprot_167865_ss,38.03555226824458,15.432417924567774
79,soluprot_240776_ss.pdb,soluprot_240776_ss,38.574861407249465,23.07694788393041
80,soluprot_216247_ss.pdb,soluprot_216247_ss,65.68757889546352,7.8396995857117115
81,soluprot_286854_ss.pdb,soluprot_286854_ss,37.4477816091954,17.133143404315238
82,soluprot_30856_ss.pdb,soluprot_30856_ss,31.69604791995787,27.994796332031886
83,soluprot_175204_ss.pdb,soluprot_175204_ss,44.967922077922076,9.237195119714219
84,soluprot_187803_ss.pdb,soluprot_187803_ss,39.307493990384614,16.299744613811335
85,soluprot_44308_ss.pdb,soluprot_44308_ss,47.03671080139373,17.08822707127953
86,soluprot_213966_ss.pdb,soluprot_213966_ss,38.36131734754292,18.325424649362738
87,soluprot_64292_ss.pdb,soluprot_64292_ss,41.21381777529347,16.41088293684324
88,soluprot_180919_ss.pdb,soluprot_180919_ss,37.13519477693145,26.493789220761222
89,soluprot_82792_ss.pdb,soluprot_82792_ss,39.287426376440465,12.696818163446009
90,soluprot_74958_ss.pdb,soluprot_74958_ss,33.699009268136784,24.832618865732798
91,soluprot_51750_ss.pdb,soluprot_51750_ss,45.16049130763417,17.400056564390606
92,soluprot_250667_ss.pdb,soluprot_250667_ss,32.951527353512915,18.59612450280389
93,soluprot_51650_ss.pdb,soluprot_51650_ss,39.96003099814011,23.51453230892952
94,soluprot_20707_ss.pdb,soluprot_20707_ss,45.97377728449871,20.598963684283873
95,soluprot_1897_ss.pdb,soluprot_1897_ss,32.437345876701364,19.428217898339174
96,soluprot_201231_ss.pdb,soluprot_201231_ss,35.10709248170326,13.420439794577822
97,soluprot_239043_ss.pdb,soluprot_239043_ss,33.25527669088876,15.881041134421471
98,soluprot_286837_ss.pdb,soluprot_286837_ss,40.89943913320587,15.511880089939185
99,soluprot_237347_ss.pdb,soluprot_237347_ss,42.31636306924517,15.594119298696395
100,soluprot_238192_ss.pdb,soluprot_238192_ss,42.348821034775234,13.161287338457644
101,soluprot_53327_ss.pdb,soluprot_53327_ss,32.04404692082112,17.25768229854726
102,soluprot_187811_ss.pdb,soluprot_187811_ss,35.805067401960784,15.370296426127744
103,soluprot_224571_ss.pdb,soluprot_224571_ss,37.563737892402855,25.419142413675697
104,soluprot_51834_ss.pdb,soluprot_51834_ss,56.040931615460856,9.413216773459576
105,soluprot_185202_ss.pdb,soluprot_185202_ss,41.72165190839695,26.32068081955506
106,soluprot_190627_ss.pdb,soluprot_190627_ss,32.60708926710663,24.250261334026757
107,soluprot_170145_ss.pdb,soluprot_170145_ss,36.142531152647976,21.046436707673905
108,soluprot_20900_ss.pdb,soluprot_20900_ss,36.50540145985402,28.47926166954231
109,soluprot_215503_ss.pdb,soluprot_215503_ss,45.04038737446198,24.851643622187982
110,soluprot_20039_ss.pdb,soluprot_20039_ss,34.930372081712065,28.536172635592468
111,soluprot_217654_ss.pdb,soluprot_217654_ss,40.40036637931035,11.58523910326733
112,soluprot_252880_ss.pdb,soluprot_252880_ss,31.24079777365492,24.39642941822725
113,soluprot_61535_ss.pdb,soluprot_61535_ss,42.69741155396328,13.489406238408685
114,soluprot_78657_ss.pdb,soluprot_78657_ss,82.85112798264642,1.0592541120092365
115,soluprot_215792_ss.pdb,soluprot_215792_ss,44.5247521685254,20.70121318769126
116,soluprot_252228_ss.pdb,soluprot_252228_ss,40.87001395186606,14.370613144351402
117,soluprot_171378_ss.pdb,soluprot_171378_ss,38.536635873749034,13.03686370927578
118,soluprot_171278_ss.pdb,soluprot_171278_ss,38.12628924418605,29.369182001861105
119,soluprot_168041_ss.pdb,soluprot_168041_ss,43.40548120300752,26.42812626854597
120,soluprot_169576_ss.pdb,soluprot_169576_ss,35.88906781950824,24.275316540288866
121,soluprot_167711_ss.pdb,soluprot_167711_ss,30.70652724185831,29.23126732962541
122,soluprot_47270_ss.pdb,soluprot_47270_ss,42.00663764961915,20.609038902783368
123,soluprot_30862_ss.pdb,soluprot_30862_ss,33.90474767596282,23.944051474477977
124,soluprot_223992_ss.pdb,soluprot_223992_ss,74.19246197718631,13.315879612695023
125,soluprot_18795_ss.pdb,soluprot_18795_ss,35.61142018779343,22.623466215505815
126,soluprot_59053_ss.pdb,soluprot_59053_ss,36.937790753098184,22.878096708547197
127,soluprot_108083_ss.pdb,soluprot_108083_ss,35.393779953620204,25.0898448534702
128,soluprot_83901_ss.pdb,soluprot_83901_ss,41.57597412480974,15.618944571364496
129,soluprot_84395_ss.pdb,soluprot_84395_ss,47.265513413506014,15.82615914142711
130,soluprot_58182_ss.pdb,soluprot_58182_ss,38.81858135495078,23.720944625271336
131,soluprot_20750_ss.pdb,soluprot_20750_ss,42.413108492482735,13.334546239565118
132,soluprot_97614_ss.pdb,soluprot_97614_ss,42.890181086519114,20.27619739168
133,soluprot_43406_ss.pdb,soluprot_43406_ss,29.567559670781893,22.555210848590274
134,soluprot_185328_ss.pdb,soluprot_185328_ss,44.13960836501901,10.667513070931786
135,soluprot_225111_ss.pdb,soluprot_225111_ss,40.79323569482289,15.034775858566752
136,soluprot_89366_ss.pdb,soluprot_89366_ss,41.71359489946052,20.972706508060718
137,soluprot_224277_ss.pdb,soluprot_224277_ss,64.44962918660288,5.359626705977859
138,soluprot_224526_ss.pdb,soluprot_224526_ss,36.64,23.386690177652483
139,soluprot_189534_ss.pdb,soluprot_189534_ss,53.49005221932116,5.803879940587783
140,soluprot_52593_ss.pdb,soluprot_52593_ss,55.952116968698526,7.1409171203391075
141,soluprot_187730_ss.pdb,soluprot_187730_ss,48.88756081946222,15.320380984135236
142,soluprot_243749_ss.pdb,soluprot_243749_ss,36.11746732762506,22.094546089242378
143,soluprot_166083_ss.pdb,soluprot_166083_ss,42.801489361702124,17.264620792596403
144,soluprot_55012_ss.pdb,soluprot_55012_ss,44.60639886039887,11.887000725985596
145,soluprot_224314_ss.pdb,soluprot_224314_ss,44.579259489732415,7.764433679587835
146,soluprot_165454_ss.pdb,soluprot_165454_ss,62.10958188153311,4.072153118180533
147,soluprot_64847_ss.pdb,soluprot_64847_ss,63.669163694015054,16.676468748110533
148,soluprot_43687_ss.pdb,soluprot_43687_ss,31.986935123042503,22.435729581807347
149,soluprot_98640_ss.pdb,soluprot_98640_ss,31.53257125530625,20.816687338434907
150,soluprot_68178_ss.pdb,soluprot_68178_ss,37.37795339412361,22.176113731106753
151,soluprot_21571_ss.pdb,soluprot_21571_ss,40.48925407925408,36.77913437692524
152,soluprot_53246_ss.pdb,soluprot_53246_ss,34.516267441860464,15.066567629969393
153,soluprot_23491_ss.pdb,soluprot_23491_ss,34.86352749301025,40.50504366683475
154,soluprot_207919_ss.pdb,soluprot_207919_ss,35.691189008731385,22.006238098918256
155,soluprot_93674_ss.pdb,soluprot_93674_ss,39.425930757651784,14.394897428423064
156,soluprot_250669_ss.pdb,soluprot_250669_ss,35.011538388445466,22.18045371188026
157,soluprot_169360_ss.pdb,soluprot_169360_ss,35.33451101321586,16.341619266615957
158,soluprot_24937_ss.pdb,soluprot_24937_ss,41.010873709293094,22.606040661025386
159,soluprot_45652_ss.pdb,soluprot_45652_ss,31.742187054462505,24.099888934127286
160,soluprot_177043_ss.pdb,soluprot_177043_ss,38.743295400663825,18.443202542390733
161,soluprot_112745_ss.pdb,soluprot_112745_ss,35.342417543859646,21.306895334646885
162,soluprot_43795_ss.pdb,soluprot_43795_ss,51.195685589519655,12.583832333139771
163,soluprot_17339_ss.pdb,soluprot_17339_ss,58.368061836640514,9.859742818308277
164,soluprot_35343_ss.pdb,soluprot_35343_ss,54.51889049512106,6.837913564977609
165,soluprot_117193_ss.pdb,soluprot_117193_ss,72.23613333333334,3.2331720533919808
166,soluprot_180905_ss.pdb,soluprot_180905_ss,36.760599388379205,19.982531262846287
167,soluprot_28968_ss.pdb,soluprot_28968_ss,35.930620985010705,17.593065824453934
168,soluprot_218726_ss.pdb,soluprot_218726_ss,33.688623718887264,22.61510694284378
169,soluprot_286720_ss.pdb,soluprot_286720_ss,36.57125741839763,32.2439362834871
170,soluprot_54250_ss.pdb,soluprot_54250_ss,34.99549458313707,30.106351014805405
171,soluprot_109648_ss.pdb,soluprot_109648_ss,44.339041684572415,14.852712953673397
172,soluprot_57992_ss.pdb,soluprot_57992_ss,35.473015625,17.66532769977961
173,soluprot_144217_ss.pdb,soluprot_144217_ss,38.52908659924147,21.392832751705864
174,soluprot_27230_ss.pdb,soluprot_27230_ss,34.1939054683457,33.359545290297596
175,soluprot_45882_ss.pdb,soluprot_45882_ss,48.45150645624103,10.242306075530092
176,soluprot_104908_ss.pdb,soluprot_104908_ss,63.03154126213592,5.765971802837219
177,soluprot_241490_ss.pdb,soluprot_241490_ss,61.348076009501185,11.429071822593398
178,soluprot_10864_ss.pdb,soluprot_10864_ss,48.961510673234805,11.990897454421892
179,soluprot_109379_ss.pdb,soluprot_109379_ss,32.93501034126163,16.762244493815142
180,soluprot_237674_ss.pdb,soluprot_237674_ss,49.93554016620499,15.987618962628192
181,soluprot_234638_ss.pdb,soluprot_234638_ss,58.19367111650486,5.35977134780522
182,soluprot_17159_ss.pdb,soluprot_17159_ss,37.98880981101729,17.002250801638706
183,soluprot_251032_ss.pdb,soluprot_251032_ss,44.882065313327445,14.563776485260421
184,soluprot_234734_ss.pdb,soluprot_234734_ss,33.44521839563209,28.573204274250234
185,soluprot_45685_ss.pdb,soluprot_45685_ss,36.39330051570558,13.912759321151976
186,soluprot_1626_ss.pdb,soluprot_1626_ss,31.734759246336356,26.408980359924808
187,soluprot_242911_ss.pdb,soluprot_242911_ss,62.89037099494097,9.216194693493902
188,soluprot_43733_ss.pdb,soluprot_43733_ss,43.037212355212354,18.990459956260548
189,soluprot_224042_ss.pdb,soluprot_224042_ss,38.06959097320169,12.048610805847394
190,soluprot_232219_ss.pdb,soluprot_232219_ss,66.23617606602475,12.864728398866918
191,soluprot_94341_ss.pdb,soluprot_94341_ss,50.853180811808116,6.387828303687086
192,soluprot_249753_ss.pdb,soluprot_249753_ss,39.95679752066116,18.933486459491064
193,soluprot_224296_ss.pdb,soluprot_224296_ss,34.175955619183966,19.314498009853136
194,soluprot_232556_ss.pdb,soluprot_232556_ss,63.81534045393859,2.7029414029691465
195,soluprot_43750_ss.pdb,soluprot_43750_ss,38.905863636363634,15.914251329241317
196,soluprot_97313_ss.pdb,soluprot_97313_ss,44.98565775401069,14.369018837919988
197,soluprot_97442_ss.pdb,soluprot_97442_ss,34.92835323923271,21.203632220787917
198,soluprot_210328_ss.pdb,soluprot_210328_ss,35.264347826086954,25.249469660440084
199,soluprot_58803_ss.pdb,soluprot_58803_ss,31.49588346456693,23.664405663205937
200,soluprot_43910_ss.pdb,soluprot_43910_ss,55.3291639451339,11.552366452820527
201,soluprot_40118_ss.pdb,soluprot_40118_ss,34.72437136739064,24.039536846654087
202,soluprot_210355_ss.pdb,soluprot_210355_ss,36.383612863830656,33.64134248628302
203,soluprot_237826_ss.pdb,soluprot_237826_ss,60.63163498098859,10.976525203507222
204,soluprot_125904_ss.pdb,soluprot_125904_ss,46.81061224489796,6.234539668754434
205,soluprot_206829_ss.pdb,soluprot_206829_ss,40.87141891891892,19.286697684599165
206,soluprot_57666_ss.pdb,soluprot_57666_ss,34.85188616071429,16.019754601733652
207,soluprot_176825_ss.pdb,soluprot_176825_ss,44.598479207920796,17.212018802664115
208,soluprot_95847_ss.pdb,soluprot_95847_ss,33.07271276595745,15.066872923347116
209,soluprot_217197_ss.pdb,soluprot_217197_ss,37.92118690313779,14.968422675635754
210,soluprot_170303_ss.pdb,soluprot_170303_ss,37.269814471243045,25.608417823427363
211,soluprot_172457_ss.pdb,soluprot_172457_ss,30.96390410958904,19.288697593759043
212,soluprot_163047_ss.pdb,soluprot_163047_ss,37.04476287262872,20.214300739538313
213,soluprot_190750_ss.pdb,soluprot_190750_ss,32.95267707954958,17.63666038287698
214,soluprot_45644_ss.pdb,soluprot_45644_ss,36.76675315315315,26.43660760177778
215,soluprot_113544_ss.pdb,soluprot_113544_ss,54.25195838433293,8.444482959141192
216,soluprot_87770_ss.pdb,soluprot_87770_ss,36.796767507002805,21.434232271281566
217,soluprot_110224_ss.pdb,soluprot_110224_ss,38.786337603617184,11.094185978798084
218,soluprot_155052_ss.pdb,soluprot_155052_ss,34.548230443503456,23.226368700641377
219,soluprot_67485_ss.pdb,soluprot_67485_ss,37.66389921722114,13.251497947026609
220,soluprot_51739_ss.pdb,soluprot_51739_ss,54.32933333333333,8.534518599419384
221,soluprot_242352_ss.pdb,soluprot_242352_ss,96.8689958158996,0.9739390789491527
222,soluprot_84587_ss.pdb,soluprot_84587_ss,45.72200724966017,21.374458075205194
223,soluprot_187809_ss.pdb,soluprot_187809_ss,38.839223424570335,12.837839532087335
224,soluprot_42824_ss.pdb,soluprot_42824_ss,45.77690654205607,12.238905532270094
225,soluprot_64875_ss.pdb,soluprot_64875_ss,43.4741638225256,12.89413223280136
226,soluprot_190857_ss.pdb,soluprot_190857_ss,35.77483941605839,18.906979964176763
227,soluprot_182263_ss.pdb,soluprot_182263_ss,35.103299663299666,30.081021471278547
228,soluprot_215080_ss.pdb,soluprot_215080_ss,50.38807617996136,17.065451921748277
229,soluprot_224477_ss.pdb,soluprot_224477_ss,50.41539168197761,19.39247217151109
230,soluprot_217586_ss.pdb,soluprot_217586_ss,38.300339912280705,13.508798211355186
231,soluprot_240580_ss.pdb,soluprot_240580_ss,40.437565071368596,23.51774474781509
232,soluprot_58439_ss.pdb,soluprot_58439_ss,72.89678529062871,9.064387264224182
233,soluprot_103220_ss.pdb,soluprot_103220_ss,42.70216596343179,19.534999977292262
234,soluprot_188031_ss.pdb,soluprot_188031_ss,41.9751908045977,18.91837974167595
235,soluprot_123934_ss.pdb,soluprot_123934_ss,36.710648738563904,20.70320142300557
236,soluprot_61550_ss.pdb,soluprot_61550_ss,82.18865397461589,4.9034316410538255
237,soluprot_237561_ss.pdb,soluprot_237561_ss,39.219637004405286,22.120443312442724
238,soluprot_37870_ss.pdb,soluprot_37870_ss,37.28037407568509,20.11914872669411
239,soluprot_20758_ss.pdb,soluprot_20758_ss,42.649733995907624,20.703696104061372
240,soluprot_73293_ss.pdb,soluprot_73293_ss,55.6850397275823,11.459367306290508
241,soluprot_176209_ss.pdb,soluprot_176209_ss,33.803826254826255,19.062273956227965
242,soluprot_201788_ss.pdb,soluprot_201788_ss,36.02163421828909,20.233627807559213
243,soluprot_250645_ss.pdb,soluprot_250645_ss,35.86196866686373,39.98641924476686
244,soluprot_1346_ss.pdb,soluprot_1346_ss,89.64826941986233,1.3033183131934694
245,soluprot_242364_ss.pdb,soluprot_242364_ss,70.5978247734139,6.791278222749029
246,soluprot_61578_ss.pdb,soluprot_61578_ss,86.96278929513758,2.3287210292553913
247,soluprot_45916_ss.pdb,soluprot_45916_ss,39.73126718691936,11.108904249957535
248,soluprot_193638_ss.pdb,soluprot_193638_ss,72.3528531598513,1.9160244064947864
249,soluprot_82464_ss.pdb,soluprot_82464_ss,36.783700534759355,16.9484831132726
250,soluprot_235868_ss.pdb,soluprot_235868_ss,40.76428813559322,37.09286155721186
251,soluprot_236731_ss.pdb,soluprot_236731_ss,57.30853312302839,7.093409355228449
252,soluprot_167963_ss.pdb,soluprot_167963_ss,51.41707679935666,16.54493602122802
253,soluprot_18314_ss.pdb,soluprot_18314_ss,38.2014546376077,23.29312237125134
254,soluprot_162899_ss.pdb,soluprot_162899_ss,51.378589626933575,11.527907042900795
255,soluprot_123037_ss.pdb,soluprot_123037_ss,34.22781872781873,23.910389162596076
256,soluprot_181444_ss.pdb,soluprot_181444_ss,34.839090909090906,22.07908422613332
257,soluprot_288516_ss.pdb,soluprot_288516_ss,49.51966382338184,20.084365672217494
258,soluprot_245540_ss.pdb,soluprot_245540_ss,39.886017006802724,32.209963192776655
259,soluprot_222859_ss.pdb,soluprot_222859_ss,67.53422282120395,8.875836983097766
260,soluprot_82344_ss.pdb,soluprot_82344_ss,41.096173086543274,28.371904258762566
261,soluprot_170736_ss.pdb,soluprot_170736_ss,40.84257039420756,27.07959786367091
262,soluprot_177651_ss.pdb,soluprot_177651_ss,35.64372567409144,27.500251660390706
263,soluprot_106157_ss.pdb,soluprot_106157_ss,39.58206644144144,15.935912234417717
264,soluprot_242544_ss.pdb,soluprot_242544_ss,37.9110294117647,6.96249858938963
265,soluprot_120634_ss.pdb,soluprot_120634_ss,81.53901564537158,2.2962840107650484
266,soluprot_207927_ss.pdb,soluprot_207927_ss,38.0951584213452,25.592942744132955
267,soluprot_235907_ss.pdb,soluprot_235907_ss,73.5292715231788,24.49967157751426
268,soluprot_19111_ss.pdb,soluprot_19111_ss,44.421394867549665,19.616199017259582
269,soluprot_222847_ss.pdb,soluprot_222847_ss,40.311702296120345,14.533201224002386
270,soluprot_22763_ss.pdb,soluprot_22763_ss,44.84237888647867,12.659193816129743
271,soluprot_53583_ss.pdb,soluprot_53583_ss,37.22003118503119,18.597278169566792
272,soluprot_224062_ss.pdb,soluprot_224062_ss,36.0178947368421,16.247909019974905
273,soluprot_177303_ss.pdb,soluprot_177303_ss,31.065929632999694,27.088670250228844
274,soluprot_61769_ss.pdb,soluprot_61769_ss,36.35448916408669,27.037129813575223
275,soluprot_12414_ss.pdb,soluprot_12414_ss,47.74260822898032,20.122979220206204
276,soluprot_63543_ss.pdb,soluprot_63543_ss,39.36853439680957,7.040568086290082
277,soluprot_98463_ss.pdb,soluprot_98463_ss,31.620659143829478,33.03109215746251
278,soluprot_57877_ss.pdb,soluprot_57877_ss,66.67785321100918,5.27541967633168
279,soluprot_287614_ss.pdb,soluprot_287614_ss,35.444044240400665,21.168187943056175
280,soluprot_68514_ss.pdb,soluprot_68514_ss,42.53954784437434,16.72149827930236
281,soluprot_92003_ss.pdb,soluprot_92003_ss,34.41349705304519,19.993206417577877
282,soluprot_189070_ss.pdb,soluprot_189070_ss,34.97881212121212,20.09984827008438
283,soluprot_48635_ss.pdb,soluprot_48635_ss,41.488737166324434,10.69801114222717
284,soluprot_179168_ss.pdb,soluprot_179168_ss,35.89846750727449,19.884540707180076
285,soluprot_185298_ss.pdb,soluprot_185298_ss,52.06487878787878,13.456191950350929
286,soluprot_1669_ss.pdb,soluprot_1669_ss,36.14184842883549,14.467719761923105
287,soluprot_48648_ss.pdb,soluprot_48648_ss,55.198025,10.523918479891995
288,soluprot_12406_ss.pdb,soluprot_12406_ss,41.66951677089256,16.844626187588894
289,soluprot_58907_ss.pdb,soluprot_58907_ss,47.95970556161396,5.108654444026259
290,soluprot_217228_ss.pdb,soluprot_217228_ss,35.92059502013914,30.873894677788908
291,soluprot_175058_ss.pdb,soluprot_175058_ss,53.371874015748034,12.43890308744543
292,soluprot_234970_ss.pdb,soluprot_234970_ss,32.169874039938556,21.22575668543306
293,soluprot_215102_ss.pdb,soluprot_215102_ss,40.05591859807801,19.142835611865873
294,soluprot_243262_ss.pdb,soluprot_243262_ss,73.90130242825606,10.059781359993687
295,soluprot_178441_ss.pdb,soluprot_178441_ss,38.06889328063241,20.976405130949246
296,soluprot_241764_ss.pdb,soluprot_241764_ss,40.60653347732181,12.462448267072611
297,soluprot_3797_ss.pdb,soluprot_3797_ss,41.60292288557214,11.782473551061834
298,soluprot_61283_ss.pdb,soluprot_61283_ss,54.807510398098636,8.486336515020371
299,soluprot_86764_ss.pdb,soluprot_86764_ss,46.446247379454924,18.465973843486623
300,soluprot_52090_ss.pdb,soluprot_52090_ss,32.87076381909548,15.373140762381686
301,soluprot_53710_ss.pdb,soluprot_53710_ss,37.32438626609442,23.20738010304183
302,soluprot_97425_ss.pdb,soluprot_97425_ss,38.240194736842106,10.336209711475554
303,soluprot_165706_ss.pdb,soluprot_165706_ss,35.61606597092806,22.338146459349247
304,soluprot_250096_ss.pdb,soluprot_250096_ss,41.291706775268416,12.566160758201859
305,soluprot_63181_ss.pdb,soluprot_63181_ss,49.76444748546014,20.042493299444345
306,soluprot_228076_ss.pdb,soluprot_228076_ss,36.23420785375762,25.842117245290407
307,soluprot_26294_ss.pdb,soluprot_26294_ss,36.4562656137832,29.369919338821603
308,soluprot_117603_ss.pdb,soluprot_117603_ss,72.84650769230768,1.911645749773098
309,soluprot_53395_ss.pdb,soluprot_53395_ss,50.878633487979755,14.446718246222417
310,soluprot_47817_ss.pdb,soluprot_47817_ss,46.05434034416827,12.309426922507306
311,soluprot_63193_ss.pdb,soluprot_63193_ss,36.796882436934794,19.983887329515934
312,soluprot_170403_ss.pdb,soluprot_170403_ss,45.604819852941176,12.93850233687451
313,soluprot_144595_ss.pdb,soluprot_144595_ss,34.64927299392415,30.893087439026978
314,soluprot_29287_ss.pdb,soluprot_29287_ss,41.20445251058682,18.172357237491784
315,soluprot_166658_ss.pdb,soluprot_166658_ss,37.692674821982834,25.591588795095053
316,soluprot_36108_ss.pdb,soluprot_36108_ss,42.6247263681592,20.406637591710204
317,soluprot_101995_ss.pdb,soluprot_101995_ss,57.605835411471325,5.120436360392044
318,soluprot_187188_ss.pdb,soluprot_187188_ss,51.27057221965851,15.495872433359054
319,soluprot_163090_ss.pdb,soluprot_163090_ss,31.23541782355576,41.15141420005279
320,soluprot_209703_ss.pdb,soluprot_209703_ss,55.85258191349934,16.184525311864032
321,soluprot_50001_ss.pdb,soluprot_50001_ss,33.61975980784628,25.488442930033568
322,soluprot_51681_ss.pdb,soluprot_51681_ss,39.744231835829176,13.627308862094171
323,soluprot_168542_ss.pdb,soluprot_168542_ss,36.416893732970024,24.469104727886993
324,soluprot_217882_ss.pdb,soluprot_217882_ss,37.74409433962264,9.911133953087605
325,soluprot_103286_ss.pdb,soluprot_103286_ss,66.88326713008938,3.228863626503915
326,soluprot_76932_ss.pdb,soluprot_76932_ss,47.48512420566147,16.301259090577187
327,soluprot_150047_ss.pdb,soluprot_150047_ss,39.12527357811375,23.310188237415943
328,soluprot_29931_ss.pdb,soluprot_29931_ss,35.47285865537321,24.915572963033142
329,soluprot_234381_ss.pdb,soluprot_234381_ss,42.86901607212858,21.457266266281984
330,soluprot_3695_ss.pdb,soluprot_3695_ss,49.77233280254777,10.352193141802307
331,soluprot_186846_ss.pdb,soluprot_186846_ss,40.09908489525909,8.599701300603492
332,soluprot_210353_ss.pdb,soluprot_210353_ss,31.97465471002347,32.08264564941485
333,soluprot_64318_ss.pdb,soluprot_64318_ss,40.01629213483146,17.466104457107477
334,soluprot_241678_ss.pdb,soluprot_241678_ss,43.460790583274765,20.732612580925107
335,soluprot_1616_ss.pdb,soluprot_1616_ss,42.66833220338983,13.136293127562128
336,soluprot_53759_ss.pdb,soluprot_53759_ss,51.302836734693884,14.352172422740624
337,soluprot_144704_ss.pdb,soluprot_144704_ss,43.55819493601961,30.33010286693724
338,soluprot_215732_ss.pdb,soluprot_215732_ss,53.83572753026011,27.6887587744011
339,soluprot_167569_ss.pdb,soluprot_167569_ss,37.254958955223884,19.462081023851336
340,soluprot_108760_ss.pdb,soluprot_108760_ss,41.080393258426966,14.807971466637216
341,soluprot_6151_ss.pdb,soluprot_6151_ss,48.79229411764705,11.729936821522
342,soluprot_242745_ss.pdb,soluprot_242745_ss,37.08622052704577,14.609780390958203
343,soluprot_251846_ss.pdb,soluprot_251846_ss,44.02104036384309,11.649348002656273
344,soluprot_215956_ss.pdb,soluprot_215956_ss,38.42498005319149,28.39832125086599
345,soluprot_165743_ss.pdb,soluprot_165743_ss,40.1171860816944,21.960269741281998
346,soluprot_150028_ss.pdb,soluprot_150028_ss,44.79364874063989,12.19744860097701
347,soluprot_224060_ss.pdb,soluprot_224060_ss,36.69909739714526,20.574398865167236
348,soluprot_175156_ss.pdb,soluprot_175156_ss,44.49437062937062,12.868449238907026
349,soluprot_172660_ss.pdb,soluprot_172660_ss,43.60417302798983,23.818870988272696
350,soluprot_47747_ss.pdb,soluprot_47747_ss,38.24296030245747,20.876953347319624
351,soluprot_45341_ss.pdb,soluprot_45341_ss,36.95556867469879,30.327290373974062
352,soluprot_215835_ss.pdb,soluprot_215835_ss,38.93860679332182,17.768685891212066
353,soluprot_243440_ss.pdb,soluprot_243440_ss,38.49989298022855,54.79682224360938
354,soluprot_240459_ss.pdb,soluprot_240459_ss,37.392832157103406,25.856668073559383
355,soluprot_118919_ss.pdb,soluprot_118919_ss,62.234595842956125,9.017702370795634
356,soluprot_26133_ss.pdb,soluprot_26133_ss,33.29437855787477,22.129984240829984
357,soluprot_182170_ss.pdb,soluprot_182170_ss,41.984904306220095,14.326135024402884
358,soluprot_111343_ss.pdb,soluprot_111343_ss,54.55481722177092,12.9520230097068
359,soluprot_53032_ss.pdb,soluprot_53032_ss,39.255830078125,20.098660697635953
360,soluprot_123890_ss.pdb,soluprot_123890_ss,36.748442607897154,33.15363593925813
361,soluprot_39744_ss.pdb,soluprot_39744_ss,34.787194244604315,12.403141900879465
362,soluprot_166076_ss.pdb,soluprot_166076_ss,54.358328690807795,15.034019350358184
363,soluprot_58118_ss.pdb,soluprot_58118_ss,50.37436082813013,15.983310499338813
364,soluprot_225330_ss.pdb,soluprot_225330_ss,54.359063545150505,4.938297316908059
365,soluprot_215616_ss.pdb,soluprot_215616_ss,39.25924697057126,25.599538446752657
366,soluprot_26814_ss.pdb,soluprot_26814_ss,41.76436222403925,37.29037550526621
367,soluprot_250086_ss.pdb,soluprot_250086_ss,35.611798820445614,19.65562149225959
368,soluprot_215803_ss.pdb,soluprot_215803_ss,36.78562827225131,21.918380114716214
369,soluprot_169749_ss.pdb,soluprot_169749_ss,42.4337069846678,18.8858492073908
370,soluprot_194244_ss.pdb,soluprot_194244_ss,66.15050887573965,12.603525619468849
371,soluprot_241001_ss.pdb,soluprot_241001_ss,36.917393040502,17.15587071720208
372,soluprot_166007_ss.pdb,soluprot_166007_ss,39.74288763493622,28.625012774609395
373,soluprot_102324_ss.pdb,soluprot_102324_ss,82.090462585034,24.440936128384998
374,soluprot_170513_ss.pdb,soluprot_170513_ss,33.01931486880466,26.09217599820533
375,soluprot_43920_ss.pdb,soluprot_43920_ss,32.50842074248674,17.054051621773787
376,soluprot_150372_ss.pdb,soluprot_150372_ss,31.399575835475577,17.930482781621826
377,soluprot_208863_ss.pdb,soluprot_208863_ss,49.19792069632495,13.254288061939112
378,soluprot_61698_ss.pdb,soluprot_61698_ss,86.24917127071824,1.401230402342687
379,soluprot_121325_ss.pdb,soluprot_121325_ss,52.18690106295993,13.931967703039815
380,soluprot_60018_ss.pdb,soluprot_60018_ss,36.39564891846922,12.723053330001013
381,soluprot_227444_ss.pdb,soluprot_227444_ss,52.829377289377284,12.05133483753712
382,soluprot_189328_ss.pdb,soluprot_189328_ss,36.82430497443049,20.847605592351073
383,soluprot_47403_ss.pdb,soluprot_47403_ss,47.23399326032013,9.71929001029193
384,soluprot_110234_ss.pdb,soluprot_110234_ss,41.07571860401209,23.648244886354348
385,soluprot_152125_ss.pdb,soluprot_152125_ss,51.18041000410004,16.31033976220916
386,soluprot_27127_ss.pdb,soluprot_27127_ss,43.85614796698258,21.266675908268446
387,soluprot_42750_ss.pdb,soluprot_42750_ss,66.29788634097707,5.758743587677663
388,soluprot_215190_ss.pdb,soluprot_215190_ss,62.03173310225303,25.185095958812813
389,soluprot_150360_ss.pdb,soluprot_150360_ss,35.13409034267913,28.38596219930805
390,soluprot_45853_ss.pdb,soluprot_45853_ss,35.70628808864266,15.998756198450387
391,soluprot_109826_ss.pdb,soluprot_109826_ss,47.98776234567901,9.827813952368668
392,soluprot_235077_ss.pdb,soluprot_235077_ss,36.88842396535129,19.135955869250676
393,soluprot_249315_ss.pdb,soluprot_249315_ss,39.589389944819125,22.227201022209645
394,soluprot_85458_ss.pdb,soluprot_85458_ss,41.292851985559565,17.242342132817615
395,soluprot_55130_ss.pdb,soluprot_55130_ss,43.98529769137302,15.369535286835807
396,soluprot_181513_ss.pdb,soluprot_181513_ss,34.39634389926183,22.573909531757632
397,soluprot_218497_ss.pdb,soluprot_218497_ss,54.56091645452442,51.423247343925695
398,soluprot_181470_ss.pdb,soluprot_181470_ss,44.4618659107715,28.733735263181984
399,soluprot_122683_ss.pdb,soluprot_122683_ss,42.71885638297872,11.287252938267383
400,soluprot_47223_ss.pdb,soluprot_47223_ss,36.7496191319752,12.342421910959178
401,soluprot_69884_ss.pdb,soluprot_69884_ss,36.10453466583385,19.137476867551307
402,soluprot_243960_ss.pdb,soluprot_243960_ss,58.63855659397715,4.213481058529793
403,soluprot_168948_ss.pdb,soluprot_168948_ss,35.37960356219477,26.2992439254497
404,soluprot_224579_ss.pdb,soluprot_224579_ss,33.812035958470496,37.91611456398125
405,soluprot_250663_ss.pdb,soluprot_250663_ss,33.72128430395797,51.318249160592494
406,soluprot_227682_ss.pdb,soluprot_227682_ss,37.62756633380884,18.223064426597233
407,soluprot_113692_ss.pdb,soluprot_113692_ss,35.83976145805414,17.04328014814233
408,soluprot_18308_ss.pdb,soluprot_18308_ss,51.19047619047619,17.018585655877484
409,soluprot_24968_ss.pdb,soluprot_24968_ss,42.55668664515137,29.525156645928625
410,soluprot_175504_ss.pdb,soluprot_175504_ss,36.236883313180165,32.58286436261194
411,soluprot_224363_ss.pdb,soluprot_224363_ss,46.51742367434387,14.149032675497063
412,soluprot_234239_ss.pdb,soluprot_234239_ss,62.61095771144279,4.909723643371044
413,soluprot_45906_ss.pdb,soluprot_45906_ss,34.59828278999242,16.23619137306641
414,soluprot_176435_ss.pdb,soluprot_176435_ss,36.177042376583664,23.2505209276788
415,soluprot_26534_ss.pdb,soluprot_26534_ss,60.83104687500001,15.44406837436412
416,soluprot_28587_ss.pdb,soluprot_28587_ss,41.629694787379975,25.89377090945274
417,soluprot_52599_ss.pdb,soluprot_52599_ss,36.11579097387173,20.140839085628148
418,soluprot_91401_ss.pdb,soluprot_91401_ss,36.18287324649299,25.42584698895232
419,soluprot_49928_ss.pdb,soluprot_49928_ss,49.645374149659865,15.170142357961737
420,soluprot_53368_ss.pdb,soluprot_53368_ss,33.279379391100704,17.120454217152098
421,soluprot_52073_ss.pdb,soluprot_52073_ss,67.37715404699739,7.871890269780585
422,soluprot_166085_ss.pdb,soluprot_166085_ss,35.29773929195804,27.137419675417423
423,soluprot_167380_ss.pdb,soluprot_167380_ss,38.57397849462366,10.598712526010713
424,soluprot_48265_ss.pdb,soluprot_48265_ss,38.58367508813161,19.650431498784904
425,soluprot_169562_ss.pdb,soluprot_169562_ss,34.060348166935675,30.75728028161877
426,soluprot_179438_ss.pdb,soluprot_179438_ss,39.07395167575994,23.418928484611495
427,soluprot_123676_ss.pdb,soluprot_123676_ss,77.07622093023257,3.307892993208428
428,soluprot_80498_ss.pdb,soluprot_80498_ss,46.61022071307301,17.083649063100115
429,soluprot_92503_ss.pdb,soluprot_92503_ss,33.12038049117952,25.616088336135185
430,soluprot_199988_ss.pdb,soluprot_199988_ss,38.845218417945695,17.30721790093397
431,soluprot_168592_ss.pdb,soluprot_168592_ss,37.02547016274864,33.82875037263809
432,soluprot_52808_ss.pdb,soluprot_52808_ss,30.946518022181152,28.301291832562562
433,soluprot_51927_ss.pdb,soluprot_51927_ss,33.52197455912113,28.871919924789097
434,soluprot_237509_ss.pdb,soluprot_237509_ss,51.90941424802111,21.606578906334647
435,soluprot_217931_ss.pdb,soluprot_217931_ss,32.831192859074925,39.45865779339004
436,soluprot_110572_ss.pdb,soluprot_110572_ss,50.401946721311475,11.225673932707968
437,soluprot_168853_ss.pdb,soluprot_168853_ss,34.949523475823405,22.667622740100594
438,soluprot_89473_ss.pdb,soluprot_89473_ss,37.83648316651501,16.598415022478335
439,soluprot_80130_ss.pdb,soluprot_80130_ss,32.94229658160809,15.878564154687242
440,soluprot_238081_ss.pdb,soluprot_238081_ss,36.77554353704705,21.271368917747086
441,soluprot_251412_ss.pdb,soluprot_251412_ss,41.29574883326262,21.62905281335899
442,soluprot_12634_ss.pdb,soluprot_12634_ss,35.15757648183556,18.960014780279312
443,soluprot_47418_ss.pdb,soluprot_47418_ss,45.598745874587465,14.765938739923227
444,soluprot_170900_ss.pdb,soluprot_170900_ss,39.956647646219686,15.600139807471177
445,soluprot_8591_ss.pdb,soluprot_8591_ss,52.51146567717996,6.771782748048078
446,soluprot_179244_ss.pdb,soluprot_179244_ss,39.31274231678486,13.471860519170551
447,soluprot_167581_ss.pdb,soluprot_167581_ss,38.24193548387097,26.642122606325774
448,soluprot_53326_ss.pdb,soluprot_53326_ss,38.06167063020214,16.015956346931564
449,soluprot_168654_ss.pdb,soluprot_168654_ss,43.4939901071723,17.784771560727012
450,soluprot_287365_ss.pdb,soluprot_287365_ss,35.53421827099939,23.86345426736458
451,soluprot_119943_ss.pdb,soluprot_119943_ss,57.984870017331026,11.584881040616562
452,soluprot_225112_ss.pdb,soluprot_225112_ss,35.047801231310466,20.597136863423103
453,soluprot_207951_ss.pdb,soluprot_207951_ss,44.32382411916356,15.420615104214006
454,soluprot_59121_ss.pdb,soluprot_59121_ss,39.98672902191341,9.362885172893062
455,soluprot_252568_ss.pdb,soluprot_252568_ss,31.789699949571357,26.88899757199035
456,soluprot_51860_ss.pdb,soluprot_51860_ss,65.87714126807565,10.967330366365262
457,soluprot_84601_ss.pdb,soluprot_84601_ss,38.146524559777575,17.38541486897165
458,soluprot_178933_ss.pdb,soluprot_178933_ss,33.61482716798059,25.258140394603124
459,soluprot_162892_ss.pdb,soluprot_162892_ss,36.81255430060817,11.9355197525689
460,soluprot_235707_ss.pdb,soluprot_235707_ss,43.70609813084112,14.829816252040432
461,soluprot_49018_ss.pdb,soluprot_49018_ss,38.31722793335696,15.262798110527207
462,soluprot_176210_ss.pdb,soluprot_176210_ss,39.02573208722742,20.966247785112124
463,soluprot_215888_ss.pdb,soluprot_215888_ss,46.68476670870114,13.862078780389858
464,soluprot_175196_ss.pdb,soluprot_175196_ss,30.24668373879642,20.473433046998778
465,soluprot_153521_ss.pdb,soluprot_153521_ss,44.580661053944496,17.919488387472022
466,soluprot_87846_ss.pdb,soluprot_87846_ss,33.62236467236467,27.224665869327435
467,soluprot_149841_ss.pdb,soluprot_149841_ss,36.452905770477635,47.27761447312602
468,soluprot_3624_ss.pdb,soluprot_3624_ss,45.37749433962264,10.214574862801733
469,soluprot_53261_ss.pdb,soluprot_53261_ss,46.93971778487754,13.806930062882431
470,soluprot_61410_ss.pdb,soluprot_61410_ss,32.7219124521887,33.06981001338156
471,soluprot_239492_ss.pdb,soluprot_239492_ss,76.91173981191223,3.402443132364876
472,soluprot_218713_ss.pdb,soluprot_218713_ss,38.49787701317716,26.13411309225267
473,soluprot_175250_ss.pdb,soluprot_175250_ss,31.520166028097062,30.911102134995883
474,soluprot_182223_ss.pdb,soluprot_182223_ss,41.16198635976129,11.383162525914946
475,soluprot_58504_ss.pdb,soluprot_58504_ss,31.83407727503813,22.187768199737018
476,soluprot_167819_ss.pdb,soluprot_167819_ss,36.43203258825987,27.23158137926206
477,soluprot_45716_ss.pdb,soluprot_45716_ss,37.03097502401536,10.810342162030729
478,soluprot_97380_ss.pdb,soluprot_97380_ss,46.419030398322846,16.588821380864776
479,soluprot_50084_ss.pdb,soluprot_50084_ss,68.66219362745099,7.317427101356429
480,soluprot_214594_ss.pdb,soluprot_214594_ss,57.92415987933636,54.758097101398675
481,soluprot_84770_ss.pdb,soluprot_84770_ss,43.30544131028208,9.715786865199549
482,soluprot_222840_ss.pdb,soluprot_222840_ss,35.9398566552901,13.624929736499194
483,soluprot_51679_ss.pdb,soluprot_51679_ss,38.4492670157068,14.163285648093977
484,soluprot_240614_ss.pdb,soluprot_240614_ss,37.44631756756757,18.371434897924818
485,soluprot_30861_ss.pdb,soluprot_30861_ss,43.571158900836316,13.416890448855616
486,soluprot_80446_ss.pdb,soluprot_80446_ss,44.45554191616767,33.16240980743107
487,soluprot_252028_ss.pdb,soluprot_252028_ss,48.59829584775087,7.201097174961861
488,soluprot_210339_ss.pdb,soluprot_210339_ss,33.33731427530954,31.93351114874666
489,soluprot_199762_ss.pdb,soluprot_199762_ss,57.057065309584395,4.032002904954127
490,soluprot_121007_ss.pdb,soluprot_121007_ss,40.190794621026896,16.30031072029374
491,soluprot_187695_ss.pdb,soluprot_187695_ss,44.774755114693114,17.21837000620456
492,soluprot_210327_ss.pdb,soluprot_210327_ss,36.223811991117685,30.137850545118148
493,soluprot_49987_ss.pdb,soluprot_49987_ss,31.306242226828545,14.695442563299125
494,soluprot_67471_ss.pdb,soluprot_67471_ss,53.46060512024825,21.951168921015814
495,soluprot_223925_ss.pdb,soluprot_223925_ss,57.672598091198296,11.28508887533187
496,soluprot_218502_ss.pdb,soluprot_218502_ss,34.5865243523316,23.989930319860704
497,soluprot_178458_ss.pdb,soluprot_178458_ss,43.028847926267275,9.420099707193456
498,soluprot_21116_ss.pdb,soluprot_21116_ss,43.616352118829184,15.177075009047561
499,soluprot_207316_ss.pdb,soluprot_207316_ss,48.76149553571429,12.98186436401242
500,soluprot_144814_ss.pdb,soluprot_144814_ss,36.34474532795896,26.073923137169473
501,soluprot_227617_ss.pdb,soluprot_227617_ss,34.58713748825556,11.118243608044237
502,soluprot_82916_ss.pdb,soluprot_82916_ss,44.530578754578755,13.047348835863454
503,soluprot_178792_ss.pdb,soluprot_178792_ss,38.514988745075975,23.345967612412863
504,soluprot_1865_ss.pdb,soluprot_1865_ss,50.47879668049792,16.90769123342383
505,soluprot_215754_ss.pdb,soluprot_215754_ss,32.308990956687296,24.038351845804147
506,soluprot_53588_ss.pdb,soluprot_53588_ss,40.6213184806428,21.18350590540516
507,soluprot_21624_ss.pdb,soluprot_21624_ss,72.45217699115044,0.8499988609683332
508,soluprot_21175_ss.pdb,soluprot_21175_ss,39.00806401652039,19.34517402062579
509,soluprot_162926_ss.pdb,soluprot_162926_ss,32.03679798681014,27.196888735802705
510,soluprot_124225_ss.pdb,soluprot_124225_ss,36.52045004945599,19.580503883372785
511,soluprot_107139_ss.pdb,soluprot_107139_ss,45.73938893476466,13.161137981848665
512,soluprot_49780_ss.pdb,soluprot_49780_ss,37.66011828644501,21.951760554310912
513,soluprot_54625_ss.pdb,soluprot_54625_ss,36.503482324258435,17.595286597213352
514,soluprot_153595_ss.pdb,soluprot_153595_ss,39.974476665156324,16.203466722303613
515,soluprot_168534_ss.pdb,soluprot_168534_ss,33.91135368387407,31.862645618782345
516,soluprot_74420_ss.pdb,soluprot_74420_ss,44.09455495495496,18.03908858709172
517,soluprot_58723_ss.pdb,soluprot_58723_ss,36.955160738714085,12.944916159013147
518,soluprot_217889_ss.pdb,soluprot_217889_ss,32.673396887159534,27.577100305854295
519,soluprot_32281_ss.pdb,soluprot_32281_ss,37.134991176470585,24.662075405367695
520,soluprot_197442_ss.pdb,soluprot_197442_ss,47.675788271134806,11.303352199498766
521,soluprot_73559_ss.pdb,soluprot_73559_ss,46.60342812006319,9.999746089407212
522,soluprot_57937_ss.pdb,soluprot_57937_ss,38.3656590734579,24.62097538940661
523,soluprot_111229_ss.pdb,soluprot_111229_ss,72.35004184100418,6.878610608190004
524,soluprot_242135_ss.pdb,soluprot_242135_ss,37.435859872611466,14.39023750097773
525,soluprot_224395_ss.pdb,soluprot_224395_ss,37.38145634161887,27.407120406378425
526,soluprot_52232_ss.pdb,soluprot_52232_ss,51.10613048368954,10.844750521558284
527,soluprot_144109_ss.pdb,soluprot_144109_ss,37.443367540858986,22.086863039306834
528,soluprot_187191_ss.pdb,soluprot_187191_ss,40.29135710747895,13.043662388965462
529,soluprot_58959_ss.pdb,soluprot_58959_ss,35.32685618729097,12.034957896754612
530,soluprot_234658_ss.pdb,soluprot_234658_ss,39.028373527762206,22.715145685871757
531,soluprot_53029_ss.pdb,soluprot_53029_ss,42.54221714865551,22.638262322420136
532,soluprot_8554_ss.pdb,soluprot_8554_ss,46.29571612903226,18.490751527837798
533,soluprot_215613_ss.pdb,soluprot_215613_ss,82.40888888888888,13.166603766284032
534,soluprot_223049_ss.pdb,soluprot_223049_ss,33.11233275412685,19.620027091484214
535,soluprot_182016_ss.pdb,soluprot_182016_ss,40.03945054945055,9.7428487976607
536,soluprot_66588_ss.pdb,soluprot_66588_ss,42.8115451577802,13.339368017619295
537,soluprot_224299_ss.pdb,soluprot_224299_ss,45.072920353982305,13.85127738639229
538,soluprot_243241_ss.pdb,soluprot_243241_ss,58.07371859296483,10.783448354928032
539,soluprot_43010_ss.pdb,soluprot_43010_ss,73.30851960784314,14.576672318362318
540,soluprot_178462_ss.pdb,soluprot_178462_ss,33.28491982792335,21.512604162400947
541,soluprot_224387_ss.pdb,soluprot_224387_ss,33.53031082802548,20.953858219637688
542,soluprot_73367_ss.pdb,soluprot_73367_ss,39.05685135135135,11.20201642443425
543,soluprot_241647_ss.pdb,soluprot_241647_ss,42.442128279883384,14.805799734625706
544,soluprot_169936_ss.pdb,soluprot_169936_ss,49.788628019323674,13.339137603914322
545,soluprot_53666_ss.pdb,soluprot_53666_ss,59.90969960474309,13.153074296931598
546,soluprot_21626_ss.pdb,soluprot_21626_ss,34.55572570572071,29.888691888511154
547,soluprot_184352_ss.pdb,soluprot_184352_ss,35.6512956097561,26.72223447474288
548,soluprot_64301_ss.pdb,soluprot_64301_ss,33.777020695040996,16.971220820745916
549,soluprot_49548_ss.pdb,soluprot_49548_ss,53.10114906832298,13.871133472331863
550,soluprot_224016_ss.pdb,soluprot_224016_ss,33.10539465101109,18.3677274709026
551,soluprot_187890_ss.pdb,soluprot_187890_ss,32.44464817150063,26.84267694160901
552,soluprot_149555_ss.pdb,soluprot_149555_ss,41.818310428455945,16.337380903695927
553,soluprot_249971_ss.pdb,soluprot_249971_ss,34.097627052384674,18.432362861536784
554,soluprot_36280_ss.pdb,soluprot_36280_ss,57.15206845238096,9.720431970193465
555,soluprot_22617_ss.pdb,soluprot_22617_ss,34.95945676776822,26.189101487706015
556,soluprot_223620_ss.pdb,soluprot_223620_ss,40.81895789473684,32.32986455545264
557,soluprot_81630_ss.pdb,soluprot_81630_ss,37.06943859649123,23.428474482621667
558,soluprot_234398_ss.pdb,soluprot_234398_ss,37.0530335681724,17.462512158186563
559,soluprot_294863_ss.pdb,soluprot_294863_ss,35.04011243386243,24.12944533936039
560,soluprot_172708_ss.pdb,soluprot_172708_ss,44.03223553719009,12.79876898397939
561,soluprot_251830_ss.pdb,soluprot_251830_ss,55.97233038348082,11.974333798535547
562,soluprot_209010_ss.pdb,soluprot_209010_ss,33.065681159420286,13.173734949173687
563,soluprot_20272_ss.pdb,soluprot_20272_ss,64.60997002997003,9.431105773733348
564,soluprot_101324_ss.pdb,soluprot_101324_ss,40.36114942528736,22.229718493991637
565,soluprot_118928_ss.pdb,soluprot_118928_ss,36.31708920187793,18.632670997296316
566,soluprot_192_ss.pdb,soluprot_192_ss,39.804403631861334,17.064175298643104
567,soluprot_46538_ss.pdb,soluprot_46538_ss,41.46729538845035,17.54075331897459
568,soluprot_119984_ss.pdb,soluprot_119984_ss,32.74605734767025,17.190678884189822
569,soluprot_55202_ss.pdb,soluprot_55202_ss,45.37206422018348,11.25672159172796
570,soluprot_225262_ss.pdb,soluprot_225262_ss,74.79831050228312,3.5020870672600077
571,soluprot_189075_ss.pdb,soluprot_189075_ss,37.39135353535354,21.934691840107
572,soluprot_187797_ss.pdb,soluprot_187797_ss,54.22634604439386,5.799148045510994
573,soluprot_60345_ss.pdb,soluprot_60345_ss,76.37139512195122,9.022251993708517
574,soluprot_22705_ss.pdb,soluprot_22705_ss,41.53325621497341,29.138840618562813
575,soluprot_239693_ss.pdb,soluprot_239693_ss,29.583125948406675,26.113877778495542
576,soluprot_237497_ss.pdb,soluprot_237497_ss,42.74369364475829,14.137273833134335
577,soluprot_19525_ss.pdb,soluprot_19525_ss,72.09315485732606,11.726264152902978
578,soluprot_20993_ss.pdb,soluprot_20993_ss,46.69991672449688,17.636653017210385
579,soluprot_226561_ss.pdb,soluprot_226561_ss,40.03441903019213,18.204399336851118
580,soluprot_71167_ss.pdb,soluprot_71167_ss,43.72548648648649,13.931887143046442
581,soluprot_190352_ss.pdb,soluprot_190352_ss,47.32623356535189,4.550388352069653
582,soluprot_43903_ss.pdb,soluprot_43903_ss,53.811288416075655,3.517007482543953
583,soluprot_58001_ss.pdb,soluprot_58001_ss,48.06195141065831,3.7333598472151834
584,soluprot_109266_ss.pdb,soluprot_109266_ss,39.96446258503401,25.310317851584596
585,soluprot_175179_ss.pdb,soluprot_175179_ss,47.76799796747967,16.298378660466305
586,soluprot_165672_ss.pdb,soluprot_165672_ss,37.5150947459087,17.072566143422627
587,soluprot_53035_ss.pdb,soluprot_53035_ss,33.11349717514125,15.676000743803895
588,soluprot_217425_ss.pdb,soluprot_217425_ss,30.062303881090006,23.470577893645434
589,soluprot_89672_ss.pdb,soluprot_89672_ss,53.13814650388458,14.609086283074474
590,soluprot_111344_ss.pdb,soluprot_111344_ss,59.77655405405405,10.524618807884103
591,soluprot_61176_ss.pdb,soluprot_61176_ss,71.37110619469026,2.8989468274576264
592,soluprot_187193_ss.pdb,soluprot_187193_ss,33.510904095904095,15.245815140964122
593,soluprot_210370_ss.pdb,soluprot_210370_ss,35.26829169728141,16.80220450461545
594,soluprot_12376_ss.pdb,soluprot_12376_ss,45.006353276353266,30.416741062097852
595,soluprot_97263_ss.pdb,soluprot_97263_ss,48.9072055785124,21.589425004700544
596,soluprot_56680_ss.pdb,soluprot_56680_ss,35.425367770915216,14.598029568651665
597,soluprot_215760_ss.pdb,soluprot_215760_ss,35.59554759704252,21.646978498607037
598,soluprot_1851_ss.pdb,soluprot_1851_ss,39.50980369515011,9.404159439431316
599,soluprot_210301_ss.pdb,soluprot_210301_ss,45.90318805242305,22.60424435457135
600,soluprot_217995_ss.pdb,soluprot_217995_ss,64.67835801031443,15.215997298208531
601,soluprot_166844_ss.pdb,soluprot_166844_ss,39.94593778314709,18.118961310867263
602,soluprot_147281_ss.pdb,soluprot_147281_ss,34.000271966527194,18.439663878856816
603,soluprot_156438_ss.pdb,soluprot_156438_ss,48.03104054538931,21.163025686634
604,soluprot_252495_ss.pdb,soluprot_252495_ss,34.28235649546827,22.589083969688453
605,soluprot_169650_ss.pdb,soluprot_169650_ss,35.052383233532936,16.11058350814017
606,soluprot_215398_ss.pdb,soluprot_215398_ss,37.01360923965351,13.883401952589523
607,soluprot_242154_ss.pdb,soluprot_242154_ss,46.221323886639674,16.674434516306498
608,soluprot_23459_ss.pdb,soluprot_23459_ss,40.43906844106464,22.358103028394844
609,soluprot_245502_ss.pdb,soluprot_245502_ss,49.60279586563308,29.030192856092917
610,soluprot_23851_ss.pdb,soluprot_23851_ss,33.868866828087164,21.099074815713404
611,soluprot_144379_ss.pdb,soluprot_144379_ss,33.91741371778069,17.397720203047374
612,soluprot_200609_ss.pdb,soluprot_200609_ss,39.95164712153519,19.09828589314806
613,soluprot_45858_ss.pdb,soluprot_45858_ss,42.32989270386266,16.09107093620893
614,soluprot_187871_ss.pdb,soluprot_187871_ss,51.401662591687035,4.952659215326366
615,soluprot_215500_ss.pdb,soluprot_215500_ss,38.011782296650715,19.201886893450364
616,soluprot_215351_ss.pdb,soluprot_215351_ss,31.456318504190843,26.747448681333186
617,soluprot_30859_ss.pdb,soluprot_30859_ss,32.237638279192275,25.881587511196123
618,soluprot_63130_ss.pdb,soluprot_63130_ss,37.445683720930234,25.032676350244316
619,soluprot_102868_ss.pdb,soluprot_102868_ss,55.71842349304481,5.940507718094861
620,soluprot_245510_ss.pdb,soluprot_245510_ss,50.263562962962965,11.657412070728736
621,soluprot_240597_ss.pdb,soluprot_240597_ss,35.78816564417178,17.511924425156263
622,soluprot_52814_ss.pdb,soluprot_52814_ss,37.77521604139716,24.62273786190206
623,soluprot_30855_ss.pdb,soluprot_30855_ss,39.730569933920705,22.977786850975335
624,soluprot_172303_ss.pdb,soluprot_172303_ss,37.154225920322745,27.02322937742554
625,soluprot_11715_ss.pdb,soluprot_11715_ss,42.6446838581701,20.464630880396896
626,soluprot_52762_ss.pdb,soluprot_52762_ss,42.86344164037855,20.597776964606776
627,soluprot_53255_ss.pdb,soluprot_53255_ss,34.833483422022105,20.850714956238374
628,soluprot_12659_ss.pdb,soluprot_12659_ss,37.475707102451295,17.453523567243387
629,soluprot_52977_ss.pdb,soluprot_52977_ss,42.37833070866142,19.775584967722807
630,soluprot_286721_ss.pdb,soluprot_286721_ss,52.68846223428312,12.391643196240794
631,soluprot_58361_ss.pdb,soluprot_58361_ss,43.527314763231196,11.195484725531317
632,soluprot_29081_ss.pdb,soluprot_29081_ss,37.515775087856305,20.035114747374212
633,soluprot_208915_ss.pdb,soluprot_208915_ss,31.895613867684478,19.49722757310268
634,soluprot_215512_ss.pdb,soluprot_215512_ss,35.38762822844671,21.857632389017088
635,soluprot_214292_ss.pdb,soluprot_214292_ss,45.559908172635446,29.134089868684015
636,soluprot_25449_ss.pdb,soluprot_25449_ss,45.866765134938,17.405987536948725
637,soluprot_234793_ss.pdb,soluprot_234793_ss,69.02938542581212,5.672832741251155
638,soluprot_76893_ss.pdb,soluprot_76893_ss,31.749353899883584,21.919613973714885
639,soluprot_226601_ss.pdb,soluprot_226601_ss,57.93118705855547,21.183693678079706
640,soluprot_50231_ss.pdb,soluprot_50231_ss,41.46477528089888,11.746205288872586
641,soluprot_165898_ss.pdb,soluprot_165898_ss,36.850223011643976,20.557546177155498
642,soluprot_97619_ss.pdb,soluprot_97619_ss,44.29156674660272,12.332320048392212
643,soluprot_161240_ss.pdb,soluprot_161240_ss,43.90837286527515,18.147034952710296
644,soluprot_18540_ss.pdb,soluprot_18540_ss,35.103921052631584,22.48018093127574
645,soluprot_181541_ss.pdb,soluprot_181541_ss,34.56078896974339,19.79195370114316
646,soluprot_194943_ss.pdb,soluprot_194943_ss,38.94105663567203,9.351626310039428
647,soluprot_188173_ss.pdb,soluprot_188173_ss,36.6934891254049,19.94563120022303
648,soluprot_51665_ss.pdb,soluprot_51665_ss,51.64138669673055,12.031904846312464
649,soluprot_51383_ss.pdb,soluprot_51383_ss,70.7276279527559,9.001361914379142
650,soluprot_236638_ss.pdb,soluprot_236638_ss,66.40681114551084,4.856164572058154
651,soluprot_130059_ss.pdb,soluprot_130059_ss,37.33318181818182,11.700982411557336
652,soluprot_109287_ss.pdb,soluprot_109287_ss,41.83177536231884,11.539811047807408
653,soluprot_235861_ss.pdb,soluprot_235861_ss,34.97575134168157,13.732066235907338
654,soluprot_178647_ss.pdb,soluprot_178647_ss,34.21280797101449,22.359555869236317
655,soluprot_172568_ss.pdb,soluprot_172568_ss,37.92228500721799,28.5474996239459
656,soluprot_163005_ss.pdb,soluprot_163005_ss,36.052048028114015,30.2008995847185
657,soluprot_244847_ss.pdb,soluprot_244847_ss,31.486097079715865,25.262984457038858
658,soluprot_250072_ss.pdb,soluprot_250072_ss,61.62278260869565,30.762319555825428
659,soluprot_245534_ss.pdb,soluprot_245534_ss,31.105543376135294,23.194217515898085
660,soluprot_170113_ss.pdb,soluprot_170113_ss,35.73938814016173,21.56936870031301
661,soluprot_224368_ss.pdb,soluprot_224368_ss,61.47998392282958,12.269304484355606
662,soluprot_22514_ss.pdb,soluprot_22514_ss,35.373882521489975,14.190171301400516
663,soluprot_52074_ss.pdb,soluprot_52074_ss,80.17230188679245,7.324005730222109
664,soluprot_216182_ss.pdb,soluprot_216182_ss,49.00384210526315,16.305257200370136
665,soluprot_109978_ss.pdb,soluprot_109978_ss,50.638602316602324,14.16615940048659
666,soluprot_49923_ss.pdb,soluprot_49923_ss,28.292728752849236,25.80124587394377
667,soluprot_207109_ss.pdb,soluprot_207109_ss,38.18425998874508,24.41045509379439
668,soluprot_214938_ss.pdb,soluprot_214938_ss,38.50363241678726,32.50161735141147
669,soluprot_149635_ss.pdb,soluprot_149635_ss,38.19774140752864,24.139629621312427
670,soluprot_5215_ss.pdb,soluprot_5215_ss,43.801096919609314,6.985413927996238
671,soluprot_224276_ss.pdb,soluprot_224276_ss,50.83610576923076,12.547897286336367
672,soluprot_58338_ss.pdb,soluprot_58338_ss,39.37420308483291,8.770035683074354
673,soluprot_252246_ss.pdb,soluprot_252246_ss,35.24697217955283,21.656423827216592
674,soluprot_250740_ss.pdb,soluprot_250740_ss,33.502261468300105,58.653013642266906
675,soluprot_209442_ss.pdb,soluprot_209442_ss,39.124569033272195,24.49512229337349
676,soluprot_156396_ss.pdb,soluprot_156396_ss,34.399968469561,30.874429954995357
677,soluprot_51962_ss.pdb,soluprot_51962_ss,50.013115234375,13.70940403728471
678,soluprot_111252_ss.pdb,soluprot_111252_ss,44.3117,20.52365982008292
679,soluprot_224124_ss.pdb,soluprot_224124_ss,68.44025917926567,4.2703898397732125
680,soluprot_61598_ss.pdb,soluprot_61598_ss,71.80878149810148,6.002636063529365
681,soluprot_215035_ss.pdb,soluprot_215035_ss,37.82995247623812,48.191763621010104
682,soluprot_215971_ss.pdb,soluprot_215971_ss,49.22817650496785,19.6373778882326
683,soluprot_20223_ss.pdb,soluprot_20223_ss,33.25860326894502,20.766326139462954
684,soluprot_165764_ss.pdb,soluprot_165764_ss,36.173479101232175,16.44499736642302
685,soluprot_98374_ss.pdb,soluprot_98374_ss,35.63423724735323,20.4753006869591
686,soluprot_44751_ss.pdb,soluprot_44751_ss,57.192352048558426,4.462300985908694
687,soluprot_207577_ss.pdb,soluprot_207577_ss,43.39502713987474,13.328188977246587
688,soluprot_20340_ss.pdb,soluprot_20340_ss,40.360757575757575,15.86936352287741
689,soluprot_21126_ss.pdb,soluprot_21126_ss,37.0716230867347,25.92447884481128
690,soluprot_239579_ss.pdb,soluprot_239579_ss,87.11721669980119,1.3159965650489545
691,soluprot_176040_ss.pdb,soluprot_176040_ss,42.89539473684211,15.04268164463254
692,soluprot_46357_ss.pdb,soluprot_46357_ss,30.585938284894148,20.12433327122495
693,soluprot_234959_ss.pdb,soluprot_234959_ss,48.18408615384616,20.905347141683873
694,soluprot_240885_ss.pdb,soluprot_240885_ss,53.773211267605625,7.440457972695829
695,soluprot_238806_ss.pdb,soluprot_238806_ss,35.00884885126965,22.446348406108367
696,soluprot_215390_ss.pdb,soluprot_215390_ss,40.24771528998243,17.067685922047904
697,soluprot_28465_ss.pdb,soluprot_28465_ss,37.86394035532995,19.751656880412266
698,soluprot_50000_ss.pdb,soluprot_50000_ss,36.67847123287671,24.194749353501635
699,soluprot_170253_ss.pdb,soluprot_170253_ss,35.53735865724381,27.817568725160818
700,soluprot_57940_ss.pdb,soluprot_57940_ss,32.39105016133763,23.490564150429414
701,soluprot_210309_ss.pdb,soluprot_210309_ss,43.2801690140845,25.067987984059457
702,soluprot_194236_ss.pdb,soluprot_194236_ss,44.17567944250871,12.634224340400948
703,soluprot_241495_ss.pdb,soluprot_241495_ss,75.96750929368031,11.683383490578949
704,soluprot_2151_ss.pdb,soluprot_2151_ss,57.64053326293559,16.401132584356056
705,soluprot_22754_ss.pdb,soluprot_22754_ss,39.1368499847235,18.711646609393092
706,soluprot_187471_ss.pdb,soluprot_187471_ss,38.37405487804878,17.07453599769999
707,soluprot_287800_ss.pdb,soluprot_287800_ss,85.68195831047723,12.163204791414325
708,soluprot_166297_ss.pdb,soluprot_166297_ss,34.7924984765387,22.2799872312147
709,soluprot_12327_ss.pdb,soluprot_12327_ss,40.29769201664776,22.451179995743654
710,soluprot_251845_ss.pdb,soluprot_251845_ss,78.10485229415461,27.54639768762753
711,soluprot_2079_ss.pdb,soluprot_2079_ss,36.95351974723539,21.283491094224118
712,soluprot_59467_ss.pdb,soluprot_59467_ss,87.50344128113879,7.978590994246987
713,soluprot_243543_ss.pdb,soluprot_243543_ss,33.87346899224806,21.4687479909899
714,soluprot_58050_ss.pdb,soluprot_58050_ss,31.710167290886393,24.383833622162033
715,soluprot_47644_ss.pdb,soluprot_47644_ss,57.9162484157161,15.2730642349851
716,soluprot_239797_ss.pdb,soluprot_239797_ss,33.478646188850966,22.18000850728849
717,soluprot_223755_ss.pdb,soluprot_223755_ss,58.796023222060946,11.011465006607635
718,soluprot_67414_ss.pdb,soluprot_67414_ss,30.889007951533507,23.99313459945932
719,soluprot_224585_ss.pdb,soluprot_224585_ss,36.32314768460576,15.384203200520243
720,soluprot_170369_ss.pdb,soluprot_170369_ss,36.13609703997559,28.758925947895467
721,soluprot_165498_ss.pdb,soluprot_165498_ss,51.280124455507156,13.962595068690634
722,soluprot_50159_ss.pdb,soluprot_50159_ss,46.31168826069886,14.690991838652756
723,soluprot_252122_ss.pdb,soluprot_252122_ss,36.281090985678176,25.628127596625507
724,soluprot_215598_ss.pdb,soluprot_215598_ss,40.0742667806755,18.925135910546526
725,soluprot_188205_ss.pdb,soluprot_188205_ss,33.29837902982826,22.502581345863273
726,soluprot_241149_ss.pdb,soluprot_241149_ss,70.72820132013203,13.469326822171842
727,soluprot_241718_ss.pdb,soluprot_241718_ss,70.88812928501468,17.230483076084315
728,soluprot_234971_ss.pdb,soluprot_234971_ss,83.3236511627907,2.2197305375630365
729,soluprot_46799_ss.pdb,soluprot_46799_ss,51.211982300884955,12.524855671967146
730,soluprot_191966_ss.pdb,soluprot_191966_ss,45.487424581005584,17.067307458348694
731,soluprot_35487_ss.pdb,soluprot_35487_ss,35.68266725663717,22.897234621436017
732,soluprot_53627_ss.pdb,soluprot_53627_ss,30.947835753176044,22.43943818955708
733,soluprot_31766_ss.pdb,soluprot_31766_ss,45.08603643724696,22.468533235007012
734,soluprot_179458_ss.pdb,soluprot_179458_ss,37.13442226255293,13.815565720278235
735,soluprot_240815_ss.pdb,soluprot_240815_ss,39.67121276595744,17.79924336967829
736,soluprot_167606_ss.pdb,soluprot_167606_ss,34.406599488163785,23.513906669266817
737,soluprot_46845_ss.pdb,soluprot_46845_ss,47.084254032258066,12.805842707041833
738,soluprot_218382_ss.pdb,soluprot_218382_ss,54.3894759511845,6.027293104346906
739,soluprot_180652_ss.pdb,soluprot_180652_ss,41.182384582803905,17.095837792893274
740,soluprot_182254_ss.pdb,soluprot_182254_ss,42.07458373205741,16.410728730934842
741,soluprot_26217_ss.pdb,soluprot_26217_ss,45.22789645881448,34.42538808836971
742,soluprot_58322_ss.pdb,soluprot_58322_ss,39.90486612834679,25.883496059136718
743,soluprot_190293_ss.pdb,soluprot_190293_ss,35.306547962784734,25.122973544659445
744,soluprot_126526_ss.pdb,soluprot_126526_ss,39.63898909395973,20.83357992928931
745,soluprot_215990_ss.pdb,soluprot_215990_ss,38.617013043478266,16.619254783154833
746,soluprot_168912_ss.pdb,soluprot_168912_ss,32.79988243761996,28.209512855275207
747,soluprot_172472_ss.pdb,soluprot_172472_ss,41.39570486815416,17.968195767319415
748,soluprot_237682_ss.pdb,soluprot_237682_ss,36.255841737781225,18.202147529262383
749,soluprot_47424_ss.pdb,soluprot_47424_ss,36.36559865900383,18.02516532638616
750,soluprot_105655_ss.pdb,soluprot_105655_ss,75.78462151394423,2.903088639281623
751,soluprot_52826_ss.pdb,soluprot_52826_ss,37.93378947368421,17.742777069083076
752,soluprot_59607_ss.pdb,soluprot_59607_ss,47.46232107023411,17.694043926877807
753,soluprot_237539_ss.pdb,soluprot_237539_ss,48.09665052461663,12.976573327532817
754,soluprot_144575_ss.pdb,soluprot_144575_ss,37.47741696535245,24.77648934517974
755,soluprot_45610_ss.pdb,soluprot_45610_ss,55.74071258907363,4.649565829506158
756,soluprot_118886_ss.pdb,soluprot_118886_ss,45.112788963460105,11.58161227696442
757,soluprot_223556_ss.pdb,soluprot_223556_ss,41.863776467435,25.746308429401537
758,soluprot_46621_ss.pdb,soluprot_46621_ss,43.08417582417583,20.559271299841072
759,soluprot_245469_ss.pdb,soluprot_245469_ss,35.84195027195027,26.622767794445767
760,soluprot_218640_ss.pdb,soluprot_218640_ss,39.266716417910445,17.642393263852867
761,soluprot_227528_ss.pdb,soluprot_227528_ss,38.63211488250653,36.54648162009019
762,soluprot_252205_ss.pdb,soluprot_252205_ss,33.48070723684211,31.87435026674204
763,soluprot_30851_ss.pdb,soluprot_30851_ss,49.10194092827005,15.897818795204364
764,soluprot_20663_ss.pdb,soluprot_20663_ss,31.159975838926176,24.764386030168236
765,soluprot_151005_ss.pdb,soluprot_151005_ss,38.386989737742304,26.627735183501386
766,soluprot_242410_ss.pdb,soluprot_242410_ss,38.59571938168847,30.056016714450188
767,soluprot_113691_ss.pdb,soluprot_113691_ss,50.58638852672751,11.429150633684067
768,soluprot_28705_ss.pdb,soluprot_28705_ss,50.38023931623931,8.227226396402356
769,soluprot_26250_ss.pdb,soluprot_26250_ss,41.12262618873446,12.513531126782947
770,soluprot_191305_ss.pdb,soluprot_191305_ss,33.69118004418262,26.607613401383883
771,soluprot_168847_ss.pdb,soluprot_168847_ss,44.21991756826378,14.143043549546219
772,soluprot_106828_ss.pdb,soluprot_106828_ss,54.43416047548292,18.32332655022343
773,soluprot_53097_ss.pdb,soluprot_53097_ss,32.279519519519525,22.05473448613321
774,soluprot_166307_ss.pdb,soluprot_166307_ss,39.226604278074866,18.55336867823664
775,soluprot_243056_ss.pdb,soluprot_243056_ss,52.74067679558011,10.436147190720513
776,soluprot_42587_ss.pdb,soluprot_42587_ss,46.99588051209104,15.14900572381086
777,soluprot_168498_ss.pdb,soluprot_168498_ss,38.63849425287357,23.496176149057185
778,soluprot_215504_ss.pdb,soluprot_215504_ss,35.117742083524554,32.774212451121855
779,soluprot_182201_ss.pdb,soluprot_182201_ss,42.356375574523966,15.502043260335222
780,soluprot_215579_ss.pdb,soluprot_215579_ss,38.28652777777778,16.805701783814808
781,soluprot_64299_ss.pdb,soluprot_64299_ss,48.75359241966493,15.467576834900491
782,soluprot_107438_ss.pdb,soluprot_107438_ss,43.48988095238095,6.5728393473094515
783,soluprot_169457_ss.pdb,soluprot_169457_ss,32.71032065217391,27.852670850978328
784,soluprot_175272_ss.pdb,soluprot_175272_ss,40.88606080206986,19.46667277277774
785,soluprot_150334_ss.pdb,soluprot_150334_ss,34.33323330283623,30.136054462798647
786,soluprot_61569_ss.pdb,soluprot_61569_ss,61.21595075239398,6.493352091531245
787,soluprot_214951_ss.pdb,soluprot_214951_ss,36.572098379300535,30.77725854191489
788,soluprot_47545_ss.pdb,soluprot_47545_ss,40.33594543387647,16.987196343610673
789,soluprot_237525_ss.pdb,soluprot_237525_ss,70.78709677419356,46.370723780045836
790,soluprot_240122_ss.pdb,soluprot_240122_ss,39.33485648679678,17.3452714288672
791,soluprot_25336_ss.pdb,soluprot_25336_ss,42.63238653905526,22.11437932869696
792,soluprot_252231_ss.pdb,soluprot_252231_ss,33.47899860529986,19.1939041140195
793,soluprot_210297_ss.pdb,soluprot_210297_ss,33.74931651229639,26.226744087490438
794,soluprot_51868_ss.pdb,soluprot_51868_ss,41.48255319148936,17.164413722772228
795,soluprot_166096_ss.pdb,soluprot_166096_ss,52.51747606019152,18.900820042618545
796,soluprot_46640_ss.pdb,soluprot_46640_ss,40.07026845637585,15.806566289664005
797,soluprot_73912_ss.pdb,soluprot_73912_ss,35.93702320998467,33.60434432849919
798,soluprot_83613_ss.pdb,soluprot_83613_ss,38.52774211099021,11.478564068022889
799,soluprot_20106_ss.pdb,soluprot_20106_ss,31.721207311207312,15.92940438205436
800,soluprot_65370_ss.pdb,soluprot_65370_ss,32.87467391304348,20.14873612130413
801,soluprot_179435_ss.pdb,soluprot_179435_ss,32.7626293852032,26.130525113978553
802,soluprot_243750_ss.pdb,soluprot_243750_ss,47.60099078341013,39.89466738845786
803,soluprot_51864_ss.pdb,soluprot_51864_ss,49.21599009900989,10.320092649384186
804,soluprot_177855_ss.pdb,soluprot_177855_ss,43.23856232294617,15.909084368247228
805,soluprot_165787_ss.pdb,soluprot_165787_ss,31.631548573260662,26.986320026817385
806,soluprot_53691_ss.pdb,soluprot_53691_ss,39.62780304988369,18.680298572931363
807,soluprot_51919_ss.pdb,soluprot_51919_ss,31.916898963730567,24.648683672520367
808,soluprot_53884_ss.pdb,soluprot_53884_ss,46.06533721898418,10.906590931379688
809,soluprot_54310_ss.pdb,soluprot_54310_ss,37.23620515861251,23.507022038775297
810,soluprot_53445_ss.pdb,soluprot_53445_ss,39.10449782775365,18.69215368247015
811,soluprot_149945_ss.pdb,soluprot_149945_ss,34.615932788944725,22.983215550605387
812,soluprot_286808_ss.pdb,soluprot_286808_ss,31.8093623112962,26.324391123438996
813,soluprot_182256_ss.pdb,soluprot_182256_ss,39.908799561197306,36.81535707636757
814,soluprot_215202_ss.pdb,soluprot_215202_ss,33.694235187424425,24.587051405132495
815,soluprot_8110_ss.pdb,soluprot_8110_ss,75.86401408450705,10.619876180414382
816,soluprot_163056_ss.pdb,soluprot_163056_ss,37.08682561944834,21.316999229757226
817,soluprot_224246_ss.pdb,soluprot_224246_ss,59.52169960474309,8.854259023407932
818,soluprot_225964_ss.pdb,soluprot_225964_ss,37.267532964695874,22.928963302009226
819,soluprot_223513_ss.pdb,soluprot_223513_ss,53.4982536707279,14.638536667271262
820,soluprot_60582_ss.pdb,soluprot_60582_ss,36.02681844052362,28.44036191048737
821,soluprot_287687_ss.pdb,soluprot_287687_ss,36.175136286201024,12.22054815686575
822,soluprot_52800_ss.pdb,soluprot_52800_ss,31.487002781641166,20.905007635496077
823,soluprot_25789_ss.pdb,soluprot_25789_ss,38.62364410058027,23.955232843897267
824,soluprot_196893_ss.pdb,soluprot_196893_ss,45.97266447368422,13.297293326742794
825,soluprot_58994_ss.pdb,soluprot_58994_ss,30.35360674810937,19.36581620193583
826,soluprot_42643_ss.pdb,soluprot_42643_ss,46.41804904051173,13.105023681005282
827,soluprot_52719_ss.pdb,soluprot_52719_ss,30.386823116219666,27.141610631246262
828,soluprot_26503_ss.pdb,soluprot_26503_ss,36.02423462630085,26.87055104394946
829,soluprot_32472_ss.pdb,soluprot_32472_ss,42.08581344902385,17.76734324308319
830,soluprot_181571_ss.pdb,soluprot_181571_ss,35.35741157088865,48.01511221658757
831,soluprot_25785_ss.pdb,soluprot_25785_ss,35.09223225176872,25.642399355091488
832,soluprot_64289_ss.pdb,soluprot_64289_ss,34.28300372670808,26.216505527609993
833,soluprot_61522_ss.pdb,soluprot_61522_ss,64.53205756929638,3.7570254000224277
834,soluprot_172437_ss.pdb,soluprot_172437_ss,39.86764174454829,25.59029475001211
835,soluprot_24166_ss.pdb,soluprot_24166_ss,36.85303983228511,8.986688084392028
836,soluprot_153501_ss.pdb,soluprot_153501_ss,38.73869007427414,31.974361006458818
837,soluprot_110476_ss.pdb,soluprot_110476_ss,36.99059579939991,20.851437438376763
838,soluprot_59162_ss.pdb,soluprot_59162_ss,38.393418132611636,22.462042330779273
839,soluprot_149709_ss.pdb,soluprot_149709_ss,35.513518844663615,21.47706168100445
840,soluprot_169068_ss.pdb,soluprot_169068_ss,34.44318867230599,22.307125762180494
841,soluprot_245390_ss.pdb,soluprot_245390_ss,42.033690976514215,27.894472816215544
842,soluprot_215902_ss.pdb,soluprot_215902_ss,31.020118733509236,17.918137239378467
843,soluprot_790_ss.pdb,soluprot_790_ss,42.30284976768198,16.280259987420763
844,soluprot_53701_ss.pdb,soluprot_53701_ss,48.79460366713681,13.852239045712901
845,soluprot_59799_ss.pdb,soluprot_59799_ss,50.86556837606838,15.241213512361348
846,soluprot_166077_ss.pdb,soluprot_166077_ss,37.171562799616495,19.762719403019872
847,soluprot_18866_ss.pdb,soluprot_18866_ss,28.81633549202338,34.309007427537246
848,soluprot_192382_ss.pdb,soluprot_192382_ss,39.27940210526315,18.9440990610324
849,soluprot_29969_ss.pdb,soluprot_29969_ss,32.742503667481664,16.205776174863022
850,soluprot_249953_ss.pdb,soluprot_249953_ss,37.78576687116564,15.38517260145876
851,soluprot_51548_ss.pdb,soluprot_51548_ss,37.77356268607344,21.000279795067208
852,soluprot_168541_ss.pdb,soluprot_168541_ss,40.487367115520904,12.578540673046176
853,soluprot_95968_ss.pdb,soluprot_95968_ss,34.4217230975528,17.424684331525473
854,soluprot_170085_ss.pdb,soluprot_170085_ss,47.08408248081842,23.907628641399487
855,soluprot_224718_ss.pdb,soluprot_224718_ss,38.77276044568245,18.340338843272754
856,soluprot_251035_ss.pdb,soluprot_251035_ss,36.98929873217115,3.6825017722819604
857,soluprot_8262_ss.pdb,soluprot_8262_ss,36.54172286940528,15.36205090553793
858,soluprot_26385_ss.pdb,soluprot_26385_ss,32.797400160814796,29.456256585632683
859,soluprot_210319_ss.pdb,soluprot_210319_ss,35.160857363542746,28.2458307678075
860,soluprot_58932_ss.pdb,soluprot_58932_ss,48.32832659251769,10.408455057232162
861,soluprot_210364_ss.pdb,soluprot_210364_ss,61.72852755194219,14.598673084795061
862,soluprot_26289_ss.pdb,soluprot_26289_ss,51.87578756789378,16.341469529402552
863,soluprot_294853_ss.pdb,soluprot_294853_ss,33.89484116899619,18.804456372899956
864,soluprot_117876_ss.pdb,soluprot_117876_ss,47.3448596491228,8.85069495445622
865,soluprot_115218_ss.pdb,soluprot_115218_ss,35.754334057746036,29.42903798615435
866,soluprot_36820_ss.pdb,soluprot_36820_ss,35.2385677158533,18.818845132505025
867,soluprot_175741_ss.pdb,soluprot_175741_ss,36.87485590778098,15.140156019225547
868,soluprot_194245_ss.pdb,soluprot_194245_ss,57.85180156657964,7.985802510520269
869,soluprot_1588_ss.pdb,soluprot_1588_ss,31.4964934114202,15.410162425478315
870,soluprot_172726_ss.pdb,soluprot_172726_ss,33.50473990208078,27.843997582153794
871,soluprot_175954_ss.pdb,soluprot_175954_ss,33.443935988272656,20.03735430928248
872,soluprot_49254_ss.pdb,soluprot_49254_ss,36.00415942028985,19.833413834197955
873,soluprot_170097_ss.pdb,soluprot_170097_ss,36.045921619293715,25.932935477015
874,soluprot_79023_ss.pdb,soluprot_79023_ss,39.64789821882952,12.66459217294185
875,soluprot_92708_ss.pdb,soluprot_92708_ss,31.032757540148847,22.767849712784344
876,soluprot_103919_ss.pdb,soluprot_103919_ss,39.395634365634365,13.274749346138085
877,soluprot_234945_ss.pdb,soluprot_234945_ss,41.687459415584414,18.272212112417794
878,soluprot_169908_ss.pdb,soluprot_169908_ss,45.39370311506676,20.99097375920461
879,soluprot_97241_ss.pdb,soluprot_97241_ss,57.9984480874317,14.205374509658208
880,soluprot_403_ss.pdb,soluprot_403_ss,34.69411298315163,16.15671490071537
881,soluprot_236698_ss.pdb,soluprot_236698_ss,37.880715220235494,20.057746916612146
882,soluprot_210352_ss.pdb,soluprot_210352_ss,33.18023459441599,29.471845753142357
883,soluprot_61037_ss.pdb,soluprot_61037_ss,79.28692025664527,4.295548304097997
884,soluprot_218334_ss.pdb,soluprot_218334_ss,68.28446341463415,20.63148285156802
885,soluprot_49991_ss.pdb,soluprot_49991_ss,74.38836198662845,3.789180491782967
886,soluprot_144037_ss.pdb,soluprot_144037_ss,35.94074496389206,23.160601772065807
887,soluprot_12337_ss.pdb,soluprot_12337_ss,41.18139463601533,3.0855289621315283
888,soluprot_162953_ss.pdb,soluprot_162953_ss,34.9589306122449,20.783141604841937
889,soluprot_36804_ss.pdb,soluprot_36804_ss,42.44666540212443,17.265915485819036
890,soluprot_241147_ss.pdb,soluprot_241147_ss,74.5779220779221,3.0642915364787755
891,soluprot_175057_ss.pdb,soluprot_175057_ss,35.032151106833496,16.391569054457385
892,soluprot_210240_ss.pdb,soluprot_210240_ss,35.41719619189845,33.70680516312339
893,soluprot_46797_ss.pdb,soluprot_46797_ss,77.80413762287758,1.701260584595006
894,soluprot_182708_ss.pdb,soluprot_182708_ss,35.511199506629666,21.044631668965312
895,soluprot_23506_ss.pdb,soluprot_23506_ss,43.96738562091503,13.149677322399867
896,soluprot_53005_ss.pdb,soluprot_53005_ss,44.07011346054667,18.88656111204201
897,soluprot_242739_ss.pdb,soluprot_242739_ss,42.7901393939394,19.487403815652375
898,soluprot_43022_ss.pdb,soluprot_43022_ss,38.16495517522412,13.974334092530077
899,soluprot_44145_ss.pdb,soluprot_44145_ss,34.43628453608247,20.6134282304325
