pdb_name,length,header,tm_score,sc_rmsd,plddt,pct_helix,pct_strand,pct_coil,scrmsd_des,plddt_des,tm_plddt_des
1wyj,112,sample_1,0.5040496612601741,7.294701106459546,69.12,0.1517857142857142,0.3303571428571428,0.5178571428571429,False,False,False
2dxu,43,sample_6,0.6141497459101726,2.8527203433170376,68.11,0.0,0.3488372093023256,0.6511627906976745,False,False,False
6m3b,42,sample_7,0.2499660632502777,7.7392902137474,59.7,0.1666666666666666,0.0952380952380952,0.7380952380952381,False,False,False
2xol,166,sample_8,0.9843564579178128,0.5215328405922363,95.54,0.7108433734939759,0.0120481927710843,0.2771084337349397,True,True,True
1k94,165,sample_5,0.9223454348064104,1.2652322119266664,87.9,0.6181818181818182,0.0484848484848484,0.3333333333333333,True,True,True
6np9,115,sample_3,0.9359125752932376,0.927125858706339,84.04,0.1043478260869565,0.5130434782608696,0.3826086956521739,True,True,True
1wfo,117,sample_4,0.6144814700881408,4.911598249949468,68.81,0.0256410256410256,0.358974358974359,0.6153846153846154,False,False,False
1cf7,67,sample_5,0.87805720659435,1.1943798769614316,84.17,0.4925373134328358,0.1791044776119403,0.3283582089552239,True,True,True
2fcw,105,sample_2,0.946996480965922,0.8418957672442767,92.3,0.8571428571428571,0.0,0.1428571428571428,True,True,True
1bg1,177,sample_1,0.9209679856929806,1.284245202812838,81.86,0.8531073446327684,0.0,0.1468926553672316,True,True,True
2phn,248,sample_7,0.3798491484258636,16.024117370561317,44.74,0.3911290322580645,0.1854838709677419,0.4233870967741935,False,False,False
3nuh,168,sample_2,0.9390227920297772,1.0892441756753162,90.79,0.5178571428571429,0.2321428571428571,0.25,True,True,True
2idr,177,sample_7,0.9216971380299868,1.5351615485677006,79.78,0.288135593220339,0.2994350282485876,0.4124293785310734,True,True,True
2nrh,74,sample_2,0.6109486780552483,3.721780281123732,56.63,0.3378378378378378,0.2837837837837837,0.3783783783783784,False,False,False
6np3,268,sample_4,0.4282039170194473,13.552542759596768,50.45,0.3582089552238806,0.2425373134328358,0.3992537313432835,False,False,False
1z2a,164,sample_3,0.9105948077560292,1.448380318203115,81.34,0.3536585365853658,0.2560975609756097,0.3902439024390244,True,True,True
4p5m,97,sample_3,0.9224276202859328,0.9213608662619218,91.89,0.0,0.5154639175257731,0.4845360824742268,True,True,True
1mo9,121,sample_6,0.5411631232164459,5.3983418602818025,54.8,0.1652892561983471,0.3636363636363636,0.4710743801652892,False,False,False
1ua7,344,sample_8,0.5441702218156178,10.141125337706226,45.28,0.375,0.0784883720930232,0.5465116279069767,False,False,False
2bop,85,sample_6,0.8305607120463498,2.0689564243371503,87.24,0.2823529411764706,0.3058823529411765,0.4117647058823529,False,False,True
2hah,112,sample_1,0.9255177899034902,0.925778816522808,85.13,0.0803571428571428,0.5267857142857143,0.3928571428571428,True,True,True
5yh4,179,sample_2,0.3739727267080584,12.12324900642743,43.62,0.0502793296089385,0.3575418994413408,0.5921787709497207,False,False,False
3q90,121,sample_7,0.9443644824946892,0.9220752898079346,85.57,0.3140495867768595,0.4297520661157025,0.256198347107438,True,True,True
2o8p,220,sample_7,0.9748378435714034,0.794223516788186,95.62,0.8318181818181818,0.0,0.1681818181818181,True,True,True
1jnr,141,sample_1,0.6137097294067425,5.389246260267803,69.5,0.524822695035461,0.0992907801418439,0.375886524822695,False,False,False
3vfi,104,sample_8,0.9722330042196448,0.5563394541107903,93.25,0.3942307692307692,0.2692307692307692,0.3365384615384615,True,True,True
7bl4,102,sample_7,0.9497302518605316,0.7708848013749708,89.89,0.3627450980392157,0.3039215686274509,0.3333333333333333,True,True,True
2p7j,93,sample_1,0.8694953463174405,1.3025346535368303,80.4,0.2258064516129032,0.3548387096774194,0.4193548387096774,True,True,True
3sre,329,sample_3,0.7925761713889152,5.670543548111864,64.66,0.094224924012158,0.4103343465045592,0.4954407294832826,False,False,False
1k1g,122,sample_1,0.6683896422350628,4.704519484961871,64.2,0.5163934426229508,0.1393442622950819,0.3442622950819672,False,False,False
1ujo,131,sample_2,0.9154798049185104,1.1975826312684408,86.25,0.6412213740458015,0.0,0.3587786259541984,True,True,True
2i49,398,sample_3,0.2361747600944828,19.11366142465772,37.03,0.3241206030150754,0.1030150753768844,0.5728643216080402,False,False,False
3n1f,94,sample_1,0.985259838777127,0.3768231821466269,93.33,0.0319148936170212,0.5319148936170213,0.4361702127659574,True,True,True
1wdv,150,sample_7,0.940013795251284,0.9858953455768604,76.01,0.3133333333333333,0.2866666666666667,0.4,True,True,True
3vzx,227,sample_2,0.9713556716491452,0.7863898854929858,89.67,0.4317180616740088,0.2070484581497797,0.3612334801762114,True,True,True
3h7t,235,sample_3,0.4257892517036838,11.795251970135844,45.87,0.1319148936170212,0.3319148936170212,0.5361702127659574,False,False,False
5my6,166,sample_2,0.6343405393372433,5.694489963345411,58.91,0.1686746987951807,0.2409638554216867,0.5903614457831325,False,False,False
1kwg,197,sample_5,0.8800301267624075,2.2467522351694957,83.19,0.248730964467005,0.2791878172588832,0.4720812182741117,False,False,True
5ee0,280,sample_1,0.6582370573554274,7.118632444084317,58.79,0.5214285714285715,0.0821428571428571,0.3964285714285714,False,False,False
2qkg,210,sample_8,0.5994690076331034,10.153765262585,54.98,0.0428571428571428,0.419047619047619,0.5380952380952381,False,False,False
2h84,214,sample_7,0.634759453532103,8.362302847579148,69.75,0.4252336448598131,0.1682242990654205,0.4065420560747663,False,False,False
4xkb,74,sample_8,0.9659165552769076,0.5097324437276203,87.21,0.7297297297297297,0.0,0.2702702702702703,True,True,True
5wl1,180,sample_1,0.9595936266729924,0.8970916267698521,90.43,0.3777777777777777,0.3611111111111111,0.2611111111111111,True,True,True
4rm4,364,sample_3,0.6980912953657507,9.288735548267963,63.6,0.6043956043956044,0.0741758241758241,0.3214285714285714,False,False,False
5tea,173,sample_2,0.9154283299998917,1.4169967201981195,87.42,0.2658959537572254,0.3352601156069364,0.3988439306358382,True,True,True
5hsg,285,sample_5,0.9486379759199612,1.3264983598823372,89.98,0.4771929824561403,0.2,0.3228070175438596,True,True,True
1tpg,50,sample_3,0.7247901220296508,1.4390442679848006,87.22,0.0,0.5,0.5,True,True,True
1xq4,123,sample_3,0.9655870959080228,0.6668340651566109,93.71,0.048780487804878,0.6422764227642277,0.3089430894308943,True,True,True
3sao,146,sample_1,0.9805037150199696,0.5247184935545641,92.74,0.1712328767123287,0.5,0.3287671232876712,True,True,True
2xvm,197,sample_6,0.8886537160783735,1.8894961104128527,86.14,0.3299492385786802,0.3197969543147208,0.350253807106599,True,True,True
2qdd,241,sample_6,0.7528238679239387,5.952224090666794,68.64,0.4315352697095436,0.1161825726141078,0.4522821576763485,False,False,False
1j8u,307,sample_2,0.3901379515191955,16.070827361327236,47.12,0.50814332247557,0.0814332247557003,0.4104234527687296,False,False,False
4nbp,129,sample_1,0.9568065758333684,0.7310223488362181,89.89,0.3255813953488372,0.3255813953488372,0.3488372093023256,True,True,True
1wzl,382,sample_1,0.6099047001242625,8.16855193236481,56.61,0.5130890052356021,0.0837696335078534,0.4031413612565445,False,False,False
2zad,221,sample_1,0.9171677009508884,1.656678823488004,81.66,0.4479638009049774,0.2126696832579185,0.3393665158371041,True,True,True
2cs4,82,sample_2,0.9031120189222938,0.9897637064766124,88.23,0.2804878048780488,0.4024390243902439,0.3170731707317073,True,True,True
3kmu,267,sample_3,0.5390870146562171,7.94310179246177,47.05,0.3857677902621723,0.1273408239700374,0.4868913857677903,False,False,False
1fs1,61,sample_1,0.9054107089422244,0.8239215603723319,84.94,0.4754098360655737,0.1967213114754098,0.3278688524590163,True,True,True
3s6w,52,sample_3,0.9587279616122272,0.4074588994965413,93.45,0.0576923076923076,0.5192307692307693,0.4230769230769231,True,True,True
4dxh,176,sample_7,0.3881946806489063,12.950467178546583,40.04,0.375,0.0909090909090909,0.5340909090909091,False,False,False
1jos,100,sample_6,0.9218309466813412,0.9912838362066886,90.09,0.44,0.22,0.34,True,True,True
2aeu,366,sample_6,0.6991529898188084,5.55814087474007,78.36,0.4699453551912568,0.1857923497267759,0.3442622950819672,False,False,True
1gwe,498,sample_7,0.2649378002513796,24.200521707057383,40.54,0.2269076305220883,0.1184738955823293,0.6546184738955824,False,False,False
1v74,87,sample_1,0.9783332112844546,0.3934755154425402,91.15,0.632183908045977,0.0229885057471264,0.3448275862068966,True,True,True
1v1h,74,sample_5,0.4128029018502679,7.850156610194261,65.39,0.0405405405405405,0.2702702702702703,0.6891891891891891,False,False,False
6rvq,197,sample_3,0.8707795234608576,2.1371552650216543,84.92,0.5329949238578681,0.2030456852791878,0.2639593908629442,False,False,True
1snn,219,sample_1,0.7450266922336842,3.964885394714849,70.48,0.4977168949771689,0.1643835616438356,0.3378995433789954,False,False,True
4xxb,42,sample_4,0.77326512362936,1.632164244751021,79.87,0.0714285714285714,0.1428571428571428,0.7857142857142857,True,True,True
2x9v,250,sample_2,0.4440554764140171,13.908250746595998,53.1,0.5,0.076,0.424,False,False,False
1iq8,77,sample_6,0.9506157170515686,0.7266064004190178,91.39,0.1948051948051948,0.4025974025974026,0.4025974025974026,True,True,True
1wa3,202,sample_6,0.9904628852380154,0.4437731359253982,95.48,0.5,0.1683168316831683,0.3316831683168317,True,True,True
2nmu,136,sample_1,0.9360017705926048,1.0830565119002549,93.16,0.0808823529411764,0.625,0.2941176470588235,True,True,True
1gku,242,sample_8,0.6408044741060288,5.664567412225289,67.54,0.4669421487603306,0.2272727272727272,0.3057851239669421,False,False,False
2ffy,358,sample_4,0.6575299855041178,7.401776203702753,58.67,0.4720670391061452,0.1256983240223463,0.4022346368715084,False,False,False
1x4t,79,sample_5,0.8556760395641255,1.42776087489478,89.56,0.6835443037974683,0.0,0.3164556962025316,True,True,True
2cf7,156,sample_8,0.901640518401886,2.8502450273958417,84.58,0.7243589743589743,0.0,0.2756410256410256,False,False,True
1ext,59,sample_2,0.8430820098031505,1.153957863198613,78.26,0.0,0.2542372881355932,0.7457627118644068,True,True,True
1x6h,36,sample_5,0.6371364051761526,3.7943360982348273,86.76,0.3333333333333333,0.1111111111111111,0.5555555555555556,False,False,True
3imk,157,sample_6,0.8384821504568443,2.697141897430085,83.02,0.4140127388535032,0.1719745222929936,0.4140127388535032,False,False,True
3brs,271,sample_2,0.4985805924128926,11.68491970145152,67.9,0.4391143911439114,0.1808118081180811,0.3800738007380074,False,False,False
6rsx,129,sample_3,0.9591808947137042,0.7286458979875378,84.11,0.3333333333333333,0.3875968992248062,0.2790697674418604,True,True,True
1je5,181,sample_2,0.8383602639583483,3.0418517983894287,74.65,0.149171270718232,0.3591160220994475,0.4917127071823204,False,False,True
2fe7,154,sample_5,0.8305898381849202,2.8874214806377245,81.7,0.3961038961038961,0.2727272727272727,0.3311688311688311,False,False,True
4i7g,125,sample_8,0.9678279366766076,0.6298279314985293,93.29,0.352,0.288,0.36,True,True,True
1fyh,103,sample_3,0.9367733441627268,0.8443203449502106,87.6,0.029126213592233,0.5436893203883495,0.4271844660194174,True,True,True
1iuf,75,sample_5,0.5089727211088263,5.311737607106895,69.02,0.7066666666666667,0.0,0.2933333333333333,False,False,False
1xhs,113,sample_7,0.6531983196885475,4.156471458946024,62.34,0.2123893805309734,0.4513274336283185,0.336283185840708,False,False,False
2ix2,119,sample_1,0.912467095301049,1.4011383334293257,86.56,0.2352941176470588,0.4873949579831932,0.2773109243697479,True,True,True
3iu1,199,sample_1,0.8357602585883194,5.999432675450227,79.41,0.3115577889447236,0.271356783919598,0.4170854271356783,False,False,True
2atz,176,sample_1,0.6037742546874324,5.592237223641849,62.62,0.2897727272727273,0.2784090909090909,0.4318181818181818,False,False,False
1ml4,157,sample_8,0.8859402451291639,1.845355078273411,80.67,0.4522292993630573,0.1592356687898089,0.3885350318471338,True,True,True
2f71,297,sample_2,0.7374195221271312,4.276210099891982,65.14,0.3804713804713804,0.2087542087542087,0.4107744107744108,False,False,False
4n0k,106,sample_5,0.4250401036358034,9.06504406757974,53.25,0.4339622641509434,0.0566037735849056,0.5094339622641509,False,False,False
1l5j,160,sample_6,0.9220179035876264,1.5300385318738443,91.36,0.6625,0.0125,0.325,True,True,True
2yc4,177,sample_1,0.9350824912837395,1.078603589471126,83.33,0.3898305084745763,0.2485875706214689,0.3615819209039548,True,True,True
1ir6,385,sample_5,0.802664784103443,4.340681614736381,72.71,0.535064935064935,0.1064935064935064,0.3584415584415584,False,False,True
1ewf,239,sample_1,0.789080828592435,7.882860529342395,68.11,0.209205020920502,0.405857740585774,0.3849372384937238,False,False,False
6krw,306,sample_3,0.6796558144370778,6.451944163034334,62.8,0.4150326797385621,0.196078431372549,0.3888888888888889,False,False,False
1why,84,sample_7,0.8736604178822601,1.6686606459907398,83.28,0.238095238095238,0.2857142857142857,0.4761904761904761,True,True,True
2nxc,249,sample_1,0.6772190938004632,8.12615631501877,82.28,0.3333333333333333,0.3012048192771084,0.3654618473895582,False,False,True
1st6,137,sample_8,0.7936185736168464,3.49922674732288,78.94,0.7518248175182481,0.0,0.2481751824817518,False,False,True
1f86,115,sample_2,0.9594313241686884,0.6874879789367027,93.78,0.0521739130434782,0.4869565217391304,0.4608695652173913,True,True,True
5mol,108,sample_2,0.926133491725743,1.057043164718665,85.46,0.0925925925925925,0.4351851851851852,0.4722222222222222,True,True,True
6o5e,189,sample_1,0.8641041680635845,2.149324038016676,79.44,0.0687830687830687,0.4391534391534391,0.492063492063492,False,False,True
6arq,109,sample_8,0.9273913604751374,0.9421534793427586,89.11,0.0275229357798165,0.6422018348623854,0.3302752293577982,True,True,True
4ejo,111,sample_5,0.893392308134496,1.2855622630026058,80.2,0.6396396396396397,0.1261261261261261,0.2342342342342342,True,True,True
7cmn,152,sample_2,0.6255005289652158,9.460050730322465,54.71,0.2302631578947368,0.1973684210526315,0.5723684210526315,False,False,False
2i10,69,sample_4,0.7899507485459794,3.7171405952082472,82.95,0.7101449275362319,0.0,0.2898550724637681,False,False,True
3hvn,354,sample_7,0.2538957985704045,23.122655835531628,39.45,0.2740112994350282,0.1864406779661017,0.53954802259887,False,False,False
1vco,242,sample_3,0.6523374490158949,5.310211877322291,52.21,0.2603305785123967,0.1694214876033057,0.5702479338842975,False,False,False
1a12,401,sample_2,0.7998844044912194,4.6696021510959405,70.63,0.0498753117206982,0.3516209476309227,0.5985037406483791,False,False,True
4f7u,80,sample_7,0.8461625352425244,1.990006088682657,88.45,0.1875,0.5375,0.275,True,True,True
1k1x,252,sample_2,0.8286453639182029,3.019773163372796,65.83,0.0436507936507936,0.5198412698412699,0.4365079365079365,False,False,False
1mex,106,sample_7,0.9689442891267946,0.573531346385112,90.98,0.0943396226415094,0.5188679245283019,0.3867924528301887,True,True,True
5dl5,415,sample_2,0.387881989413105,17.46643982007673,39.87,0.0240963855421686,0.4819277108433735,0.4939759036144578,False,False,False
1ybf,240,sample_3,0.6711691280962105,7.069459633814295,65.65,0.4208333333333333,0.125,0.4541666666666666,False,False,False
1jz8,292,sample_1,0.5986376400030912,8.926606715840315,55.1,0.3116438356164384,0.1986301369863013,0.4897260273972603,False,False,False
3cu9,314,sample_5,0.8867950698192456,2.1911343497689497,70.97,0.0509554140127388,0.4713375796178344,0.4777070063694267,False,False,True
2fj8,59,sample_1,0.4402650650099102,7.460857885261407,79.04,0.0,0.3389830508474576,0.6610169491525424,False,False,False
1ytq,92,sample_3,0.6278277043857978,3.788453088408577,65.9,0.0,0.4565217391304347,0.5434782608695652,False,False,False
1shu,181,sample_8,0.9646884609541402,0.8141956867844506,93.3,0.5082872928176796,0.2265193370165746,0.2651933701657458,True,True,True
5yzp,90,sample_7,0.977599682092516,0.4622537774433803,94.0,0.0777777777777777,0.5444444444444444,0.3777777777777777,True,True,True
3c20,96,sample_7,0.799463269161195,2.1105411526795006,76.51,0.2916666666666667,0.2916666666666667,0.4166666666666667,False,False,True
2zyq,131,sample_1,0.6160349999096856,6.727937873945955,66.62,0.1984732824427481,0.3282442748091603,0.4732824427480916,False,False,False
2q9q,114,sample_2,0.9223709985255908,1.0952833111142624,86.85,0.7368421052631579,0.0,0.2631578947368421,True,True,True
2fiy,285,sample_7,0.6396175577470963,7.858904704447505,63.34,0.4350877192982456,0.1052631578947368,0.4596491228070175,False,False,False
1t7s,129,sample_5,0.653550493404534,5.721644525616516,82.49,0.875968992248062,0.0,0.1240310077519379,False,False,True
1ufn,81,sample_1,0.9114114164029506,0.9806451684218832,84.42,0.3209876543209876,0.2592592592592592,0.419753086419753,True,True,True
2dst,122,sample_7,0.9260008616960604,1.0564635435749077,87.27,0.3114754098360656,0.3032786885245901,0.3852459016393442,True,True,True
3vas,345,sample_3,0.5931004951946377,9.868222576260392,60.22,0.4,0.1536231884057971,0.4463768115942029,False,False,False
6luo,91,sample_8,0.9664130709326116,0.5713329595456418,94.24,0.0,0.5604395604395604,0.4395604395604395,True,True,True
2nsp,342,sample_4,0.7587778408516516,4.776159956180059,61.59,0.0994152046783625,0.3654970760233918,0.5350877192982456,False,False,False
2o6k,70,sample_1,0.970809514154907,0.4703347952555837,94.33,0.6142857142857143,0.0,0.3857142857142857,True,True,True
2nn6,118,sample_6,0.7280422715850323,5.251730406489656,77.38,0.4067796610169492,0.2457627118644068,0.3474576271186441,False,False,True
5yx6,360,sample_8,0.4566289794947999,12.350892559106986,64.41,0.3861111111111111,0.175,0.4388888888888889,False,False,False
7eam,204,sample_4,0.2639886210473212,16.712666736848767,36.93,0.1176470588235294,0.25,0.6323529411764706,False,False,False
1zcz,157,sample_5,0.7513088333321337,3.285886874931214,63.57,0.4713375796178344,0.0955414012738853,0.4331210191082802,False,False,False
1vim,182,sample_7,0.9572327363546606,0.934653241731771,91.87,0.5274725274725275,0.1318681318681318,0.3406593406593406,True,True,True
2ha9,413,sample_4,0.598370905027985,10.308943121286298,66.49,0.5399515738498789,0.135593220338983,0.324455205811138,False,False,False
6m0r,345,sample_3,0.5786597764262899,9.646710271206414,59.21,0.6927536231884058,0.0,0.3072463768115942,False,False,False
2dis,96,sample_5,0.7456859484201224,5.260888126218872,79.29,0.3541666666666667,0.3125,0.3333333333333333,False,False,True
1ryp,241,sample_7,0.6336054785991106,10.037793509302816,76.68,0.3609958506224066,0.2282157676348547,0.4107883817427386,False,False,True
2ii3,234,sample_1,0.6732382119552756,6.806230763093014,58.58,0.3888888888888889,0.2136752136752136,0.3974358974358974,False,False,False
1foe,162,sample_3,0.8432518473581436,2.2098279999231267,74.66,0.2592592592592592,0.3024691358024691,0.4382716049382716,False,False,True
1j6o,256,sample_4,0.9068454857579844,1.8963058941416209,78.78,0.45703125,0.1484375,0.39453125,True,True,True
1t1u,382,sample_2,0.2898468049659247,20.047092808440087,47.72,0.4790575916230366,0.1178010471204188,0.4031413612565445,False,False,False
4dk2,260,sample_4,0.8903291820697871,2.182162909601205,81.73,0.6,0.0076923076923076,0.3923076923076923,False,False,True
1ca4,152,sample_6,0.7515202990597787,3.310439576572729,69.41,0.0855263157894736,0.4342105263157895,0.4802631578947368,False,False,False
4gcv,145,sample_4,0.5442260239293076,12.405856068203564,66.49,0.4758620689655172,0.1310344827586207,0.3931034482758621,False,False,False
1vdc,130,sample_2,0.8233953658215672,2.9177641666030327,82.03,0.2307692307692307,0.3230769230769231,0.4461538461538462,False,False,True
1paq,161,sample_3,0.983320147396803,0.5357241077345546,94.06,0.7888198757763976,0.0,0.2111801242236025,True,True,True
1b9w,45,sample_7,0.7017166029420921,1.872679215790858,82.41,0.0,0.4,0.6,True,True,True
3sfx,315,sample_8,0.9216686610880156,1.724852412988978,82.07,0.6952380952380952,0.0,0.3047619047619048,True,True,True
1k4t,72,sample_7,0.929562204112352,0.739610383721916,95.87,0.9305555555555556,0.0,0.0694444444444444,True,True,True
2dew,93,sample_1,0.8503099082678875,1.643732646717097,68.39,0.0,0.4838709677419355,0.5161290322580645,True,False,False
4wsb,247,sample_6,0.3554714757330355,17.86574495734535,44.44,0.4655870445344129,0.0728744939271255,0.4615384615384615,False,False,False
1iq0,366,sample_6,0.3654824378751075,18.400361519470675,50.08,0.5136612021857924,0.0546448087431694,0.4316939890710382,False,False,False
2w40,254,sample_1,0.9193213498732384,1.9774668971068752,86.15,0.3464566929133858,0.2283464566929134,0.4251968503937008,True,True,True
3cj1,143,sample_8,0.7464548497942256,2.912388639281056,77.09,0.4825174825174825,0.2727272727272727,0.2447552447552447,False,False,True
6vzd,79,sample_1,0.8392631350682377,1.3652005171710142,86.57,0.7468354430379747,0.0,0.2531645569620253,True,True,True
3gad,115,sample_2,0.9085813750234428,1.38104552572983,85.26,0.4347826086956521,0.2608695652173913,0.3043478260869565,True,True,True
6w9g,137,sample_3,0.9077145281296348,1.2292146296199242,75.6,0.0218978102189781,0.5109489051094891,0.4671532846715328,True,True,True
2con,66,sample_6,0.4966671288142373,4.840880673748621,76.06,0.0,0.3181818181818182,0.6818181818181818,False,False,False
2xbk,391,sample_8,0.6717195848419002,8.834637182595474,58.12,0.5549872122762148,0.0588235294117647,0.3861892583120204,False,False,False
1zbs,176,sample_4,0.8467121885571856,3.1883913526170784,85.62,0.5738636363636364,0.1079545454545454,0.3181818181818182,False,False,True
2xw6,128,sample_1,0.9336985219760656,0.9746490699912058,89.2,0.5,0.1796875,0.3203125,True,True,True
1boo,282,sample_8,0.4966448582505521,12.690375836257262,54.63,0.301418439716312,0.2198581560283688,0.4787234042553192,False,False,False
2bc4,104,sample_8,0.9396880575228532,0.8383814967782863,87.77,0.0,0.5576923076923077,0.4423076923076923,True,True,True
1ybx,91,sample_1,0.889843188295944,1.2207023945929685,76.96,0.5714285714285714,0.1978021978021978,0.2307692307692307,True,True,True
1klo,51,sample_3,0.3348353248725808,6.812900160242703,52.78,0.0,0.196078431372549,0.803921568627451,False,False,False
1vcf,299,sample_6,0.8382460106230025,3.882462128336632,71.62,0.4381270903010033,0.1505016722408027,0.411371237458194,False,False,True
5qs9,171,sample_1,0.7065945334697111,4.280734965249535,60.73,0.1345029239766081,0.3801169590643274,0.4853801169590643,False,False,False
4lfh,109,sample_4,0.5963265073305613,4.861367547174292,54.16,0.0275229357798165,0.2935779816513761,0.6788990825688074,False,False,False
1spp,112,sample_1,0.9728559176342292,0.5235449195363309,91.56,0.0357142857142857,0.5982142857142857,0.3660714285714285,True,True,True
2p3w,98,sample_1,0.9666535515965518,0.5507464375924014,91.68,0.2448979591836734,0.3673469387755102,0.3877551020408163,True,True,True
1agg,48,sample_5,0.6354871065746266,2.4527351833519244,75.29,0.0625,0.2291666666666666,0.7083333333333334,False,False,True
2zkm,122,sample_7,0.882728537537748,1.4275960557186187,83.05,0.0491803278688524,0.5327868852459017,0.4180327868852459,True,True,True
3f1l,245,sample_4,0.8993168628273973,1.8446951289040308,84.66,0.4571428571428571,0.1428571428571428,0.4,True,True,True
2bog,280,sample_5,0.5280515822016136,9.12265950336086,51.96,0.4,0.1071428571428571,0.4928571428571429,False,False,False
3p73,96,sample_8,0.8815322255513269,1.2138090597038982,78.22,0.09375,0.5,0.40625,True,True,True
3nje,156,sample_1,0.9450659185836594,1.0077744857928357,87.67,0.1923076923076923,0.4166666666666667,0.391025641025641,True,True,True
5itq,130,sample_8,0.889664576376968,1.3637281249655486,77.47,0.1384615384615384,0.3846153846153846,0.4769230769230769,True,True,True
4nsv,264,sample_7,0.317303173175977,17.818219289197668,35.98,0.0,0.4318181818181818,0.5681818181818182,False,False,False
4ef0,114,sample_5,0.8841326983044636,1.3745125802876474,82.57,0.4649122807017544,0.1842105263157894,0.3508771929824561,True,True,True
4am1,250,sample_3,0.5420454829971163,8.095393039306549,58.61,0.372,0.232,0.396,False,False,False
1inp,400,sample_8,0.5421117896908733,13.281743682232882,39.0,0.2725,0.175,0.5525,False,False,False
1r0r,51,sample_1,0.3856944439951169,5.905601411509819,61.97,0.3529411764705882,0.0392156862745098,0.6078431372549019,False,False,False
2zfy,226,sample_1,0.9583836064617012,0.9941693974468852,92.76,0.5707964601769911,0.1371681415929203,0.2920353982300885,True,True,True
3ddt,45,sample_8,0.944225968088602,0.6583362637629145,93.14,0.1111111111111111,0.2444444444444444,0.6444444444444445,True,True,True
6kxd,245,sample_6,0.52226308165143,11.361791247966623,56.22,0.4653061224489795,0.1224489795918367,0.4122448979591837,False,False,False
3pna,129,sample_1,0.9362151815847354,1.6408430371993203,91.32,0.3410852713178294,0.3178294573643411,0.3410852713178294,True,True,True
1m2o,103,sample_5,0.9001799396004702,1.175988407880875,88.42,0.7669902912621359,0.0194174757281553,0.2135922330097087,True,True,True
3c57,51,sample_7,0.8655570705170663,1.0507653174366895,87.87,0.6862745098039216,0.0,0.3137254901960784,True,True,True
6n59,83,sample_3,0.3197091725810772,9.72130782686944,49.6,0.4096385542168674,0.0963855421686747,0.4939759036144578,False,False,False
6bkv,105,sample_4,0.9833735131820532,0.4145107806949277,93.09,0.3619047619047619,0.2666666666666666,0.3714285714285714,True,True,True
1mqv,123,sample_4,0.9094599209911758,1.3357664988242235,82.69,0.7398373983739838,0.016260162601626,0.2439024390243902,True,True,True
4ixa,102,sample_8,0.948518418175085,0.7325803446266005,91.79,0.3431372549019608,0.2745098039215686,0.3823529411764705,True,True,True
2fzt,78,sample_4,0.9187134740805164,0.8663027112410495,91.26,0.8974358974358975,0.0,0.1025641025641025,True,True,True
1bg8,76,sample_1,0.8841572694955265,1.0544133876412942,86.69,0.6842105263157895,0.0263157894736842,0.2894736842105263,True,True,True
5ryo,84,sample_2,0.9422150013151734,0.716207317566555,89.71,0.2261904761904762,0.369047619047619,0.4047619047619047,True,True,True
4j9y,84,sample_5,0.7418760169552523,4.855601592716485,74.65,0.8095238095238095,0.0,0.1904761904761904,False,False,True
7k5z,223,sample_6,0.6747478918736933,9.574719759563497,68.79,0.4125560538116592,0.1883408071748878,0.3991031390134529,False,False,False
2km8,81,sample_6,0.8411568703254267,1.657844217651876,82.48,0.2098765432098765,0.3086419753086419,0.4814814814814814,True,True,True
1a5t,207,sample_1,0.9267260427247802,1.3554921439972087,90.56,0.4782608695652174,0.1304347826086956,0.391304347826087,True,True,True
1r4g,53,sample_7,0.7941774566927651,1.206704461861555,90.05,0.7735849056603774,0.0,0.2264150943396226,True,True,True
2f3l,132,sample_3,0.9262153984025888,1.7911338128892544,90.84,0.1515151515151515,0.2803030303030303,0.5681818181818182,True,True,True
3b0g,171,sample_6,0.7264545698153372,3.6389192044091887,60.63,0.3567251461988304,0.2105263157894736,0.4327485380116959,False,False,False
7mt1,313,sample_8,0.973739915983201,1.0694794951447324,92.76,0.0351437699680511,0.5047923322683706,0.4600638977635782,True,True,True
3c9u,169,sample_7,0.3395616364079807,11.889335096308246,63.71,0.3727810650887574,0.2307692307692307,0.3964497041420118,False,False,False
2xau,66,sample_8,0.8686888692229214,1.1106086563142732,84.24,0.4848484848484848,0.0303030303030303,0.4848484848484848,True,True,True
1p3d,96,sample_4,0.9555227132235956,0.6952531388151454,91.69,0.3125,0.21875,0.46875,True,True,True
1zch,249,sample_2,0.5988317386167009,10.162984412573456,72.5,0.5461847389558233,0.1244979919678714,0.3293172690763052,False,False,True
1sxj,99,sample_4,0.969833806892464,0.55190584146425,95.74,0.8080808080808081,0.0,0.1919191919191919,True,True,True
3rq7,87,sample_3,0.9224227702720408,0.8480484534716853,89.15,0.3103448275862069,0.367816091954023,0.3218390804597701,True,True,True
2iu5,108,sample_2,0.940517259626572,0.842841061666111,91.6,0.8518518518518519,0.0,0.1481481481481481,True,True,True
1xwm,212,sample_8,0.9814132715936418,0.6280019066007517,91.88,0.8490566037735849,0.0,0.1509433962264151,True,True,True
1ktg,137,sample_2,0.9655081406260728,0.7002893828058245,93.92,0.291970802919708,0.4452554744525547,0.2627737226277372,True,True,True
2fe3,141,sample_5,0.6505697425771645,5.706426385635036,81.02,0.4468085106382978,0.2127659574468085,0.3404255319148936,False,False,True
5ak4,320,sample_4,0.5805938515054578,14.66189750443623,57.96,0.54375,0.153125,0.303125,False,False,False
3pl2,310,sample_2,0.5412384431301365,10.776545206455904,41.59,0.4741935483870967,0.1258064516129032,0.4,False,False,False
1jmr,75,sample_7,0.9037704363848996,0.9457104303156948,87.56,0.64,0.12,0.24,True,True,True
1xg9,62,sample_8,0.8251178349219178,1.464479022450464,84.09,0.1612903225806451,0.4516129032258064,0.3870967741935484,True,True,True
6ixl,405,sample_7,0.5295135541700456,14.513571295897778,53.78,0.4271604938271605,0.1901234567901234,0.382716049382716,False,False,False
2ba0,51,sample_2,0.8836628790623565,1.1877478386128968,91.81,0.0588235294117647,0.4705882352941176,0.4705882352941176,True,True,True
2cmg,262,sample_7,0.3898480809988056,13.865136349555042,31.81,0.3931297709923664,0.0648854961832061,0.5419847328244275,False,False,False
4d0e,41,sample_6,0.7458285115648514,1.1916517922087844,77.72,0.0,0.3902439024390244,0.6097560975609756,True,True,True
2onk,240,sample_3,0.8544731452134567,2.6035092134354105,72.47,0.4166666666666667,0.2208333333333333,0.3625,False,False,True
2hku,70,sample_2,0.899066451560989,0.9793720892046964,91.94,0.8285714285714286,0.0,0.1714285714285714,True,True,True
2w3s,117,sample_5,0.7605683749750801,2.9878380954089563,79.92,0.3418803418803419,0.2478632478632478,0.4102564102564102,False,False,True
3us3,126,sample_3,0.8693974773618043,3.03945929624549,83.85,0.3888888888888889,0.2301587301587301,0.3809523809523809,False,False,True
1kv9,104,sample_1,0.6406063651495459,3.9510475395911104,76.87,0.5384615384615384,0.0,0.4615384615384615,False,False,True
2bo4,380,sample_4,0.4434705190687643,15.875663436185349,57.1,0.4763157894736842,0.1078947368421052,0.4157894736842105,False,False,False
1xoy,160,sample_7,0.8370247037199082,2.47191144687629,81.15,0.1375,0.38125,0.48125,False,False,True
1erd,40,sample_1,0.7393569227474157,1.1891065422241631,86.66,0.525,0.0,0.475,True,True,True
2yzi,132,sample_7,0.7739231865535092,2.761763892756625,79.55,0.3484848484848485,0.2651515151515151,0.3863636363636363,False,False,True
2dfk,162,sample_6,0.9286102023124444,1.1541594508381994,88.68,0.3395061728395062,0.345679012345679,0.3148148148148148,True,True,True
4inz,286,sample_1,0.6332860328154739,9.467978260489453,54.21,0.4615384615384615,0.1748251748251748,0.3636363636363636,False,False,False
7kn8,321,sample_6,0.7170424048465773,6.5415804350016,58.88,0.043613707165109,0.3800623052959501,0.5763239875389408,False,False,False
4edp,316,sample_8,0.3911188521288936,15.095344953462732,43.95,0.5379746835443038,0.0569620253164556,0.4050632911392405,False,False,False
2oi8,124,sample_6,0.7414483625764744,2.838604840398527,79.4,0.7096774193548387,0.0,0.2903225806451613,False,False,True
1uv7,76,sample_6,0.9526185003689492,0.5815818385620737,93.47,0.3552631578947368,0.4342105263157895,0.2105263157894736,True,True,True
1ok3,62,sample_6,0.9786729049609804,0.3429588268202154,94.88,0.0,0.3548387096774194,0.6451612903225806,True,True,True
1srk,33,sample_1,0.6128013877523283,2.5074613804774666,88.27,0.4545454545454545,0.1212121212121212,0.4242424242424242,False,False,True
1fho,119,sample_5,0.7473246559936091,3.494809648815712,79.06,0.1008403361344537,0.4621848739495798,0.4369747899159664,False,False,True
3tzq,259,sample_1,0.782213610299611,3.708186327927146,76.67,0.5096525096525096,0.1428571428571428,0.3474903474903475,False,False,True
1y0p,146,sample_7,0.9109217866958638,1.7636857316149706,82.98,0.3767123287671233,0.1917808219178082,0.4315068493150685,True,True,True
3sq7,220,sample_3,0.389146082105845,11.732669605721908,36.86,0.1636363636363636,0.1318181818181818,0.7045454545454546,False,False,False
2gq0,256,sample_6,0.5010918296774907,10.628275904187047,51.87,0.453125,0.15234375,0.39453125,False,False,False
2rmr,71,sample_4,0.828214984900877,1.815246872172035,86.29,0.7464788732394366,0.0,0.2535211267605634,True,True,True
2pg4,92,sample_5,0.9125086323974032,1.0177466635185692,88.8,0.6304347826086957,0.1521739130434782,0.217391304347826,True,True,True
2fvv,135,sample_1,0.8584420881479667,1.9696874129713344,75.85,0.237037037037037,0.4074074074074074,0.3555555555555555,True,True,True
2wp8,130,sample_6,0.7383147510079312,7.304596574572339,67.87,0.3,0.2538461538461538,0.4461538461538462,False,False,False
1rk8,33,sample_5,0.7252139133319738,1.0403451025894332,83.38,0.0,0.3333333333333333,0.6666666666666666,True,True,True
3h0u,276,sample_7,0.3493182679373859,14.810665221031496,52.04,0.6123188405797102,0.0760869565217391,0.3115942028985507,False,False,False
1gmu,70,sample_8,0.9228178421703478,0.8146946015134553,83.82,0.0571428571428571,0.4285714285714285,0.5142857142857142,True,True,True
5odu,121,sample_4,0.6777023914030816,4.339240098496967,57.1,0.0,0.4958677685950413,0.5041322314049587,False,False,False
1p5s,159,sample_5,0.9047988526989852,1.418412880803545,82.11,0.5974842767295597,0.0,0.4025157232704403,True,True,True
2b5g,164,sample_2,0.79343950842003,3.563121305505663,76.42,0.4207317073170731,0.2317073170731707,0.3475609756097561,False,False,True
3g0m,138,sample_6,0.9758329757076056,0.5917811997762593,92.67,0.5507246376811594,0.1159420289855072,0.3333333333333333,True,True,True
1rqb,168,sample_6,0.3766466409673575,12.473893799124156,62.74,0.5595238095238095,0.0,0.4404761904761904,False,False,False
5tro,157,sample_3,0.5663901971480295,6.824495777107216,68.35,0.2738853503184713,0.2611464968152866,0.464968152866242,False,False,False
1adz,71,sample_3,0.6056569492472588,4.969768432962646,67.18,0.1549295774647887,0.2676056338028169,0.5774647887323944,False,False,False
2ok5,68,sample_3,0.8912044329375,0.9561857100783956,86.05,0.0441176470588235,0.3970588235294117,0.5588235294117647,True,True,True
3gf3,289,sample_8,0.5517420506516595,9.55353167110828,53.75,0.4256055363321799,0.1072664359861591,0.4671280276816609,False,False,False
2od4,100,sample_7,0.9221603747239164,1.107051022589594,89.88,0.43,0.3,0.27,True,True,True
2ooi,157,sample_4,0.8770613757579427,1.7617511837283308,83.22,0.2292993630573248,0.4076433121019108,0.3630573248407643,True,True,True
2r31,235,sample_4,0.5203035645166018,8.616929019313199,55.67,0.6297872340425532,0.0936170212765957,0.2765957446808511,False,False,False
3qy1,215,sample_3,0.8042167157546284,5.196672075151695,78.92,0.5534883720930233,0.1395348837209302,0.3069767441860465,False,False,True
4hi7,85,sample_4,0.8201321031321759,2.009256879891017,76.77,0.3294117647058823,0.2117647058823529,0.4588235294117647,False,False,True
1ixd,91,sample_1,0.8028781452022775,1.977291391570312,74.06,0.1208791208791208,0.3516483516483517,0.5274725274725275,True,True,True
1xhb,131,sample_3,0.8606763816134773,1.758667295504582,78.49,0.0,0.4732824427480916,0.5267175572519084,True,True,True
5z48,210,sample_8,0.8263829735857305,3.82451201875688,79.08,0.3571428571428571,0.2047619047619047,0.4380952380952381,False,False,True
2f62,152,sample_2,0.826467363438608,2.4609484027675315,74.36,0.4078947368421052,0.1578947368421052,0.4342105263157895,False,False,True
7l1v,284,sample_6,0.7416952156820487,3.838374121423656,75.64,0.8098591549295775,0.0492957746478873,0.1408450704225352,False,False,True
1u3e,105,sample_3,0.9518075845498608,0.7707640188574384,91.71,0.2095238095238095,0.3238095238095238,0.4666666666666667,True,True,True
1lfw,196,sample_8,0.8095181825862552,2.6104270234479805,70.09,0.25,0.3571428571428571,0.3928571428571428,False,False,True
2cdq,91,sample_3,0.8624448883427404,1.468085520505768,80.45,0.3406593406593406,0.2637362637362637,0.3956043956043956,True,True,True
5zb2,78,sample_1,0.9419579253646888,0.7114880372473602,87.17,0.4743589743589743,0.1666666666666666,0.358974358974359,True,True,True
3pve,175,sample_8,0.9482335900842724,0.9373753805648796,82.73,0.0742857142857142,0.4685714285714286,0.4571428571428571,True,True,True
2myg,95,sample_1,0.9264089723874732,0.9197045033971112,89.48,0.5368421052631579,0.1789473684210526,0.2842105263157894,True,True,True
5n2p,241,sample_8,0.9611620882287808,0.8596342185834548,91.7,0.4896265560165975,0.1576763485477178,0.3526970954356846,True,True,True
1tsj,117,sample_5,0.6020312386057302,4.696240847734414,77.71,0.1965811965811965,0.5042735042735043,0.2991452991452991,False,False,True
1wgl,46,sample_2,0.8681011814561509,1.0236153361260352,89.62,0.717391304347826,0.0,0.2826086956521739,True,True,True
3pdu,123,sample_6,0.8274369072806446,2.002070561418185,84.81,0.7886178861788617,0.0,0.2113821138211382,False,False,True
1jh3,99,sample_2,0.3402285199781372,9.96653904803511,63.0,0.5454545454545454,0.0808080808080808,0.3737373737373737,False,False,False
1f9y,158,sample_8,0.8817614161366414,1.6028111156930145,72.7,0.3291139240506329,0.2468354430379747,0.4240506329113924,True,True,True
2eve,148,sample_8,0.8102886051936696,2.336482594353332,67.79,0.2837837837837837,0.3445945945945945,0.3716216216216216,False,False,False
1au1,166,sample_5,0.9463899372121012,0.9507753702978738,87.89,0.7469879518072289,0.0,0.253012048192771,True,True,True
2j5y,53,sample_7,0.977120880995217,0.3149264136588636,93.37,0.7924528301886793,0.0,0.2075471698113207,True,True,True
2cu2,268,sample_4,0.3785902273708803,12.801501445687316,42.93,0.458955223880597,0.0970149253731343,0.4440298507462686,False,False,False
2q9u,250,sample_5,0.802461023119473,3.497297749770402,75.85,0.42,0.272,0.308,False,False,True
4ixn,223,sample_7,0.8215542923517376,4.536340695719471,75.43,0.3228699551569506,0.2331838565022421,0.4439461883408072,False,False,True
2bu9,329,sample_8,0.3448587299501916,17.46910387494153,38.6,0.4437689969604863,0.0820668693009118,0.4741641337386018,False,False,False
1f20,270,sample_2,0.3154056015088076,16.93545862420884,50.68,0.3222222222222222,0.2111111111111111,0.4666666666666667,False,False,False
2np3,38,sample_3,0.1678859155005746,37.056757609301286,49.29,0.0,0.0,1.0,False,False,False
1hzf,302,sample_5,0.7705994631874868,4.2838203029498105,72.71,0.7350993377483444,0.0066225165562913,0.2582781456953642,False,False,True
4zo2,293,sample_1,0.6761351942258064,6.069731611210241,64.47,0.2832764505119454,0.2457337883959044,0.4709897610921502,False,False,False
1xc2,152,sample_4,0.9579842038435924,0.821321831282049,87.92,0.3618421052631579,0.2697368421052631,0.3684210526315789,True,True,True
6zjk,315,sample_3,0.9280227730147934,2.265538266308308,87.16,0.7333333333333333,0.0,0.2666666666666666,False,False,True
2efv,82,sample_8,0.7377358707242689,3.775918745180236,78.0,0.4512195121951219,0.2073170731707317,0.3414634146341463,False,False,True
4jvw,108,sample_6,0.9362706238636562,0.9088602986781936,92.55,0.1018518518518518,0.5555555555555556,0.3425925925925926,True,True,True
2daw,141,sample_2,0.8922073072321384,1.494761026494839,81.37,0.4609929078014184,0.1914893617021276,0.3475177304964539,True,True,True
6rkg,122,sample_8,0.5722677408900442,7.43454368634305,51.39,0.1557377049180328,0.2295081967213114,0.6147540983606558,False,False,False
4c1h,221,sample_4,0.9101497568027934,1.7036565816558285,88.2,0.2579185520361991,0.3529411764705882,0.3891402714932127,True,True,True
1jkg,139,sample_3,0.9672995619153392,0.6508243640920776,90.46,0.302158273381295,0.4388489208633093,0.2589928057553957,True,True,True
1yf2,205,sample_7,0.5320838406504501,10.273829706049066,48.79,0.3268292682926829,0.1463414634146341,0.526829268292683,False,False,False
1w7o,118,sample_8,0.3234483329066058,11.81249203559269,53.81,0.3474576271186441,0.0,0.652542372881356,False,False,False
1fo5,85,sample_8,0.6111454753645889,3.348832578440879,74.71,0.3529411764705882,0.2470588235294117,0.4,False,False,True
2hjs,190,sample_7,0.7541461041469004,4.22632442441079,76.17,0.4263157894736842,0.2578947368421053,0.3157894736842105,False,False,True
2ddh,181,sample_7,0.7601906529727996,7.146985084846189,78.46,0.7071823204419889,0.0,0.292817679558011,False,False,True
2hkj,164,sample_6,0.7980632814834412,3.24920564414603,70.6,0.3719512195121951,0.2256097560975609,0.4024390243902439,False,False,True
3ezq,113,sample_8,0.8335799844209685,1.88607916398654,82.75,0.7964601769911505,0.0,0.2035398230088495,True,True,True
1rhs,149,sample_8,0.6700810402640867,4.216875332074848,60.92,0.3557046979865771,0.1342281879194631,0.5100671140939598,False,False,False
2q22,130,sample_3,0.9723134996270366,0.5909305106904507,89.7,0.2923076923076923,0.2692307692307692,0.4384615384615384,True,True,True
6y38,91,sample_8,0.8539127561062517,1.4468262170398118,72.41,0.1428571428571428,0.3296703296703296,0.5274725274725275,True,True,True
4ogq,159,sample_3,0.2805057154346415,17.744701434229103,62.17,0.6666666666666666,0.0,0.3333333333333333,False,False,False
1evs,163,sample_8,0.9623163088699682,0.8051496940703758,81.02,0.7423312883435583,0.0,0.2576687116564417,True,True,True
6mdh,67,sample_2,0.9291891281169188,0.8170499864041526,90.95,0.2835820895522388,0.1641791044776119,0.5522388059701493,True,True,True
1xeq,89,sample_1,0.8872448254056516,1.8103561808760047,90.77,0.7078651685393258,0.0,0.2921348314606741,True,True,True
2nw0,189,sample_7,0.9307990800819896,1.2379839478893762,83.98,0.2857142857142857,0.2804232804232804,0.4338624338624338,True,True,True
6coj,248,sample_7,0.3204509018208842,15.826103196733294,38.77,0.3709677419354839,0.0685483870967741,0.5604838709677419,False,False,False
1vaj,203,sample_8,0.4638311482508488,12.274294057425452,51.43,0.3793103448275862,0.1871921182266009,0.4334975369458128,False,False,False
1u94,243,sample_7,0.7288407078664948,7.187538584320136,65.01,0.4032921810699588,0.242798353909465,0.3539094650205761,False,False,False
2yjt,170,sample_3,0.9597608136337442,0.827038121325261,86.5,0.3647058823529411,0.1764705882352941,0.4588235294117647,True,True,True
3fau,70,sample_4,0.9372764944634584,0.6880553920946103,88.65,0.4714285714285714,0.2285714285714285,0.3,True,True,True
3c8c,238,sample_1,0.9772793668789304,0.7503364459249846,93.23,0.3739495798319328,0.2773109243697479,0.3487394957983193,True,True,True
2qpn,265,sample_1,0.9040615871026704,1.7674681372498804,80.88,0.4716981132075472,0.1773584905660377,0.350943396226415,True,True,True
3bq9,101,sample_7,0.5960794046439409,4.468792292861183,54.51,0.3663366336633663,0.0792079207920792,0.5544554455445545,False,False,False
2fa1,157,sample_3,0.954041756458866,1.01487671813999,91.27,0.1847133757961783,0.4585987261146497,0.3566878980891719,True,True,True
6fzv,118,sample_2,0.9468640251698748,0.7965469604840618,89.41,0.0,0.5,0.5,True,True,True
1dvo,152,sample_5,0.8639234573091412,1.7625044859159895,89.03,0.6644736842105263,0.0855263157894736,0.25,True,True,True
4c5k,273,sample_4,0.9584803013408918,1.0423535088186602,86.61,0.4065934065934066,0.2271062271062271,0.3663003663003663,True,True,True
6e1x,170,sample_8,0.9567897753563016,0.8529908603703508,89.23,0.3588235294117647,0.3176470588235294,0.3235294117647059,True,True,True
1wvh,132,sample_7,0.9680584753592912,0.6109179115238961,91.81,0.2196969696969697,0.4242424242424242,0.3560606060606061,True,True,True
1o13,107,sample_7,0.9708421200790364,0.5308985195300401,92.2,0.2616822429906542,0.3364485981308411,0.4018691588785046,True,True,True
3e9d,250,sample_6,0.6968625265062061,4.968012229277001,54.46,0.376,0.164,0.46,False,False,False
4h7p,158,sample_8,0.6451907122083754,8.291009202362545,69.55,0.430379746835443,0.170886075949367,0.3987341772151899,False,False,False
2j67,141,sample_7,0.9134067779672786,1.3457290552640528,81.94,0.4822695035460992,0.1773049645390071,0.3404255319148936,True,True,True
6nkh,261,sample_2,0.9057310855573923,1.8242747153840413,81.79,0.4865900383141762,0.1455938697318007,0.367816091954023,True,True,True
2fr1,209,sample_5,0.8791243368323144,2.01750781097906,81.17,0.3397129186602871,0.2870813397129186,0.3732057416267942,False,False,True
1azs,190,sample_8,0.9246844794445436,1.4887121913856791,88.41,0.4105263157894737,0.3210526315789473,0.2684210526315789,True,True,True
2a0u,374,sample_3,0.7386888880750915,7.833869003096227,60.83,0.5,0.1497326203208556,0.3502673796791444,False,False,False
1wz3,84,sample_7,0.4043666211084226,8.334599843234036,61.3,0.2619047619047619,0.1666666666666666,0.5714285714285714,False,False,False
2fh5,122,sample_6,0.8276951650161479,2.130171650492282,81.66,0.5081967213114754,0.221311475409836,0.2704918032786885,False,False,True
2j01,100,sample_6,0.2435776350437579,10.426380403153733,47.83,0.06,0.2,0.74,False,False,False
1s68,233,sample_1,0.522497320733471,10.724534703788589,58.08,0.3261802575107296,0.2489270386266094,0.4248927038626609,False,False,False
1zcb,126,sample_2,0.9739137980049198,0.5728636090532158,93.75,0.6666666666666666,0.0,0.3333333333333333,True,True,True
3dby,121,sample_5,0.9815522234514732,0.4921207710353454,95.7,0.8016528925619835,0.0165289256198347,0.1818181818181818,True,True,True
3c07,146,sample_4,0.8401244284009329,2.5706045988475275,80.06,0.7808219178082192,0.0,0.2191780821917808,False,False,True
4pk9,359,sample_5,0.2715126520150909,16.05123318632598,52.06,0.4456824512534819,0.1364902506963788,0.4178272980501393,False,False,False
2bnm,72,sample_1,0.9329188552694228,0.7258952092891908,91.44,0.6527777777777778,0.0,0.3472222222222222,True,True,True
2ohw,128,sample_2,0.6519885007609764,4.935086612096349,74.23,0.4375,0.1953125,0.3671875,False,False,True
2q7f,65,sample_8,0.959531873225416,0.520784014182712,93.17,0.8153846153846154,0.0,0.1846153846153846,True,True,True
3m8o,103,sample_4,0.9131636694912294,0.9810549499490344,85.73,0.029126213592233,0.5242718446601942,0.4466019417475728,True,True,True
5epe,248,sample_5,0.802199289821691,3.2115576178542584,60.85,0.3870967741935484,0.1854838709677419,0.4274193548387097,False,False,False
1aor,395,sample_8,0.4056137902142813,16.525547849469802,40.62,0.5113924050632911,0.0050632911392405,0.4835443037974684,False,False,False
1pd0,155,sample_8,0.5895273190790971,10.741888812706364,65.63,0.3096774193548387,0.1354838709677419,0.5548387096774193,False,False,False
1f3u,139,sample_1,0.614273552478208,14.212054560163397,68.36,0.0503597122302158,0.460431654676259,0.4892086330935252,False,False,False
6k2f,137,sample_3,0.9322925738421136,1.07114405625251,92.69,0.4087591240875912,0.3211678832116788,0.2700729927007299,True,True,True
1rki,98,sample_1,0.9698586663883334,0.5810535979141488,92.65,0.2448979591836734,0.4183673469387755,0.336734693877551,True,True,True
6h24,131,sample_3,0.951269487984064,0.8601985364422294,96.07,0.5114503816793893,0.2519083969465648,0.2366412213740458,True,True,True
3p8k,260,sample_3,0.8063942019149564,2.922944723641668,75.65,0.3,0.2846153846153846,0.4153846153846154,False,False,True
1l9l,74,sample_5,0.950572994704976,0.6169516465061922,93.37,0.7972972972972973,0.0,0.2027027027027027,True,True,True
3rf1,284,sample_4,0.5291393121209068,8.227078762639055,58.79,0.4823943661971831,0.2077464788732394,0.3098591549295774,False,False,False
1s29,89,sample_7,0.95717107805183,0.6056473115618111,89.53,0.5056179775280899,0.1011235955056179,0.3932584269662921,True,True,True
2q3w,109,sample_2,0.982451251263174,0.4640733559414284,95.18,0.055045871559633,0.4770642201834862,0.4678899082568807,True,True,True
1llq,294,sample_4,0.5090884875772796,9.964234027486,48.74,0.4285714285714285,0.0578231292517006,0.5136054421768708,False,False,False
2brf,100,sample_3,0.9767515935272322,0.4800211591430419,94.41,0.0,0.46,0.54,True,True,True
3su6,194,sample_8,0.5498071411987245,7.39435622666609,57.92,0.1237113402061855,0.3917525773195876,0.4845360824742268,False,False,False
1gdo,238,sample_6,0.9122685479145796,1.6905486700992032,83.8,0.2857142857142857,0.361344537815126,0.3529411764705882,True,True,True
1ybt,167,sample_5,0.977631825503832,0.6341029191105575,92.97,0.3772455089820359,0.3293413173652694,0.2934131736526946,True,True,True
7c2g,98,sample_4,0.946048584377483,0.7595579008366284,90.25,0.2755102040816326,0.3265306122448979,0.3979591836734694,True,True,True
2cz4,99,sample_2,0.836636565618033,2.016199033023087,83.8,0.2929292929292929,0.3434343434343434,0.3636363636363636,False,False,True
5c8w,120,sample_7,0.8452711512979177,1.9199125412630875,86.63,0.2833333333333333,0.325,0.3916666666666666,True,True,True
1lgh,43,sample_8,0.6681383418888729,1.9317876854093825,85.08,0.7441860465116279,0.0,0.2558139534883721,True,True,True
4zyl,143,sample_5,0.958566301528822,0.8478192941793701,90.53,0.4545454545454545,0.1888111888111888,0.3566433566433566,True,True,True
1efp,183,sample_2,0.4537463300472636,10.343662813190008,56.42,0.2131147540983606,0.273224043715847,0.5136612021857924,False,False,False
6cj7,357,sample_8,0.2771152440617974,18.04260039769836,31.87,0.3641456582633053,0.1148459383753501,0.5210084033613446,False,False,False
3lnn,245,sample_8,0.5723308273768587,7.099721529018575,77.35,0.2775510204081632,0.3714285714285714,0.3510204081632653,False,False,True
4dzb,116,sample_2,0.9644373011102348,0.6506931497902684,94.51,0.0258620689655172,0.5603448275862069,0.4137931034482758,True,True,True
2p8t,67,sample_8,0.9697302283532088,0.4518694527585156,96.1,0.6268656716417911,0.1044776119402985,0.2686567164179104,True,True,True
1dci,275,sample_4,0.4311616635741435,12.146609092246706,58.79,0.5563636363636364,0.1127272727272727,0.3309090909090909,False,False,False
5tfq,277,sample_5,0.937882310283775,1.3646373086375532,84.36,0.4693140794223827,0.2057761732851985,0.3249097472924188,True,True,True
6zmb,199,sample_8,0.933734467919457,1.2980705495798588,85.49,0.7336683417085427,0.0,0.2663316582914573,True,True,True
1jfi,135,sample_7,0.714372711137179,3.959277542162752,81.29,0.7555555555555555,0.0,0.2444444444444444,False,False,True
1nui,50,sample_3,0.818544145780779,1.9340370868671408,83.39,0.12,0.3,0.58,True,True,True
1zgm,149,sample_4,0.8531618760890797,2.2599738826296494,83.06,0.7449664429530202,0.0,0.2550335570469799,False,False,True
2rb6,52,sample_7,0.9401077620624186,0.507394185518491,93.87,0.0576923076923076,0.5384615384615384,0.4038461538461538,True,True,True
1cjx,150,sample_1,0.6985483016170306,3.551378219101513,70.14,0.1666666666666666,0.34,0.4933333333333333,False,False,True
1bvp,120,sample_1,0.744533656408825,5.78113483772345,86.39,0.6166666666666667,0.0166666666666666,0.3666666666666666,False,False,True
1yjr,72,sample_1,0.9126335831559635,0.8345450678588188,92.56,0.3055555555555556,0.3472222222222222,0.3472222222222222,True,True,True
1ynp,282,sample_8,0.6231175706908664,7.855771267141889,54.43,0.425531914893617,0.1241134751773049,0.450354609929078,False,False,False
2dlq,28,sample_2,0.6768967670769103,2.1597413559109238,90.99,0.4285714285714285,0.1428571428571428,0.4285714285714285,False,False,True
1v8p,132,sample_6,0.9799877358300146,0.5295221877941835,94.85,0.6590909090909091,0.0909090909090909,0.25,True,True,True
1ltl,239,sample_4,0.9127040451551968,1.6978363635420228,88.87,0.2970711297071129,0.3807531380753138,0.3221757322175732,True,True,True
1d5k,89,sample_1,0.8173469399638601,1.6352897147064407,77.95,0.2584269662921348,0.449438202247191,0.2921348314606741,True,True,True
5yc6,246,sample_6,0.5287815759059424,11.115407201759002,51.54,0.1219512195121951,0.3211382113821138,0.556910569105691,False,False,False
6trj,85,sample_4,0.5719251999595767,8.077712657242584,75.91,0.8,0.0,0.2,False,False,True
1okc,292,sample_6,0.3612669911877956,12.52585302005646,62.89,0.8767123287671232,0.0,0.1232876712328767,False,False,False
6jkv,230,sample_8,0.6732105954309896,6.188785271078282,57.65,0.391304347826087,0.2391304347826087,0.3695652173913043,False,False,False
1fjg,208,sample_7,0.7472656559797398,10.882691227291453,79.08,0.4278846153846153,0.0913461538461538,0.4807692307692308,False,False,True
2j4b,129,sample_7,0.9801788870226688,0.5103315272531451,94.93,0.7441860465116279,0.0930232558139534,0.1627906976744186,True,True,True
1sed,112,sample_4,0.8146287503692106,3.2991407339760173,83.22,0.7232142857142857,0.0,0.2767857142857143,False,False,True
3r6s,145,sample_5,0.5481851352600737,7.07332326507576,50.53,0.4275862068965517,0.1241379310344827,0.4482758620689655,False,False,False
6mfk,208,sample_5,0.3599654976493678,13.934806205305016,51.38,0.2067307692307692,0.2307692307692307,0.5625,False,False,False
6pr1,102,sample_1,0.8500269101107459,1.578144139047879,82.92,0.6470588235294118,0.0980392156862745,0.2549019607843137,True,True,True
1zkd,357,sample_4,0.5852176356098554,8.86728658562008,58.94,0.4061624649859944,0.1932773109243697,0.4005602240896359,False,False,False
1u69,156,sample_3,0.5260932073910721,8.72303818814793,67.36,0.358974358974359,0.2884615384615384,0.3525641025641026,False,False,False
1uoy,64,sample_4,0.933135191788966,0.6736122069694491,89.35,0.046875,0.359375,0.59375,True,True,True
1cix,44,sample_3,0.723097776194679,1.4246211393089665,80.46,0.0,0.3636363636363636,0.6363636363636364,True,True,True
6zsh,108,sample_4,0.9734808892947407,0.5404415953490335,91.23,0.5833333333333334,0.0,0.4166666666666667,True,True,True
3bzc,90,sample_1,0.7590691763220633,1.988168824267257,78.51,0.6,0.0444444444444444,0.3555555555555555,True,True,True
6qqh,117,sample_3,0.813541320299477,2.002568551456037,76.95,0.282051282051282,0.3333333333333333,0.3846153846153846,False,False,True
1rp3,77,sample_8,0.8107330255342702,2.065633722178153,91.46,0.8571428571428571,0.0,0.1428571428571428,False,False,True
1cr5,96,sample_7,0.9234074223213518,0.8788154573231347,84.11,0.125,0.4270833333333333,0.4479166666666667,True,True,True
1vdr,157,sample_4,0.779609214888641,3.4451937522401064,76.39,0.286624203821656,0.3057324840764331,0.4076433121019108,False,False,True
4i77,97,sample_2,0.9578962321015192,0.6593671868584765,91.7,0.5257731958762887,0.0618556701030927,0.4123711340206185,True,True,True
1s14,168,sample_4,0.8882224885851396,1.6822762898115735,75.61,0.2738095238095238,0.3571428571428571,0.369047619047619,True,True,True
3k69,151,sample_8,0.87410358990497,1.813374611890104,85.5,0.6158940397350994,0.0728476821192053,0.3112582781456953,True,True,True
1hfe,88,sample_5,0.3053844377234908,13.074607438081186,61.58,0.5113636363636364,0.0,0.4886363636363636,False,False,False
5o99,59,sample_1,0.9221948914763284,0.9520554742217944,90.78,0.0508474576271186,0.4915254237288136,0.4576271186440678,True,True,True
1h8l,79,sample_3,0.980949285776016,0.3741817767373872,95.83,0.0,0.5063291139240507,0.4936708860759494,True,True,True
2qi2,113,sample_7,0.9427547967408144,0.8081846455230648,91.15,0.3451327433628318,0.2831858407079646,0.3716814159292035,True,True,True
5nrh,100,sample_8,0.7454029859795027,2.860604118115566,74.69,0.51,0.18,0.31,False,False,True
1q0r,297,sample_5,0.7204650448232868,4.83130360223172,72.11,0.441077441077441,0.1784511784511784,0.3804713804713804,False,False,True
2gtv,101,sample_1,0.8154189624842194,1.8789666585797755,76.78,0.7920792079207921,0.0,0.2079207920792079,True,True,True
2ppx,62,sample_4,0.978336852004812,0.3653959729485866,91.24,0.7258064516129032,0.0,0.2741935483870967,True,True,True
1pja,268,sample_4,0.7323850127829454,5.07402747948177,66.28,0.3880597014925373,0.1902985074626865,0.4216417910447761,False,False,False
1cke,212,sample_4,0.6101393056529414,6.990099146941037,76.84,0.4622641509433962,0.1886792452830188,0.3490566037735849,False,False,True
1aqz,142,sample_3,0.6965015319075958,3.425918726337572,55.64,0.0985915492957746,0.2605633802816901,0.6408450704225352,False,False,False
4ac9,79,sample_3,0.900098523827642,0.983644229007128,87.46,0.0759493670886076,0.4683544303797468,0.4556962025316455,True,True,True
1whq,86,sample_4,0.9195948843981934,0.9212913448586404,89.12,0.3837209302325581,0.3023255813953488,0.313953488372093,True,True,True
1wju,87,sample_5,0.8484095339504284,1.3633049756973672,89.17,0.1724137931034483,0.3218390804597701,0.5057471264367817,True,True,True
1k5n,95,sample_3,0.9444630243603886,0.7597637794643602,90.97,0.031578947368421,0.5473684210526316,0.4210526315789473,True,True,True
1zyb,147,sample_5,0.9340263036880284,1.056604609305034,86.4,0.3605442176870748,0.3061224489795918,0.3333333333333333,True,True,True
1gxm,323,sample_7,0.5172634721933276,10.8253973657436,48.92,0.436532507739938,0.0464396284829721,0.5170278637770898,False,False,False
1osn,325,sample_3,0.2715916371609222,19.789075736133828,39.73,0.5846153846153846,0.043076923076923,0.3723076923076923,False,False,False
2vzs,110,sample_2,0.89053905091553,1.538799450256824,88.83,0.0818181818181818,0.6545454545454545,0.2636363636363636,True,True,True
2b5x,143,sample_8,0.8227027521080454,2.773964284941483,77.87,0.3216783216783216,0.2167832167832167,0.4615384615384615,False,False,True
3h9v,51,sample_3,0.4885983510454281,3.830247057356295,69.09,0.1568627450980392,0.4117647058823529,0.4313725490196078,False,False,False
1u3o,67,sample_8,0.7331190554669563,1.9237614800141207,79.86,0.044776119402985,0.4328358208955223,0.5223880597014925,True,True,True
1ako,268,sample_5,0.830356190610244,3.2273667903366854,72.84,0.3171641791044776,0.25,0.4328358208955223,False,False,True
2ckf,170,sample_4,0.9047167359684763,1.5384971311082516,83.9,0.2941176470588235,0.4058823529411764,0.3,True,True,True
1wv3,78,sample_3,0.9713045961170156,0.4617541992672383,91.68,0.0,0.5384615384615384,0.4615384615384615,True,True,True
5ncg,111,sample_4,0.973323202572842,0.5459837496306679,94.47,0.1531531531531531,0.5225225225225225,0.3243243243243243,True,True,True
1how,346,sample_3,0.3017951462912493,18.59226164855393,42.14,0.4826589595375722,0.0635838150289017,0.453757225433526,False,False,False
1vk8,93,sample_2,0.8818829449224563,1.2432998160870623,86.64,0.4086021505376344,0.3118279569892473,0.2795698924731182,True,True,True
1f5n,300,sample_5,0.85468589157741,2.6233726590060877,91.51,0.83,0.0,0.17,False,False,True
1ix9,115,sample_4,0.8839053777027389,1.4230556936979084,85.4,0.5130434782608696,0.208695652173913,0.2782608695652174,True,True,True
1yvu,305,sample_4,0.8898817866611617,2.168554865134576,83.14,0.3639344262295082,0.3180327868852459,0.3180327868852459,False,False,True
1uuj,76,sample_2,0.5747837402205525,5.797622838181678,74.1,0.7894736842105263,0.0,0.2105263157894736,False,False,True
5faf,110,sample_3,0.8483541098488426,2.30495729279403,79.79,0.2636363636363636,0.2545454545454545,0.4818181818181818,False,False,True
1w4x,235,sample_7,0.4415941365946467,11.31478817970916,56.57,0.4127659574468085,0.1234042553191489,0.4638297872340425,False,False,False
2gom,61,sample_7,0.9578511758088748,0.4816177057727533,92.93,0.8360655737704918,0.0327868852459016,0.1311475409836065,True,True,True
2fp1,165,sample_4,0.9775885926603034,0.5860732378385107,93.23,0.7333333333333333,0.0,0.2666666666666666,True,True,True
3bmv,89,sample_2,0.9332448652378972,0.8167556895564921,91.6,0.0,0.4943820224719101,0.5056179775280899,True,True,True
6e85,328,sample_8,0.5273102970515339,8.749849937515311,54.88,0.4054878048780488,0.1371951219512195,0.4573170731707317,False,False,False
5xn9,137,sample_7,0.9428353146705272,0.9567388115233746,89.54,0.1240875912408759,0.5766423357664233,0.2992700729927007,True,True,True
6l2l,142,sample_7,0.8453561377850374,2.2193835940564672,80.0,0.4647887323943662,0.2323943661971831,0.3028169014084507,False,False,True
1k8k,354,sample_5,0.9235111155681254,3.223817388727062,81.78,0.0282485875706214,0.5,0.4717514124293785,False,False,True
4uyb,199,sample_5,0.6770963690380333,6.153230616339268,72.71,0.4221105527638191,0.1557788944723618,0.4221105527638191,False,False,True
1edz,171,sample_8,0.9318255890286252,1.1773002566649302,86.23,0.3742690058479532,0.2105263157894736,0.4152046783625731,True,True,True
1yht,344,sample_6,0.8771065060944419,2.888328330043931,73.72,0.436046511627907,0.1627906976744186,0.4011627906976744,False,False,True
2qp2,148,sample_6,0.3635933920058352,12.917512253718058,46.81,0.1013513513513513,0.2972972972972973,0.6013513513513513,False,False,False
2ot2,90,sample_3,0.750580990770101,3.163877117487835,70.72,0.2444444444444444,0.3,0.4555555555555555,False,False,True
1tqy,255,sample_7,0.3722656189094794,14.058224050028077,54.86,0.4078431372549019,0.1411764705882353,0.4509803921568627,False,False,False
6j5y,231,sample_3,0.4798712449341846,9.56236813356323,54.15,0.2121212121212121,0.3506493506493506,0.4372294372294372,False,False,False
1ub1,125,sample_3,0.3626006989328661,11.707467351279792,53.89,0.064,0.096,0.84,False,False,False
1lwh,391,sample_8,0.5535617781841721,8.992257667322386,48.85,0.3350383631713555,0.1329923273657289,0.5319693094629157,False,False,False
2icy,83,sample_2,0.2919608444146153,9.367419553244492,65.03,0.216867469879518,0.3493975903614458,0.4337349397590361,False,False,False
3toy,131,sample_5,0.9089773489245224,1.6972376023755993,80.44,0.3816793893129771,0.3282442748091603,0.2900763358778626,True,True,True
4ld8,150,sample_3,0.9513437575651832,0.8631985239099071,87.14,0.1466666666666666,0.4266666666666667,0.4266666666666667,True,True,True
3q46,178,sample_8,0.8796651480963341,1.6887147225523915,77.83,0.2808988764044944,0.3426966292134831,0.3764044943820224,True,True,True
1edq,109,sample_1,0.7248984001111516,5.283956150181144,81.25,0.0275229357798165,0.5321100917431193,0.4403669724770642,False,False,True
1od3,131,sample_4,0.8993084309190382,1.3303083638603843,90.12,0.0229007633587786,0.4580152671755725,0.5190839694656488,True,True,True
6h4e,295,sample_3,0.7082134220345434,5.858693840513748,70.69,0.4711864406779661,0.1254237288135593,0.4033898305084746,False,False,True
3br0,115,sample_8,0.7735776592472094,2.917373527718539,84.63,0.8260869565217391,0.0,0.1739130434782608,False,False,True
3n79,93,sample_8,0.9000540728131519,1.1797226038891964,78.17,0.3978494623655914,0.3870967741935484,0.2150537634408602,True,True,True
3vnq,497,sample_3,0.48602467418196,13.06445468853842,52.05,0.3641851106639839,0.2173038229376257,0.4185110663983903,False,False,False
1rh5,56,sample_5,0.5322978435099681,6.932476602012099,89.13,0.9285714285714286,0.0,0.0714285714285714,False,False,True
3las,166,sample_6,0.7238549909167767,7.707605391090024,75.56,0.3554216867469879,0.1867469879518072,0.4578313253012048,False,False,True
5crl,114,sample_3,0.8124576621586856,2.8532163339742085,86.2,0.7719298245614035,0.0175438596491228,0.2105263157894736,False,False,True
1jta,361,sample_1,0.8034384610109065,4.09038589964953,69.21,0.149584487534626,0.3767313019390582,0.4736842105263157,False,False,False
2bkm,128,sample_5,0.8681601727878716,2.2487317432792056,83.49,0.65625,0.0,0.34375,False,False,True
2i4f,100,sample_4,0.976947361032376,0.4729285212674151,94.02,0.49,0.24,0.27,True,True,True
1fnn,103,sample_7,0.9807856477006756,0.4466292158075742,91.69,0.6310679611650486,0.116504854368932,0.2524271844660194,True,True,True
1vk3,165,sample_4,0.6933129938642171,8.990643104806777,81.15,0.4909090909090909,0.2666666666666666,0.2424242424242424,False,False,True
5p9j,263,sample_8,0.5228955565057386,9.843239142168448,49.78,0.4220532319391635,0.0798479087452471,0.4980988593155893,False,False,False
5g5e,137,sample_6,0.8260153643418543,2.007678425583068,75.17,0.7226277372262774,0.0,0.2773722627737226,False,False,True
3lf6,154,sample_2,0.6386739429315721,6.076857974325188,63.11,0.4805194805194805,0.2077922077922078,0.3116883116883117,False,False,False
7jv7,304,sample_1,0.3239283858571878,17.381739802376533,37.93,0.3157894736842105,0.1414473684210526,0.5427631578947368,False,False,False
1u84,81,sample_7,0.967982225808729,0.4987542674078098,93.23,0.7777777777777778,0.0,0.2222222222222222,True,True,True
5gvy,145,sample_3,0.5994875152546562,6.236903102240608,44.09,0.0,0.3655172413793103,0.6344827586206897,False,False,False
1fm0,81,sample_7,0.9567874626014616,0.7465835314251494,94.21,0.2839506172839506,0.2839506172839506,0.4320987654320987,True,True,True
3bpv,137,sample_3,0.9144420652253124,1.203590743913638,92.2,0.7299270072992701,0.0875912408759124,0.1824817518248175,True,True,True
1kbe,48,sample_6,0.5243098057456416,2.7596906801765235,72.71,0.0833333333333333,0.3125,0.6041666666666666,False,False,True
1pa7,130,sample_6,0.7391781223331403,4.392542396273573,77.82,0.5384615384615384,0.0,0.4615384615384615,False,False,True
1qqr,138,sample_2,0.9474332928734084,0.8958641927704761,89.44,0.108695652173913,0.4710144927536231,0.4202898550724637,True,True,True
1qyp,53,sample_2,0.7108234650372385,2.117733795545986,84.07,0.0754716981132075,0.3773584905660377,0.5471698113207547,False,False,True
2x4k,61,sample_5,0.8095142567613731,2.1783307573327813,84.6,0.4754098360655737,0.2622950819672131,0.2622950819672131,False,False,True
